# Blender 5.2.0 LTS
# www.blender.org
mtllib cave_v3_SCULPTED.mtl
o Sphere
v -0.727785 6.664010 -5.504038
v 0.028226 3.254345 -7.505672
v 0.028690 1.650306 -8.005642
v -0.583672 7.745871 -4.928687
v -0.012034 6.793737 -5.623101
v 0.513092 5.912628 -6.463088
v 1.060461 4.760930 -7.073692
v 1.348289 3.281325 -7.521219
v 1.405500 1.652307 -7.878530
v 1.539301 0.099298 -8.409355
v -0.087986 7.783215 -4.827999
v 0.742151 6.909402 -5.607989
v 1.572106 6.147288 -6.594294
v 2.375130 4.833884 -6.855495
v 2.667431 3.292367 -7.293217
v 2.780391 1.676027 -7.467946
v 0.367539 7.794477 -4.648706
v 1.466352 6.950748 -5.375460
v 2.571880 6.129812 -6.099151
v 3.562738 4.791575 -6.179888
v 3.919233 3.254391 -6.797700
v 4.193272 1.675474 -7.254545
v 0.769355 7.780357 -4.390667
v 2.085483 6.894768 -4.967873
v 3.359746 5.996871 -5.376883
v 4.536428 4.752427 -5.417052
v 5.049726 3.241504 -6.024614
v 5.070056 1.530723 -6.117585
v 1.114642 7.764307 -4.060151
v 2.555526 6.701617 -4.455794
v 3.970672 5.813589 -4.549909
v 5.243517 4.680181 -4.597088
v 5.925126 3.196149 -4.979558
v 5.922130 1.465218 -4.965253
v 1.410697 7.772017 -3.666392
v 2.816201 6.314128 -3.868017
v 4.494242 5.705896 -3.720984
v 5.800658 4.599504 -3.631949
v 6.637866 3.176941 -3.834113
v 6.803555 1.541376 -3.922876
v 1.651098 7.803451 -3.213894
v 3.002961 5.942011 -3.249362
v 5.003864 5.807322 -2.846019
v 6.276754 4.575865 -2.552589
v 7.154462 3.182033 -2.613574
v 7.414586 1.571625 -2.696058
v 8.054139 0.067620 -2.946574
v 1.798719 7.838215 -2.710709
v 3.398308 5.906026 -2.549494
v 5.503790 6.142961 -1.898788
v 6.687454 4.562201 -1.298598
v 7.542697 3.206127 -1.329371
v 7.766457 1.561572 -1.374771
v 8.539416 0.199671 -1.598704
v 1.852757 7.872662 -2.186649
v 3.754618 6.086043 -1.730906
v 5.509043 6.066724 -0.828100
v 6.957871 4.580126 -0.000362
v 7.987201 3.324874 0.007343
v 7.734228 1.529112 -0.001206
v 1.825155 7.909826 -1.659782
v 3.901107 6.738142 -0.811647
v 5.375737 6.015347 0.216927
v 6.886073 4.596961 1.210980
v 8.009723 3.368918 1.412331
v 7.755877 1.636187 1.415129
v 1.715405 7.949792 -1.143693
v 3.714096 7.076363 0.037752
v 5.110245 6.010335 1.209026
v 6.436935 4.449749 2.319175
v 7.642788 3.368918 2.781748
v 7.666207 1.693921 2.851173
v 8.065207 0.117277 2.962883
v 1.515454 7.988674 -0.655673
v 3.315336 7.061258 0.763388
v 4.667777 5.998643 2.144510
v 5.731393 4.212443 3.287087
v 7.030725 3.355323 4.057950
v 7.003789 1.639920 4.052241
v 7.482677 0.167740 4.472191
v 1.226106 8.017165 -0.216799
v 2.785366 6.899938 1.359938
v 3.941566 5.692380 2.890863
v 5.046475 4.265050 4.250781
v 6.108112 3.260296 5.112420
v 6.034213 1.604411 5.066078
v 6.701686 0.159694 5.476664
v 0.860050 8.016335 0.145159
v 2.199518 6.723489 1.846222
v 3.303844 5.724042 3.638192
v 4.409480 4.604528 5.314186
v 5.044011 3.218230 6.019454
v 5.125476 1.637531 6.122386
v 5.508855 0.140233 6.536304
v 0.434930 7.967500 0.404454
v 1.561800 6.619277 2.237264
v 2.507329 5.627952 4.132741
v 3.491341 4.638309 6.035979
v 3.987211 3.324239 6.904637
v 4.037571 1.681260 7.048271
v -0.032871 7.871451 0.553185
v 0.855081 6.594333 2.529486
v 1.600037 5.479558 4.429807
v 2.277430 4.469071 6.182622
v 2.645381 3.229742 7.230195
v 2.843108 1.683461 7.895229
v -0.530040 7.750823 0.604146
v 0.097433 6.539864 2.646135
v 0.617802 5.388411 4.571745
v 1.146428 4.317908 6.343150
v -1.046137 7.637992 0.582781
v -0.674331 6.443822 2.612490
v -0.388445 5.371209 4.630753
v -0.032295 4.225751 6.650289
v -1.572876 7.560971 0.513350
v -1.442543 6.467331 2.509636
v -1.376356 5.431058 4.600468
v -1.235880 4.320390 6.680774
v -1.263219 3.218254 7.388490
v -1.341188 1.546399 7.578807
v -2.101584 7.544975 0.411143
v -2.172168 6.543082 2.352362
v -2.299789 5.555569 4.399535
v -2.397823 4.500684 6.549520
v -2.573181 3.233068 7.140961
v -2.831446 1.607715 7.682778
v -2.602642 7.621156 0.277760
v -2.852345 6.631315 2.094184
v -3.161032 5.645886 4.020463
v -3.483552 4.557065 5.754637
v -3.727571 3.126870 6.470668
v -4.182001 1.635451 7.252062
v -3.009732 7.702103 0.070526
v -3.460065 6.707651 1.718325
v -3.943927 5.660090 3.389953
v -4.458287 4.516268 4.866827
v -4.898309 3.147435 5.733025
v -5.363828 1.635083 6.365673
v -3.289472 7.727890 -0.238492
v -3.972523 6.775303 1.251628
v -4.635304 5.708375 2.725247
v -5.365307 4.574601 4.079763
v -5.935581 3.190984 4.847209
v -6.597702 1.711215 5.532668
v -3.397401 7.689134 -0.626385
v -4.276374 6.748659 0.671828
v -5.149513 5.733744 1.970082
v -5.964243 4.551517 3.048222
v -6.730365 3.205450 3.783717
v -7.477479 1.717460 4.317122
v -3.316416 7.557834 -1.045484
v -4.340009 6.618967 0.007746
v -5.428436 5.677429 1.085985
v -6.351383 4.508494 1.972482
v -7.251604 3.180750 2.543699
v -8.102689 1.715084 2.948539
v -8.110363 0.000000 3.358630
v -3.150484 7.372660 -1.475029
v -4.235165 6.430045 -0.683977
v -5.405474 5.498852 0.099344
v -6.550802 4.481855 0.898453
v -7.590246 3.177848 1.266752
v -8.490796 1.715860 1.497774
v -8.579597 -0.001913 1.516173
v -2.986107 7.194367 -1.908190
v -4.052202 6.231183 -1.370576
v -5.250608 5.329653 -0.851899
v -6.522105 4.414776 -0.283502
v -7.665219 3.168746 -0.047814
v -8.478636 1.699000 0.005816
v -2.856901 7.060579 -2.340377
v -3.860058 6.077467 -2.034369
v -5.009046 5.181426 -1.746187
v -6.315474 4.332283 -1.429521
v -7.571512 3.174212 -1.334374
v -8.207489 1.654604 -1.442889
v -2.791641 7.041837 -2.771251
v -3.699650 6.021067 -2.662500
v -4.778677 5.142017 -2.595707
v -6.025204 4.319074 -2.530471
v -7.122723 3.146656 -2.605673
v -7.803315 1.641822 -2.839693
v -2.747573 7.145777 -3.207912
v -3.531577 6.055995 -3.239847
v -4.525493 5.202515 -3.393082
v -5.689603 4.388205 -3.611989
v -6.640759 3.186860 -3.885144
v -7.323227 1.695319 -4.236244
v -2.676187 7.309198 -3.642968
v -3.312901 6.179573 -3.764964
v -4.151338 5.289462 -4.110071
v -5.202984 4.486691 -4.608352
v -5.947812 3.225029 -5.003278
v -6.581513 1.702703 -5.522156
v -6.509452 0.189142 -5.686482
v -2.554922 7.490251 -4.065274
v -3.002019 6.340612 -4.253462
v -3.619966 5.375188 -4.711123
v -4.390166 4.481616 -5.359744
v -4.859293 3.177373 -5.762491
v -5.397533 1.667280 -6.404284
v -2.359864 7.656054 -4.457129
v -2.569015 6.481753 -4.698533
v -2.943865 5.455674 -5.225834
v -3.410169 4.463040 -5.933506
v -3.770195 3.216352 -6.538062
v -4.094002 1.620745 -7.103742
v -4.263586 0.132293 -7.663013
v -2.052985 7.760209 -4.778320
v -1.978664 6.539327 -5.061071
v -2.145777 5.514678 -5.658883
v -2.355210 4.470414 -6.362719
v -2.460871 3.195156 -6.933374
v -2.662899 1.559571 -7.518333
v -2.857630 0.165896 -8.257374
v -1.607859 7.752562 -4.948959
v -1.369323 6.574771 -5.323255
v -1.312282 5.581100 -5.981688
v -1.302754 4.546276 -6.733648
v -1.261290 3.230640 -7.298362
v -1.358051 1.632098 -7.936423
v -1.098244 7.712567 -4.964742
v -0.440803 5.699408 -6.224258
v -0.183510 4.654123 -6.989701
v -0.151976 0.159345 -8.734936
v 1.357100 3.093327 7.373513
v -0.035449 3.110924 7.427695
v 2.193291 -0.009411 8.426580
v -0.813262 -0.031582 8.318793
v 2.651975 1.744019 7.972445
v -1.195025 1.621407 7.657582
v -1.236499 1.288270 7.620554
v -1.216394 0.913366 7.675745
v -1.120755 0.556670 7.834556
v -0.954930 0.230167 8.085688
v 0.644068 3.203871 7.236184
v 0.275110 3.177039 7.290277
v 1.019971 3.178601 7.280254
v 2.506037 2.150214 7.788514
v 2.304867 2.463906 7.639119
v 2.048986 2.733886 7.526185
v 1.741111 2.947794 7.442369
v 2.384283 0.282470 8.294488
v 2.558429 0.632647 8.162395
v 2.667085 1.017400 8.080379
v 2.696136 1.414181 8.026093
v -0.407900 2.973816 7.601833
v -0.694396 2.759080 7.738212
v -0.915474 2.447555 7.763113
v -1.080577 2.075542 7.721044
v 0.036630 2.465199 -7.726386
v -0.294724 7.263554 -5.262503
v 0.258620 6.339285 -6.019730
v 0.811059 5.410453 -6.834230
v 1.237568 4.041728 -7.290317
v 1.398805 2.491319 -7.756707
v 1.415677 0.797174 -8.070505
v 0.727344 1.652411 -7.976158
v 0.686714 3.266945 -7.541253
v -0.377699 6.725422 -5.573103
v 0.326096 7.341087 -5.205424
v 1.159326 6.497564 -6.057836
v 2.050970 5.554937 -6.773015
v 2.541016 4.064990 -7.050876
v 2.765792 2.510047 -7.503488
v 2.794926 0.796586 -7.575421
v 2.008930 3.291608 -7.432642
v 1.716387 4.809309 -7.023137
v 2.054184 1.657838 -7.583447
v -0.331865 7.766849 -4.887859
v 0.363470 6.859437 -5.641028
v 1.023508 6.067836 -6.600335
v 0.912493 7.367226 -5.004280
v 2.030742 6.550354 -5.766406
v 3.120470 5.552826 -6.270222
v 3.697291 3.970098 -6.421778
v 4.082449 2.493527 -7.066595
v 4.206045 0.796015 -7.308525
v 0.145776 7.792665 -4.748348
v 1.112836 6.939820 -5.516751
v 2.086095 6.157039 -6.379305
v 3.009350 4.827951 -6.530477
v 3.309560 3.278718 -7.090118
v 3.528658 1.689799 -7.450676
v 1.420432 7.328536 -4.676726
v 2.742841 6.477505 -5.223204
v 3.979510 5.447791 -5.470113
v 4.709668 3.916352 -5.611543
v 5.126253 2.455119 -6.139506
v 5.076861 0.580762 -6.156815
v 4.489517 3.241405 -6.420025
v 4.053131 4.772008 -5.792662
v 4.695415 1.625767 -6.770452
v 4.926952 0.096708 -7.046967
v 0.575713 7.789551 -4.529294
v 1.792820 6.937521 -5.189199
v 3.001411 6.085041 -5.763878
v 1.821758 7.215435 -4.257263
v 3.257833 6.266395 -4.526419
v 4.654931 5.293156 -4.563715
v 5.622871 3.932724 -4.713538
v 5.949914 2.389416 -4.993239
v 5.997280 0.452923 -5.013856
v 2.340745 6.817939 -4.720491
v 0.948672 7.770613 -4.233898
v 3.671160 5.894157 -4.958379
v 4.911251 4.722849 -5.014424
v 5.489096 3.217736 -5.496886
v 5.443386 1.468578 -5.472899
v 6.119687 -0.270746 -5.607114
v 2.102025 7.030000 -3.768551
v 3.672482 6.056352 -3.802149
v 5.204263 5.203106 -3.647417
v 6.295590 3.929899 -3.691146
v 6.711208 2.367282 -3.876770
v 6.946035 0.599400 -3.999087
v 6.379375 1.510502 -4.457916
v 6.277436 3.181934 -4.400755
v 7.226533 -0.070614 -4.506413
v 1.268463 7.764458 -3.870627
v 2.715008 6.532096 -4.170583
v 4.244254 5.749550 -4.140420
v 5.530986 4.635620 -4.128176
v 2.330042 6.880117 -3.227837
v 4.105452 6.032456 -3.039164
v 5.676404 5.213708 -2.640785
v 6.778281 3.907375 -2.561274
v 7.299082 2.363392 -2.658438
v 7.536583 0.689417 -2.753743
v 4.734951 5.706685 -3.288110
v 2.881502 6.081096 -3.558839
v 6.046537 4.577942 -3.107215
v 6.910494 3.181261 -3.225042
v 7.117178 1.561821 -3.315850
v 1.540195 7.785916 -3.447917
v 2.595296 6.882589 -2.624463
v 4.712142 6.401736 -2.167726
v 5.916228 5.181130 -1.526249
v 7.230212 3.940170 -1.307680
v 7.691458 2.393807 -1.352329
v 7.935616 0.754008 -1.400412
v 7.609677 1.574783 -2.038872
v 1.737507 7.821124 -2.966600
v 3.149961 5.846053 -2.922084
v 5.343031 6.086559 -2.401435
v 6.494700 4.582390 -1.954417
v 7.352314 3.188041 -1.979891
v 2.800124 6.999331 -1.955181
v 4.986312 6.675700 -1.234374
v 5.965212 5.102140 -0.409245
v 7.611503 4.039742 0.001465
v 7.985285 2.451688 0.011936
v 7.845213 0.686441 -0.007724
v 5.508170 6.107829 -1.361548
v 3.585305 5.989138 -2.150037
v 6.838391 4.548767 -0.606140
v 7.747127 3.250828 -0.665585
v 7.764756 1.537585 -0.689406
v 1.836514 7.855224 -2.449888
v 2.858344 7.294460 -1.241108
v 4.935189 6.753294 -0.270762
v 5.918772 5.110018 0.676826
v 7.521999 4.050572 1.325346
v 8.135070 2.526585 1.444052
v 7.589130 0.750548 1.376949
v 8.402816 0.083519 0.666750
v 7.690624 1.569862 0.694547
v 1.848816 7.890830 -1.922779
v 3.848726 6.258515 -1.295003
v 5.439739 6.040721 -0.301422
v 6.926025 4.589478 0.604097
v 8.061284 3.366582 0.706206
v 2.730052 7.491327 -0.555927
v 4.661094 6.740640 0.658155
v 5.636753 5.095738 1.700075
v 7.113450 3.986378 2.581883
v 7.781788 2.539069 2.845804
v 7.575061 0.818838 2.836687
v 6.688426 4.557298 1.781895
v 5.242351 6.010554 0.714452
v 7.826255 3.368918 2.097039
v 7.739040 1.684806 2.138660
v 1.781101 7.929592 -1.399403
v 3.830009 6.984062 -0.370467
v 2.456575 7.517363 0.059601
v 4.035630 6.564476 1.455041
v 5.062559 4.914726 2.625909
v 6.396217 3.818872 3.677040
v 7.125444 2.517853 4.116932
v 7.093914 0.791225 4.091903
v 1.626975 7.969786 -0.894963
v 3.534538 7.090962 0.415030
v 4.903369 6.027462 1.680817
v 6.062293 4.307652 2.797518
v 7.341497 3.367165 3.423277
v 7.390558 1.674042 3.485533
v 2.067819 7.454340 0.587725
v 3.366715 6.319493 2.122372
v 4.480680 4.900302 3.619749
v 5.500423 3.739362 4.596244
v 6.286350 2.509657 5.277230
v 6.008358 0.747621 5.036123
v 5.365131 4.198371 3.751099
v 4.305868 5.869256 2.534964
v 6.582871 3.315722 4.604012
v 6.489851 1.614023 4.541759
v 1.381383 8.005152 -0.428521
v 3.061296 6.992539 1.077163
v 1.588082 7.359723 1.021489
v 2.738111 6.217894 2.726299
v 3.878644 5.209630 4.545138
v 4.610749 3.832298 5.533761
v 5.324849 2.519215 6.350366
v 5.009721 0.754013 5.969819
v 1.051563 8.021861 -0.024341
v 2.496888 6.805808 1.614631
v 3.629221 5.691276 3.280472
v 4.712955 4.421493 4.755601
v 5.533821 3.205024 5.520951
v 5.577198 1.617076 5.584446
v 1.026925 7.308007 1.359099
v 2.021811 6.110656 3.170509
v 3.002688 5.137863 5.097707
v 3.776043 4.013578 6.569371
v 4.055912 2.514138 7.033811
v 3.984752 0.798719 6.964679
v 4.538167 3.282710 6.502600
v 4.010159 4.699780 5.780800
v 4.594603 1.666340 6.588580
v 0.653782 7.998443 0.288651
v 1.886509 6.667578 2.055960
v 2.923538 5.695585 3.914611
v 0.419327 7.240893 1.559004
v 1.222540 5.979444 3.435848
v 1.968499 4.988738 5.378773
v 2.518138 3.902592 6.824940
v 2.707674 2.439596 7.503497
v 2.890225 0.836832 7.971087
v 1.221776 6.580941 2.392240
v 0.205461 7.924388 0.492282
v 2.063356 5.549785 4.301293
v 2.882302 4.555367 6.114345
v 3.311842 3.291983 7.077042
v 3.425693 1.679105 7.433371
v 3.929271 0.065659 7.659500
v -0.215200 7.144687 1.622631
v 0.377015 5.945319 3.594473
v 0.903568 4.840260 5.586506
v 2.747794 1.713565 7.934011
v 2.573297 -0.013339 8.268786
v -0.278499 7.812208 0.589436
v 0.479276 6.581593 2.612720
v 1.111811 5.411089 4.505228
v 1.692797 4.382858 6.253145
v -0.860058 7.047935 1.592053
v -0.512020 5.891627 3.600702
v -0.220913 4.797407 5.663742
v -0.288022 6.487257 2.641540
v -0.786278 7.691498 0.600810
v 0.114859 5.372869 4.608258
v 0.527932 4.338988 6.403239
v -1.505238 7.018084 1.506193
v -1.392409 5.930807 3.525184
v -1.336364 4.861255 5.713640
v -1.264381 3.919473 7.109406
v -1.275516 2.365457 7.530840
v -1.399786 0.741436 7.659714
v -0.658763 3.186102 7.460656
v -1.308650 7.593521 0.552890
v -1.061205 6.437414 2.565382
v -0.888370 5.390459 4.629994
v -0.641986 4.269661 6.648583
v -2.132712 7.049591 1.374205
v -2.222251 6.031648 3.355061
v -2.365406 5.033239 5.484980
v -2.549472 3.977750 7.000643
v -2.623475 2.360150 7.255861
v -2.953935 0.831551 8.013312
v -1.844375 5.493160 4.514816
v -1.812628 6.503297 2.440369
v -1.802583 4.379735 6.596757
v -1.904299 3.231374 7.237880
v -2.042466 1.533129 7.441098
v -2.332639 -0.002448 8.289482
v -1.837735 7.543404 0.465754
v -2.720952 7.128602 1.177441
v -2.998780 6.134240 3.038110
v -3.312529 5.099858 4.902156
v -3.669116 3.949918 6.379959
v -3.901315 2.360701 6.768690
v -4.359301 0.858665 7.550544
v -3.918220 0.014243 7.846616
v -3.551272 1.659021 7.629004
v -2.360759 7.572072 0.350028
v -2.520487 6.587998 2.238820
v -2.740867 5.613455 4.241034
v -2.990034 4.659083 6.389843
v -3.167345 3.185708 6.842708
v -3.235572 7.213365 0.892655
v -3.695420 6.190107 2.552913
v -4.197759 5.100260 4.189170
v -4.723130 3.896762 5.473111
v -5.116173 2.393199 6.031567
v -5.603796 0.858456 6.678306
v -3.558428 5.651467 3.728308
v -3.165604 6.670349 1.919096
v -3.970055 4.515408 5.283596
v -4.325775 3.133440 6.132669
v -4.759119 1.624122 6.788741
v -5.030210 0.000000 7.183884
v -2.819475 7.667262 0.185693
v -3.627640 7.253737 0.503714
v -4.299002 6.251236 1.993988
v -4.990900 5.151053 3.430134
v -5.696262 3.931466 4.558583
v -6.229243 2.447670 5.158838
v -6.679009 0.858730 5.604352
v -5.929989 0.000000 6.472528
v -5.973233 1.666183 5.949005
v -3.168430 7.722534 -0.070934
v -3.731705 6.743974 1.496007
v -4.307656 5.683244 3.067204
v -4.931796 4.542986 4.476071
v -5.441133 3.171078 5.307697
v -3.837613 7.219800 0.020260
v -4.738566 6.278018 1.338243
v -5.554445 5.156215 2.540313
v -6.366014 3.907040 3.470169
v -7.100699 2.475689 4.062159
v -7.550725 0.858730 4.359411
v -5.704946 4.575867 3.591725
v -4.916764 5.726242 2.358379
v -6.364470 3.202833 4.337347
v -7.045849 1.717460 4.933554
v -7.183885 0.000000 5.030210
v -3.368065 7.718303 -0.425963
v -4.160779 6.781090 0.977111
v -3.835742 7.096046 -0.519177
v -4.865188 6.144404 0.541353
v -5.911457 5.124950 1.596308
v -6.798016 3.859248 2.282143
v -7.697746 2.470729 2.768965
v -8.193016 0.858730 2.982012
v -3.376272 7.634984 -0.833969
v -4.334374 6.693623 0.346485
v -5.328308 5.725121 1.556943
v -6.178254 4.527936 2.506929
v -7.021146 3.195375 3.178608
v -7.795509 1.717460 3.635103
v -3.690800 6.902817 -1.078217
v -4.797506 5.956654 -0.292241
v -6.009002 5.020561 0.507899
v -7.053120 3.836898 1.094727
v -8.112876 2.488067 1.412947
v -8.510671 0.851271 1.508030
v -7.440188 3.174970 1.906047
v -6.477321 4.492069 1.438666
v -8.288074 1.711174 2.219447
v -3.236540 7.467247 -1.259479
v -4.302617 6.528977 -0.337390
v -5.431821 5.584298 0.589173
v -3.513372 6.710002 -1.637878
v -4.617132 5.761690 -1.109480
v -5.919532 4.903823 -0.567149
v -7.077693 3.813063 -0.121573
v -8.253991 2.500227 -0.004956
v -8.416800 0.825988 0.000803
v -3.065564 7.280216 -1.691458
v -4.148995 6.328800 -1.029125
v -5.348649 5.417528 -0.381625
v -6.554260 4.453576 0.310734
v -7.649013 3.170513 0.606762
v -8.507100 1.711326 0.747804
v -3.351424 6.563574 -2.185706
v -4.391500 5.601199 -1.889883
v -5.678385 4.781630 -1.591303
v -6.941605 3.839620 -1.276353
v -8.144249 2.503508 -1.433641
v -8.350207 0.811628 -1.474140
v -7.640645 3.177480 -0.684969
v -6.432583 4.366731 -0.866202
v -8.329067 1.678564 -0.723307
v -8.686719 -0.002003 -1.078017
v -2.915164 7.119000 -2.124701
v -3.952930 6.144389 -1.706183
v -5.129603 5.244715 -1.304781
v -3.230993 6.507384 -2.712351
v -4.215958 5.571686 -2.623527
v -5.400352 4.742028 -2.565056
v -6.629571 3.851075 -2.492836
v -7.712911 2.479135 -2.805339
v -7.954667 0.803478 -2.889792
v -3.777511 6.036828 -2.353621
v -2.816909 7.032328 -2.555210
v -4.889510 5.143972 -2.178048
v -6.175680 4.315902 -1.982944
v -7.339763 3.158550 -1.970146
v -7.994441 1.640207 -2.139195
v -3.134733 6.588157 -3.217459
v -4.005114 5.621070 -3.304864
v -5.094227 4.797820 -3.500216
v -6.260294 3.920666 -3.714989
v -7.167306 2.499916 -4.146238
v -7.233339 0.818152 -4.177133
v -7.540243 1.666468 -3.521517
v -6.838838 3.150669 -3.224401
v -2.770991 7.082778 -2.989137
v -3.619317 6.027330 -2.958720
v -4.662488 5.165880 -3.001064
v -5.862438 4.342945 -3.074262
v -2.990309 6.737733 -3.697531
v -3.696328 5.706540 -3.907066
v -4.656869 4.886850 -4.345178
v -5.722959 4.016613 -4.860118
v -6.229409 2.446651 -5.218876
v -6.478386 0.833156 -5.439987
v -3.431741 6.108929 -3.507327
v -2.716923 7.223159 -3.426290
v -4.357865 5.245668 -3.765160
v -5.481179 4.444959 -4.131364
v -6.350762 3.230785 -4.489544
v -6.992762 1.710345 -4.900598
v -2.773518 6.910280 -4.152210
v -3.267585 5.813227 -4.415228
v -4.000359 4.937297 -5.027524
v -4.732078 3.957147 -5.671586
v -5.036534 2.369325 -5.967269
v -5.387493 0.823103 -6.414351
v -6.004109 1.683017 -5.999457
v -5.379036 3.188305 -5.366941
v -2.623044 7.399505 -3.856546
v -3.170663 6.259416 -4.014213
v -3.903746 5.331902 -4.424145
v -4.826355 4.492464 -5.011932
v -2.458740 7.064264 -4.570773
v -2.720481 5.935062 -4.889688
v -3.176784 4.969059 -5.573639
v -3.624685 3.913482 -6.294052
v -3.805932 2.349993 -6.597641
v -4.254025 0.825508 -7.386442
v -3.301617 5.418526 -4.977245
v -2.803285 6.417213 -4.481903
v -3.917866 4.471728 -5.667641
v -4.348469 3.211029 -6.174448
v -4.716614 1.642733 -6.709663
v -2.468585 7.577400 -4.266692
v -2.016653 7.148149 -4.915737
v -2.037935 6.013530 -5.328091
v -2.254676 5.005054 -6.008742
v -2.434129 3.890969 -6.698847
v -2.450597 2.368014 -7.071103
v -2.799533 0.751254 -7.809575
v -3.369709 1.579036 -7.295928
v -2.223441 7.719801 -4.630819
v -2.292637 6.524956 -4.894847
v -2.553812 5.487093 -5.455161
v -2.882272 4.459523 -6.157804
v -3.085766 3.200905 -6.733045
v -1.468291 7.132629 -5.105918
v -1.328381 6.073251 -5.629889
v -1.307892 5.079728 -6.358638
v -1.283089 3.953981 -7.073221
v -1.298006 2.472322 -7.556489
v -1.428407 0.795410 -8.265003
v -1.831303 4.500401 -6.556266
v -1.731072 5.543712 -5.833181
v -1.865781 3.210834 -7.129794
v -1.999494 1.592170 -7.745169
v -1.844982 7.769660 -4.886340
v -1.668124 6.548288 -5.202307
v -0.316294 5.214948 -6.631788
v -1.354784 7.724600 -4.968681
v -0.884435 5.631789 -6.109767
v -0.758721 4.603014 -6.886028
v -0.902313 7.170792 -5.207314
v -0.574721 6.175377 -5.843779
v -0.055539 3.993883 -7.268371
v 0.008852 0.823409 -8.409465
v -0.840372 7.724792 -4.952905
v 0.024613 5.789873 -6.336470
v 0.423017 4.706520 -7.052501
v -1.058292 6.613865 -5.421752
v -0.624150 3.243174 -7.416794
v -0.665902 1.643354 -7.941118
v 1.464220 3.746371 6.889003
v -1.135301 -0.048770 8.174603
v -1.267533 1.583268 7.614845
v -1.214998 1.453641 7.632282
v -1.226745 1.100789 7.639252
v -1.168852 0.735473 7.746214
v -1.037568 0.393639 7.952244
v -0.884167 0.099641 8.201637
v 0.459167 3.187752 7.257315
v 1.183802 3.140253 7.328030
v 0.831062 3.188956 7.254382
v 2.404823 2.308051 7.715863
v 2.176937 2.599617 7.584853
v 1.895365 2.841721 7.487122
v 2.289343 0.136637 8.361507
v 2.470662 0.457295 8.225938
v 2.613856 0.824802 8.120948
v 2.683173 1.217288 8.056619
v 2.675401 1.580661 8.004021
v -0.221224 3.042922 7.515333
v -0.553298 2.872885 7.689447
v -0.806243 2.608428 7.770371
v -0.997529 2.263297 7.753974
v 1.978190 3.301426 7.227530
v -0.023195 3.807241 6.986118
v 0.120039 3.141880 7.353299
v 2.581044 1.950103 7.891126
v 1.545137 3.026245 7.412416
v -1.137478 1.847910 7.695607
v -0.634782 3.871078 7.032833
v -0.719877 0.811226 -8.315105
v -0.635967 2.466047 -7.628864
v -0.679321 3.974020 -7.190492
v -0.821403 5.138436 -6.503742
v -0.960360 6.117390 -5.743805
v -1.186825 7.136894 -5.156872
v -1.684881 6.040264 -5.493926
v -1.751987 7.150320 -5.035524
v -2.094650 0.763878 -8.026141
v -1.882592 2.435903 -7.352818
v -1.863141 3.918703 -6.898668
v -1.783836 5.036021 -6.193864
v -3.078607 2.330578 -6.770786
v -3.019644 3.891373 -6.500197
v -2.720976 4.984118 -5.802801
v -2.389263 5.981952 -5.123178
v -2.254207 7.118411 -4.756490
v -3.558357 0.796417 -7.645195
v -2.630490 6.992550 -4.367361
v -4.792960 0.819382 -6.858394
v -4.452144 2.376115 -6.301370
v -4.196115 3.934386 -6.011945
v -3.607384 4.954581 -5.315595
v -3.011539 5.876262 -4.650841
v -5.250874 3.994187 -5.295383
v -4.353009 4.916229 -4.706374
v -3.495400 5.756151 -4.170685
v -2.892240 6.823578 -3.928318
v -5.955106 0.832267 -5.948930
v -5.583040 2.383024 -5.562284
v -6.849876 0.827133 -4.803332
v -6.750815 2.498347 -4.731220
v -6.038005 3.983699 -4.310553
v -4.901344 4.845051 -3.939689
v -3.866020 5.661454 -3.618120
v -3.070448 6.657815 -3.460779
v -6.436220 3.871952 -3.102104
v -5.254210 4.759756 -3.039093
v -4.119301 5.589547 -2.971838
v -3.185714 6.533950 -2.967303
v -7.577207 0.808169 -3.528198
v -7.424603 2.482680 -3.465312
v -8.178904 0.807200 -2.190321
v -7.920801 2.489493 -2.120167
v -6.791619 3.839457 -1.887027
v -5.540197 4.748699 -2.082362
v -4.302404 5.572326 -2.262633
v -3.284691 6.519856 -2.452246
v -5.805866 4.834794 -1.086533
v -4.500810 5.669657 -1.504993
v -3.428485 6.628573 -1.913864
v -8.371410 0.818765 -0.735205
v -8.249244 2.516039 -0.720079
v -7.020655 3.830116 -0.674918
v -8.434270 0.837080 0.746426
v -8.214601 2.498151 0.709917
v -7.086215 3.820930 0.478458
v -5.997309 4.972805 -0.034062
v -4.719604 5.859703 -0.704281
v -3.602196 6.802946 -1.358869
v -5.991308 5.078769 1.068604
v -4.848001 6.052206 0.124187
v -3.772804 7.003628 -0.797663
v -8.386522 0.858417 2.247718
v -7.909087 2.470568 2.088107
v -6.952578 3.846814 1.692563
v -7.871871 0.858730 3.670712
v -7.437522 2.480145 3.440246
v -6.600471 3.878731 2.872893
v -5.758359 5.145350 2.074359
v -4.838115 6.227327 0.951104
v -3.862247 7.169983 -0.245227
v -4.545027 6.273637 1.682530
v -3.758127 7.246810 0.271731
v -7.114867 0.858730 4.981882
v -6.690571 2.464828 4.631431
v -6.072918 3.929440 4.043589
v -5.300651 5.159289 2.995335
v -5.688388 2.418892 5.610651
v -5.254038 3.928871 5.047011
v -4.624329 5.131823 3.844201
v -4.012267 6.220618 2.281108
v -3.452361 7.242352 0.712447
v -6.141630 0.858706 6.141623
v -2.988859 7.173152 1.046536
v -4.980977 0.858256 7.113605
v -4.521669 2.375527 6.425328
v -4.177358 3.895866 5.929150
v -3.757770 5.090432 4.535970
v -3.355697 6.162804 2.811556
v -3.269811 2.365772 7.065556
v -3.128776 3.997689 6.739504
v -2.852944 5.105305 5.267824
v -2.621593 6.091793 3.220845
v -2.434181 7.084471 1.285692
v -3.670433 0.858523 7.871258
v -1.822158 7.027664 1.446772
v -2.149201 0.759039 7.669274
v -1.915407 2.333933 7.265632
v -1.897507 3.935239 7.054677
v -1.855578 4.941185 5.616914
v -1.813346 5.977979 3.452135
v -0.784336 4.818849 5.698903
v -0.956713 5.898629 3.572894
v -1.183633 7.022681 1.554406
v 0.344200 4.795324 5.628990
v -0.065893 5.910928 3.609232
v -0.536949 7.091975 1.616003
v 1.914195 3.827248 6.841479
v 1.437239 4.911343 5.484012
v 0.810156 5.974565 3.540555
v 0.104011 7.196983 1.605998
v 3.453398 0.821020 7.461003
v 3.336432 2.467887 7.197433
v 3.191091 4.006394 6.806151
v 2.494205 5.064210 5.256429
v 1.621755 6.022602 3.311349
v 0.728560 7.274321 1.475954
v 3.459178 5.192836 4.846479
v 2.395331 6.178800 2.975375
v 1.314820 7.333215 1.205935
v 4.482007 0.773539 6.431778
v 4.729652 2.531010 6.755638
v 4.194523 3.933204 6.056667
v 5.508334 0.748438 5.502966
v 5.807751 2.515506 5.811689
v 5.014187 3.757529 5.013547
v 4.208008 5.084639 4.134335
v 3.053359 6.250922 2.433578
v 1.838662 7.404224 0.815253
v 3.698569 6.444000 1.801180
v 2.274830 7.494881 0.335761
v 6.515422 0.763198 4.548676
v 6.695719 2.510137 4.688600
v 5.945746 3.765439 4.144013
v 4.740407 4.856236 3.093449
v 7.458083 0.817206 3.519721
v 7.452473 2.529860 3.485958
v 6.748075 3.894818 3.133922
v 5.354103 5.023390 2.157668
v 4.353828 6.660576 1.071564
v 2.609179 7.517663 -0.238811
v 4.811796 6.757424 0.196371
v 2.813159 7.423935 -0.890434
v 7.530006 0.795151 2.090870
v 7.991494 2.540993 2.151423
v 7.329860 4.032436 1.961638
v 5.799089 5.124965 1.197233
v 8.079895 2.495498 0.718704
v 7.578720 4.050278 0.662833
v 5.942981 5.105179 0.135245
v 4.971297 6.731688 -0.753269
v 2.849223 7.109858 -1.603875
v 7.672920 0.703239 0.679676
v 2.710590 6.931235 -2.295984
v 7.918091 0.715105 -0.699227
v 7.830222 2.417545 -0.677163
v 7.438116 3.980953 -0.649212
v 5.913557 5.121564 -0.961047
v 4.865543 6.543236 -1.709421
v 7.503992 2.375256 -2.010795
v 7.012720 3.920466 -1.947984
v 5.868193 5.255908 -2.094898
v 4.417835 6.211647 -2.600370
v 2.455666 6.856246 -2.936653
v 7.759547 0.746501 -2.082026
v 2.211014 6.935834 -3.503793
v 7.234586 0.641321 -3.384627
v 7.006869 2.363993 -3.269756
v 6.541830 3.911029 -3.140560
v 5.446521 5.189512 -3.156117
v 3.865329 5.993633 -3.428654
v 5.987120 3.944070 -4.205229
v 4.943340 5.241527 -4.115758
v 3.476264 6.156952 -4.166758
v 1.976543 7.129537 -4.020624
v 6.499744 0.531726 -4.513512
v 6.335440 2.378537 -4.437771
v 5.472718 0.468888 -5.525467
v 5.511768 2.413852 -5.521804
v 5.163661 3.921645 -5.160868
v 4.325769 5.354305 -5.000161
v 3.015405 6.377692 -4.881980
v 1.635446 7.281596 -4.476367
v 3.594170 5.543412 -5.919990
v 2.413733 6.535032 -5.520437
v 1.178563 7.356773 -4.854274
v 4.671309 0.715730 -6.754986
v 4.640089 2.476405 -6.657890
v 4.192563 3.923117 -5.988249
v 3.541153 0.816532 -7.532394
v 3.451007 2.508687 -7.344488
v 3.152531 4.039029 -6.793566
v 2.589436 5.557152 -6.526818
v 1.605930 6.533749 -5.944350
v 0.626482 7.361416 -5.122291
v 1.439511 5.506842 -6.868536
v 0.702401 6.432807 -6.077076
v 0.016995 7.307464 -5.251359
v 2.069015 0.782099 -7.684353
v 2.074279 2.503117 -7.634162
v 1.893828 4.061630 -7.209907
v 0.584889 4.016348 -7.303620
v 0.221971 5.311316 -6.746465
v -0.168149 6.249708 -5.936095
v -0.603343 7.215698 -5.245440
v 0.741152 0.825356 -8.371933
v 0.717583 2.474937 -7.770411
v -8.595294 0.000000 0.505606
v -8.595294 0.000000 -0.505605
v -7.461565 0.215854 3.518979
v -7.527171 0.124091 2.529046
v -7.587199 0.066579 1.517700
v -7.589064 0.043288 0.505506
v -7.585850 0.026074 -0.505691
v -7.589389 0.016845 -1.516806
v -7.584083 0.110163 -2.528027
v -7.584083 0.192577 -3.539238
v -6.578917 0.250565 5.563202
v -6.558547 0.238506 4.552099
v -6.530445 0.185064 3.534497
v -6.550133 0.135783 2.527960
v -6.573515 0.095285 1.517219
v -6.576332 0.075058 0.505095
v -6.573947 0.051699 -0.505832
v -6.573683 0.055185 -1.516703
v -6.570745 0.105922 -2.527494
v -6.566864 0.148611 -3.537933
v -6.555301 0.162875 -4.547942
v -6.565535 0.374305 -5.556363
v -5.560966 0.240926 6.572618
v -5.563811 0.313722 5.561490
v -5.554386 0.224572 4.550825
v -5.547426 0.166443 3.538915
v -5.557513 0.128193 2.529424
v -5.567444 0.149914 1.516329
v -5.563460 0.129626 0.504090
v -5.562161 0.061579 -0.506039
v -5.566461 0.074682 -1.516342
v -5.560725 0.121014 -2.528296
v -5.556904 0.158909 -3.536968
v -5.552354 0.198358 -4.545208
v -5.551387 0.285356 -5.552121
v -5.555117 0.279938 -6.567737
v -4.547609 0.357950 6.570039
v -4.548919 0.256832 5.561383
v -4.547129 0.182006 4.550889
v -4.546498 0.135829 3.541170
v -4.551478 0.158110 2.533632
v -4.550450 0.119132 1.516817
v -4.550450 0.000000 0.505606
v -4.550466 0.013151 -0.505644
v -4.576256 0.078374 -1.514422
v -4.557696 0.138981 -2.539525
v -4.548347 0.187116 -3.537374
v -4.544065 0.226639 -4.543444
v -4.537330 0.298594 -5.544508
v -4.533414 0.395443 -6.541347
v -3.485565 0.110499 7.420679
v -3.535848 0.227947 6.535233
v -3.538679 0.202601 5.561284
v -3.538425 0.132336 4.550562
v -3.539349 0.054855 3.541390
v -3.538779 0.141635 2.536444
v -3.539239 0.199993 1.516817
v -3.539239 0.000000 0.505606
v -3.539326 0.038862 -0.505258
v -3.632086 0.090874 -1.496205
v -3.546985 0.169603 -2.578963
v -3.539005 0.174393 -3.539646
v -3.534203 0.191509 -4.545631
v -3.529040 0.249923 -5.546695
v -3.527589 0.323122 -6.547711
v -3.528463 0.443266 -7.556146
v -2.514810 0.119432 7.497111
v -2.528215 0.198106 6.566843
v -2.528350 0.150341 5.561502
v -2.528079 0.095415 4.549747
v -2.528718 0.047605 3.537667
v -2.528016 0.011813 2.528239
v -2.528028 0.222438 1.516817
v -2.528028 0.008023 0.505606
v -2.347520 0.074021 -1.350919
v -2.471015 0.227917 -2.760317
v -2.513176 0.156283 -3.582777
v -2.525027 0.145340 -4.552173
v -2.521949 0.200381 -5.551571
v -2.518553 0.257558 -6.549977
v -2.511342 0.343194 -7.546738
v -1.518484 0.120089 7.583311
v -1.517001 0.157879 6.573606
v -1.516950 0.108377 5.561566
v -1.516933 0.064848 4.550105
v -1.516635 0.025463 3.538138
v -1.516817 0.013369 2.528028
v -1.516817 0.245662 1.516817
v -1.516817 0.008456 0.505606
v -1.522114 0.007673 -0.505097
v -1.470097 0.076939 -1.507554
v -1.490880 0.142919 -2.589203
v -1.477474 0.114578 -3.549460
v -1.515471 0.209326 -4.552310
v -1.514323 0.180708 -5.555376
v -1.512528 0.200776 -6.556095
v -1.510204 0.266926 -7.554421
v -0.505504 0.065330 8.593800
v -0.511673 0.132797 7.573781
v -0.507383 0.111700 6.571055
v -0.507054 0.086441 5.561425
v -0.506525 0.056331 4.550700
v -0.506770 0.036537 3.540905
v -0.505606 0.064084 2.528028
v -0.505606 0.181287 1.516817
v -0.505606 0.000000 0.505606
v -0.505966 0.009780 -0.504602
v -0.508949 0.072947 -1.510100
v -0.497858 0.113982 -2.499739
v -0.494610 0.072844 -3.375923
v -0.505344 0.224759 -4.550675
v -0.505150 0.167013 -5.556586
v -0.504768 0.180173 -6.559142
v -0.505160 0.253617 -7.558065
v -0.505605 0.250447 -8.591473
v 0.484236 0.079990 8.442201
v 0.484665 0.153054 7.536886
v 0.496780 0.160252 6.560902
v 0.500981 0.128067 5.559760
v 0.503925 0.093467 4.549660
v 0.505597 0.023083 3.539243
v 0.505605 0.229781 2.528028
v 0.505605 0.046299 1.516817
v 0.505605 0.000000 0.505606
v 0.505605 0.000000 -0.505605
v 0.479921 0.099021 -1.506378
v 0.479643 0.100327 -2.502913
v 0.505590 0.021873 -3.539207
v 0.505632 0.225468 -4.550463
v 0.505245 0.144462 -5.557599
v 0.505195 0.166108 -6.561309
v 0.505971 0.249538 -7.561741
v 0.506228 0.371243 -8.578409
v 1.468020 0.163132 7.570821
v 1.506411 0.194375 6.559010
v 1.513712 0.187586 5.555676
v 1.515356 0.140885 4.548360
v 1.516506 0.145654 3.538810
v 1.516816 0.175400 2.528028
v 1.516816 0.000000 1.516817
v 1.516816 0.002399 -0.505605
v 1.397563 0.124786 -1.491410
v 1.337829 0.082827 -2.413736
v 1.516834 0.069479 -3.539294
v 1.516823 0.186831 -4.550472
v 1.515708 0.116067 -5.558053
v 1.515037 0.147766 -6.563052
v 1.516549 0.190328 -7.573447
v 2.518652 0.192411 7.503906
v 2.512676 0.205648 6.535450
v 2.521461 0.134686 5.552857
v 2.526855 0.083717 4.548921
v 2.527442 0.068185 3.538613
v 2.527986 0.015063 2.527993
v 2.528027 0.000000 1.516817
v 2.528027 0.000000 0.505606
v 2.528027 0.061862 -0.505605
v 2.718296 0.119128 -1.516079
v 2.671649 0.123637 -2.521101
v 2.528779 0.179835 -3.541307
v 2.528370 0.121531 -4.551561
v 2.525309 0.117616 -5.556892
v 2.522619 0.166904 -6.557593
v 2.521520 0.216462 -7.548598
v 3.525973 0.264606 7.503329
v 3.503696 0.231864 6.524893
v 3.513371 0.145847 5.540138
v 3.536831 0.055570 4.549054
v 3.538100 0.052551 3.538596
v 3.538796 0.035245 2.527857
v 3.539072 0.019287 1.516790
v 3.539237 0.001535 0.505606
v 3.539242 0.172071 -0.505605
v 3.597155 0.125979 -1.517011
v 3.568522 0.103018 -2.529412
v 3.540920 0.209108 -3.543197
v 3.537998 0.081689 -4.549834
v 3.533447 0.165745 -5.554781
v 3.528256 0.239272 -6.559378
v 3.519883 0.298813 -7.572107
v 4.504530 0.185725 7.562405
v 4.456760 0.238582 6.492660
v 4.482021 0.219049 5.511893
v 4.532482 0.195683 4.545798
v 4.545880 0.138938 3.538445
v 4.549656 0.057426 2.528008
v 4.550142 0.042357 1.516834
v 4.550412 0.064770 0.505632
v 4.553088 0.147938 -0.505620
v 4.565513 0.095794 -1.516855
v 4.550691 0.007531 -2.528789
v 4.549068 0.143230 -3.538125
v 4.545030 0.207036 -4.544761
v 4.540920 0.279953 -5.549363
v 4.536325 0.357018 -6.545476
v 5.330104 0.318413 6.351024
v 5.415899 0.296847 5.458680
v 5.489371 0.285274 4.545568
v 5.546069 0.291207 3.540303
v 5.558375 0.215237 2.529616
v 5.561720 0.113445 1.517893
v 5.561654 0.013873 0.505606
v 5.561717 0.073272 -0.505285
v 5.562268 0.113772 -1.515614
v 5.559052 0.120881 -2.526411
v 5.558172 0.243930 -3.534275
v 5.556405 0.349545 -4.541502
v 5.554541 0.387771 -5.553231
v 5.550462 0.466346 -6.563385
v 6.309997 0.309786 5.376112
v 6.404490 0.308388 4.584285
v 6.500858 0.323011 3.539864
v 6.555490 0.334606 2.526807
v 6.571514 0.272435 1.519563
v 6.568965 0.214707 0.506820
v 6.562679 0.209787 -0.504452
v 6.558677 0.215958 -1.513574
v 6.545369 0.252217 -2.521261
v 6.562932 0.371382 -3.531660
v 6.570708 0.553568 -4.536582
v 6.577608 0.432328 -5.560444
v 7.419760 0.298830 3.466219
v 7.499654 0.334312 2.497281
v 7.588822 0.357478 1.515634
v 7.578986 0.383921 0.506888
v 7.566985 0.362434 -0.504342
v 7.565949 0.314862 -1.512642
v 7.500052 0.319672 -2.512764
v 7.493293 0.376927 -3.518136
v 8.515431 0.215878 -0.620270
v -5.561114 0.153943 6.810582
v 1.037795 0.043885 -3.539238
v 5.735562 0.374410 -6.650870
v -8.742690 -0.004379 0.167321
v 1.515890 0.010631 -3.155709
v 8.755774 0.358902 0.505452
v 8.743876 0.347047 -0.505191
v -5.828224 0.160692 6.572630
v -0.505606 0.110665 1.199352
v -7.620823 0.261797 4.437187
v -0.505567 0.044533 -3.847272
v -5.495227 0.120199 -6.750584
v 4.443963 0.377466 -7.593458
v -2.528028 0.000000 -0.257249
v -8.043818 0.206907 3.549199
v 2.091324 0.157143 -1.520166
v -8.403005 0.034582 2.528762
v -2.472340 0.141207 -1.974375
v -4.730460 0.076467 7.391112
v 0.951990 0.044549 8.707601
v -2.869476 0.079419 -1.387980
v -1.985170 0.010478 0.505606
v -8.399885 0.028906 -2.523745
v -7.953781 0.052278 -3.605314
v 2.523283 0.235829 -8.395472
v 0.505605 0.000661 1.108083
v -6.576571 0.167265 5.828448
v 1.926473 0.092923 -2.493341
v 0.505607 0.071777 -3.755426
v -6.815104 0.177594 5.563297
v -7.556300 0.255903 4.559009
v -4.190083 0.054210 7.693151
v -8.595294 0.019362 1.802269
v -7.380438 0.054566 -4.539504
v 3.283843 0.061796 -8.038568
v 1.523002 0.000000 0.511791
v -2.591550 0.000721 -0.493552
v -2.773489 0.049382 -1.112167
v -2.683019 0.019848 -0.824294
v -2.601537 0.120773 -1.789354
v -2.734116 0.100920 -1.591873
v 7.602458 0.237538 -4.427431
v 0.646593 0.000000 1.070340
v 1.049330 0.000000 0.882791
v 1.412964 0.000000 0.628005
v -5.657261 0.152371 6.742111
v -1.862943 0.029898 0.627528
v 1.412480 0.010754 -3.275003
v 0.646400 0.069156 -3.716927
v 8.638786 0.387123 1.662344
v -2.430866 0.000000 -0.049701
v -2.177702 0.000008 0.313650
v 8.790301 0.313361 0.000049
v -1.737441 0.137545 -3.337960
v -1.991823 0.165101 -3.131801
v -2.237967 0.196378 -2.936637
v 2.045834 0.150221 -1.847837
v 1.992294 0.128478 -2.171819
v -1.614520 0.160550 -8.626118
v 1.732169 0.039177 -2.862786
v -1.507873 0.090159 0.876320
v -1.096457 0.134320 1.070381
v -0.666983 0.130315 1.185245
v -8.280581 0.087509 3.014945
v -0.667425 0.035191 -3.832385
v -1.084872 0.041036 -3.704075
v 2.281731 0.149934 -0.880498
v 2.203392 0.174235 -1.211656
v -0.224766 0.071438 1.223901
v 0.217468 0.015639 1.185220
v 6.711952 0.321105 -5.681720
v 0.218575 0.077387 -3.830836
v -0.224800 0.064755 -3.871228
v -6.745771 0.168065 5.658214
v 1.726656 0.000000 0.313885
v 1.981685 0.000000 -0.049425
v 2.176389 0.026338 -0.479060
v -0.318047 4.086802 16.539412
v 0.091716 4.123488 16.538980
v 0.448657 3.945411 16.512310
v 0.854614 3.909965 16.542088
v 1.174331 3.647580 16.542088
v 1.380590 3.306334 16.520947
v 1.363296 2.867539 16.441124
v 1.472967 2.504591 16.437450
v 1.581792 2.143418 16.464596
v 1.669407 1.752720 16.512926
v 1.631685 1.348305 16.542088
v 1.436716 0.983543 16.542088
v 1.172940 0.666720 16.540859
v -6.688887 2.909231 21.705561
v -2.240288 2.866905 17.466417
v -6.802045 2.542162 21.592438
v -2.498742 2.543219 17.249691
v -6.824948 2.160774 21.566053
v -2.584376 2.155708 17.169584
v -6.701562 1.784419 21.676996
v -1.809423 0.663826 16.542088
v -2.071808 0.983543 16.542088
v -2.231621 1.355376 16.552301
v -2.286993 1.763751 16.572086
v -2.409904 2.159139 16.547567
v -2.331090 2.544564 16.574305
v -1.995801 2.852501 16.684078
v -1.966284 3.284807 16.584789
v -1.738448 3.541211 16.596842
v -1.353387 3.682353 16.634930
v -1.019380 3.909023 16.606009
v -0.703628 4.175869 16.556816
v -2.543326 1.746536 17.202103
v -6.657674 1.389935 21.728979
v -2.470836 1.348306 17.283140
v -6.626867 0.993527 21.774483
v -2.332972 0.983544 17.421003
v -6.473286 0.663827 21.932386
v -2.147450 0.664151 17.606560
v -4.363453 0.663827 24.042219
v -0.037605 0.663827 19.716370
v -4.184105 0.993801 24.185019
v 0.147929 0.983544 19.901903
v -4.080014 1.391667 24.087198
v 0.285793 1.348306 20.039770
v -4.010769 1.774063 24.041342
v 0.370553 1.744097 20.124477
v -4.000379 2.154406 23.933346
v 0.276397 2.156640 19.982874
v -4.021911 2.548185 23.928844
v 0.353352 2.567444 20.100632
v -4.093288 2.902922 23.946112
v 0.285793 2.963102 20.039770
v -4.177919 3.327864 24.227751
v 0.141693 3.319937 19.893005
v -4.385876 3.580874 23.869579
v -0.054517 3.626083 19.692240
v -4.589593 3.909767 23.815634
v -0.263679 3.909966 19.490297
v -4.846673 4.045949 23.494131
v -0.560671 3.943979 19.180902
v -5.114550 4.070819 23.151949
v -0.840613 4.049792 18.897825
v -5.405991 4.199394 22.956110
v -1.093170 4.261815 18.660524
v -2.255959 3.292882 17.479134
v -6.487232 3.202808 21.897114
v -2.043921 3.512522 17.724068
v -6.141013 3.356590 22.217060
v -1.775911 3.709189 17.980822
v -5.976673 3.607636 22.372206
v -1.623874 4.048648 18.128004
v -5.889140 3.958478 22.479340
v -1.383572 4.224997 18.370403
v -5.703982 4.215333 22.698652
v -3.281991 3.647580 22.960756
v -0.933533 3.327864 20.983366
v -2.014995 3.327864 22.064829
v -3.103930 3.320743 23.129055
v -0.795669 2.963102 21.121231
v -1.877131 2.963102 22.202694
v -2.958593 2.963102 23.284155
v -0.710772 2.567312 21.206127
v -1.827063 2.557447 22.207264
v -2.873696 2.567312 23.369051
v -0.682106 2.155704 21.234793
v -1.763568 2.155704 22.316256
v -2.893911 2.155704 23.284985
v -0.721749 1.747205 21.180813
v -1.792234 1.744096 22.287588
v -2.873696 1.744096 23.369051
v -0.796470 1.348533 21.119385
v -1.928550 1.378648 22.084105
v -3.004067 1.375139 23.179279
v -0.933533 0.983544 20.983366
v -2.014995 0.983544 22.064829
v -3.098991 0.985039 23.140446
v -1.119067 0.663827 20.797832
v -2.200529 0.663827 21.879293
v -3.281991 0.663827 22.960756
v -0.037605 0.663827 19.716370
v -2.206500 3.634785 21.865524
v -1.119067 3.647580 20.797832
v -3.518656 3.885196 22.711863
v -2.450863 3.857970 21.597269
v -1.384709 3.790509 20.482580
v -3.765991 4.104935 22.476757
v -2.715323 4.010662 21.336630
v -1.686283 3.838898 20.130529
v -5.391824 0.663827 20.850924
v -4.310362 0.663827 19.769461
v -3.228900 0.663827 18.688002
v -4.045856 4.224996 22.196892
v -2.991157 4.109967 21.064035
v -1.894363 4.186831 20.006943
v -2.173983 4.265537 19.742916
v -3.256225 4.261487 20.822874
v -4.336907 4.265536 21.905842
v -5.572456 0.986436 20.676697
v -4.493801 0.984780 19.588760
v -3.414434 0.983544 18.502466
v -5.646066 1.382109 20.687563
v -4.614634 1.359592 19.490175
v -3.552298 1.348306 18.364601
v -5.745301 1.765408 20.569910
v -4.698989 1.745967 19.405445
v -3.637194 1.744096 18.279707
v -5.815410 2.150133 20.445971
v -4.637781 2.139283 19.576618
v -3.665860 2.155704 18.251040
v -5.761900 2.548117 20.532488
v -4.565851 2.526022 19.696695
v -3.637194 2.567312 18.279707
v -5.636156 2.911852 20.710407
v -4.531266 2.910360 19.662394
v -3.552298 2.963102 18.364601
v -5.496904 3.251520 20.850943
v -4.444424 3.290600 19.689898
v -3.414390 3.327776 18.502567
v -5.321350 3.548927 21.013308
v -4.303692 3.641340 19.783037
v -3.190110 3.566407 18.777573
v -5.115085 3.803905 21.193830
v -4.084287 3.909966 19.995535
v -2.929812 3.756196 19.082619
v -4.888023 4.048360 21.380590
v -3.826362 4.104935 20.253462
v -2.716372 4.044494 19.237833
v -4.623358 4.201988 21.625412
v -3.546496 4.224996 20.533327
v -2.465030 4.224988 19.451876
v -0.834199 4.265520 17.954994
v -0.576210 4.263814 17.248251
v -1.165231 4.224656 17.761101
v -0.929212 4.190660 17.162155
v -1.415333 4.000670 17.626854
v -1.208645 3.941319 17.121971
v -1.612303 3.668613 17.542416
v -1.474194 3.663746 17.091053
v -1.928759 3.499815 17.356272
v -1.828707 3.511954 16.976847
v -2.143137 3.284350 17.188759
v -2.043056 3.280545 16.890301
v -2.137206 2.853325 17.223822
v -2.054535 2.848150 16.961077
v -2.437371 2.541435 17.029783
v -2.381992 2.542143 16.803511
v -2.528895 2.156326 16.961420
v -2.470301 2.157555 16.754244
v -2.460714 1.751715 16.991331
v -2.371982 1.758101 16.782312
v -2.396317 1.349586 17.038038
v -2.313293 1.352541 16.795422
v -2.245917 0.983544 17.128033
v -2.158862 0.983543 16.835058
v -2.034766 0.663827 17.251720
v -1.922094 0.663827 16.896904
v 0.315105 0.784294 18.613022
v 0.715415 0.784559 17.551680
v 0.554274 1.037059 18.761440
v 0.985204 1.029142 17.642675
v 0.734424 1.348306 18.873875
v 1.182725 1.348992 17.707691
v 0.831042 1.744096 18.930471
v 1.291394 1.744096 17.736279
v 0.800512 2.155704 18.893417
v 1.327976 2.155704 17.745836
v 0.809339 2.567312 18.911173
v 1.291394 2.567312 17.736279
v 0.734424 2.963102 18.873875
v 1.183055 2.963102 17.707983
v 0.577525 3.327864 18.781965
v 1.007120 3.327864 17.662027
v 0.273409 3.555508 18.576429
v 0.770353 3.647580 17.600182
v 0.087238 3.888304 18.488327
v 0.419088 3.786622 17.461544
v -0.245458 3.926101 18.282679
v 0.135436 4.033342 17.423368
v -0.251018 3.975073 17.304905
v -0.553169 4.062868 18.102247
v 0.693140 3.506605 10.545003
v -0.317546 4.265536 14.586525
v 0.094062 4.224996 14.586525
v 1.069885 3.334990 10.558663
v 0.489852 4.104935 14.586525
v 1.457617 3.224107 10.551221
v 0.846139 3.901483 14.585843
v 1.862016 3.158949 10.541430
v 1.041231 3.513306 14.576088
v 2.190675 2.915918 10.541155
v 1.423642 3.314779 14.585472
v 2.453060 2.596201 10.541155
v 1.631685 2.963102 14.586525
v 2.433269 2.161424 10.499943
v 1.751747 2.567312 14.586525
v 2.554847 1.775308 10.511457
v 1.792287 2.155704 14.586525
v 2.728123 1.439677 10.517804
v 1.695116 1.767531 14.567307
v 2.589722 1.047046 10.490457
v 1.424070 1.434221 14.516068
v 2.646998 0.616842 10.540905
v 1.414620 0.992687 14.579025
v 2.453060 0.251880 10.541155
v 1.174331 0.663826 14.586525
v 2.190675 -0.067836 10.541155
v -1.804549 0.666041 14.588342
v -0.793079 -0.067836 10.541155
v -1.889711 1.073296 14.632732
v -1.055464 0.251880 10.541155
v -1.977143 1.480221 14.644352
v -1.154543 0.632613 10.561551
v -2.291100 1.783862 14.605292
v -1.064498 1.062525 10.583713
v -2.427379 2.155704 14.586525
v -1.285215 1.443657 10.552642
v -2.386839 2.567312 14.586525
v -1.370495 1.835649 10.541155
v -2.168878 2.897718 14.624249
v -1.250433 2.231439 10.541155
v -1.776415 3.130511 14.703981
v -1.055464 2.596201 10.541155
v -1.730959 3.588522 14.619349
v -0.738191 2.833689 10.568881
v -1.340047 3.684032 14.671482
v -0.315587 2.941778 10.615056
v -0.998639 3.907900 14.662507
v 0.096446 3.059236 10.592333
v -0.728995 4.224628 14.586637
v 0.380094 3.351647 10.574381
v 0.698798 3.533874 9.051758
v 1.101584 3.470129 9.052494
v 1.446521 3.254110 9.053943
v 1.778197 3.036173 9.055554
v 2.115990 2.827302 9.054849
v 2.413276 2.563570 9.053089
v 2.604931 2.219492 9.052209
v 2.571148 1.794243 9.053495
v 2.784580 1.418902 9.052026
v 2.768085 1.012434 9.051757
v 2.648029 0.616643 9.051758
v 2.453060 0.251880 9.051758
v -1.055464 0.251880 9.051758
v -1.250433 0.616643 9.051758
v -1.206185 1.023677 9.052737
v -1.182213 1.430401 9.051968
v -1.343985 1.835654 9.051779
v -1.250433 2.231439 9.051758
v -1.055464 2.596201 9.051758
v -0.793079 2.915918 9.051758
v -0.442286 3.125007 9.049176
v -0.006948 3.197238 9.031899
v 0.311811 3.450386 9.046738
v 0.698798 3.499219 8.009912
v 0.287190 3.462579 8.111851
v -1.250433 2.224140 8.419182
v -0.793079 2.894893 8.181778
v -0.473362 3.150645 8.072911
v -0.104943 3.336496 8.095160
v 1.844651 3.113335 7.961278
v 2.376085 2.519319 7.964203
v 2.620587 2.201427 8.055913
v 2.126263 2.827321 7.968107
v 2.190675 -0.017536 8.384871
v -0.793078 -0.017536 8.384871
v 2.753539 1.830146 8.126895
v 2.808258 1.431356 8.180230
v 0.697294 3.526730 9.797450
v 1.071747 3.366062 9.806678
v 1.424425 3.175478 9.803198
v 1.810334 3.070348 9.798672
v 2.173858 2.894029 9.797180
v 2.452842 2.595982 9.796466
v 2.517382 2.201229 9.786155
v 2.504152 1.780309 9.791257
v 2.781888 1.425574 9.791753
v 2.698295 1.025944 9.777811
v 2.647896 0.616668 9.796425
v 2.453060 0.251880 9.796456
v 2.190675 -0.067836 9.796456
v -0.793079 -0.067836 9.796456
v -1.055464 0.251880 9.796456
v -1.225637 0.620800 9.800111
v -1.072474 1.050568 9.811455
v -1.153129 1.444494 9.800212
v -1.363157 1.835652 9.796462
v -1.250433 2.231439 9.796456
v -1.055464 2.596201 9.796456
v -0.774191 2.887627 9.804260
v -0.343911 2.978800 9.828603
v 0.086431 3.056872 9.787993
v 0.364650 3.369996 9.799051
v -1.312861 1.024544 8.562897
v -1.055463 2.581903 8.285479
v -1.250433 2.224082 8.414140
v -1.360959 1.834124 8.459490
v -1.055463 0.275106 8.635229
v -0.748413 -0.022951 8.757075
v -1.295643 1.429258 8.540477
v -1.250433 0.633270 8.610497
v 2.453060 0.286029 8.439344
v 2.580969 0.013760 8.380945
v 2.768091 1.030221 8.238303
v 2.648029 0.643780 8.331554
v 1.504336 3.338126 8.012483
v 1.110406 3.459834 8.027929
v 0.360017 3.777761 11.889611
v 0.021236 4.021649 13.238069
v 0.432844 3.981109 13.238069
v 0.771625 3.737221 11.889611
v 0.818618 3.846063 13.238516
v 1.163284 3.605644 11.890838
v 1.093277 3.517341 13.242271
v 1.532176 3.422186 11.889613
v 1.509313 3.398008 13.238238
v 1.851894 3.159806 11.889611
v 1.775497 3.083976 13.238069
v 2.114279 2.840089 11.889611
v 1.970334 2.719187 13.238002
v 2.191356 2.451634 11.831184
v 2.051611 2.315603 13.218781
v 2.193480 2.030730 11.774710
v 2.122670 1.910128 13.233906
v 2.467253 1.667406 11.888325
v 2.090518 1.500213 13.238060
v 2.429310 1.256320 11.889611
v 1.843321 1.169250 13.137783
v 2.309248 0.860530 11.889611
v 1.624791 0.827860 13.113951
v 2.102089 0.529325 11.868551
v 1.512634 0.420951 13.237370
v 1.833777 0.244040 11.850755
v -1.465576 0.423145 13.239667
v -1.131860 0.176051 11.889611
v -1.506798 0.867391 13.316154
v -1.312431 0.528396 11.922588
v -1.689536 1.228609 13.324358
v -1.300033 0.974740 12.003166
v -2.023451 1.511553 13.246795
v -1.610265 1.290063 11.932872
v -2.088597 1.911816 13.238069
v -1.618845 1.668157 11.965405
v -2.048057 2.323424 13.238069
v -1.709276 2.079536 11.889611
v -1.927672 2.718998 13.238345
v -1.589214 2.475327 11.889611
v -1.683314 3.050766 13.271520
v -1.394245 2.840089 11.889611
v -1.446104 3.384241 13.259243
v -1.131860 3.159806 11.889611
v -1.048331 3.489390 13.368137
v -0.766314 3.333601 11.957480
v -0.685555 3.663291 13.379810
v -0.333790 3.397767 12.063546
v -0.382655 3.963950 13.250220
v -0.003200 3.649595 11.951754
v -1.104166 1.022453 18.685043
v -0.578336 0.663827 20.257101
v -2.688169 0.663827 18.147268
v -5.418369 0.663827 22.987301
v -3.822722 0.663827 23.501488
v -2.741260 0.663827 22.420025
v -1.659798 0.663827 21.338564
v -5.932555 0.663827 21.391655
v -4.851093 0.663827 20.310194
v -3.769631 0.663827 19.228731
v -2.176072 0.874768 19.747730
v -3.255445 0.980646 20.824379
v -4.336907 0.947152 21.905842
v -3.796176 0.964046 21.365108
v -2.714721 0.981496 20.283661
v -1.632393 0.838901 19.199856
v -4.877638 0.685549 22.446571
v -0.318291 0.673765 16.540529
v 1.173636 0.665273 15.563691
v 2.021081 0.054870 11.214948
v -1.809423 0.663826 15.564306
v -0.962469 0.054108 11.215384
v 0.698601 0.212207 10.450457
v -0.317444 0.908181 14.556106
v 1.343722 0.541883 13.912296
v 1.656019 0.372712 12.517327
v -1.626384 0.548956 13.917291
v -1.301251 0.297995 12.563840
v 0.359512 0.212000 11.874715
v 0.020076 0.581024 13.165613
v 0.189145 0.405967 12.520053
v 0.528916 0.200264 11.159284
v -0.148338 0.668579 13.862641
v -0.317910 0.885657 15.562228
v -1.625290 0.809899 18.143921
v -1.064880 0.694813 16.539185
v -1.865759 0.663826 16.719496
v 0.944178 0.725640 17.046270
v -2.091102 0.663827 17.429129
v -1.978430 0.663827 17.074312
v 0.138750 0.724060 19.164696
v 0.515260 0.784427 18.082350
v -0.876325 1.131856 17.931093
v -0.609522 0.971438 17.189688
v -0.565072 0.664113 19.188936
v 0.427350 0.665996 16.541166
v -0.744986 1.098523 17.555166
vn 0.2599 -0.4642 0.8467
vn 0.0957 -0.2797 0.9553
vn 0.0247 -0.3824 0.9237
vn -0.0296 -0.5486 0.8356
vn 0.1760 -0.5604 0.8093
vn 0.3194 -0.5465 0.7741
vn 0.0119 -0.3001 0.9538
vn -0.0710 -0.2912 0.9540
vn -0.2772 -0.1781 0.9441
vn -0.1779 -0.8346 0.5213
vn -0.1419 -0.6986 0.7013
vn -0.0334 -0.7252 0.6877
vn -0.0941 -0.6482 0.7556
vn -0.3397 -0.2733 0.8999
vn -0.2525 -0.3119 0.9159
vn -0.1184 -0.0580 0.9913
vn -0.2690 -0.7905 0.5502
vn -0.2496 -0.8212 0.5131
vn -0.4153 -0.7022 0.5784
vn -0.5724 -0.2800 0.7707
vn -0.4482 -0.4471 0.7741
vn -0.4948 -0.1469 0.8565
vn -0.3744 -0.8253 0.4226
vn -0.4313 -0.8563 0.2842
vn -0.5737 -0.7644 0.2942
vn -0.6468 -0.4084 0.6441
vn -0.6258 -0.4029 0.6679
vn -0.8584 0.0304 0.5121
vn -0.4714 -0.7968 0.3781
vn -0.5694 -0.8219 -0.0145
vn -0.5435 -0.8067 0.2321
vn -0.7066 -0.5347 0.4634
vn -0.7786 -0.2726 0.5652
vn -0.7273 -0.0254 0.6858
vn -0.6088 -0.6915 0.3889
vn -0.5414 -0.7616 -0.3562
vn -0.4765 -0.8512 0.2199
vn -0.7157 -0.6116 0.3371
vn -0.8446 -0.2765 0.4585
vn -0.8303 -0.1424 0.5389
vn -0.7433 -0.5786 0.3356
vn -0.4510 -0.8871 -0.0983
vn -0.4545 -0.6910 0.5621
vn -0.7420 -0.6028 0.2933
vn -0.8917 -0.3068 0.3329
vn -0.9195 -0.1562 0.3608
vn -0.5470 -0.8103 0.2101
vn -0.7731 -0.6000 0.2056
vn -0.2139 -0.9351 0.2827
vn -0.7248 -0.6733 0.1459
vn -0.6808 -0.7177 0.1462
vn -0.9216 -0.2705 0.2784
vn -0.9812 -0.1529 0.1178
vn -0.4015 -0.9110 0.0942
vn -0.7074 -0.7015 0.0868
vn -0.1541 -0.9382 0.3099
vn -0.8443 -0.5322 -0.0630
vn -0.5710 -0.8180 0.0701
vn -0.9430 -0.2519 0.2173
vn -0.9969 0.0515 -0.0590
vn -0.5694 -0.8215 0.0295
vn -0.3462 -0.7855 0.5130
vn -0.8082 -0.5653 -0.1651
vn -0.5379 -0.8334 -0.1268
vn -0.9234 -0.3587 -0.1367
vn -0.9546 0.2979 0.0024
vn -0.4075 -0.9124 -0.0388
vn -0.3333 -0.9427 -0.0131
vn -0.7120 -0.6491 -0.2678
vn -0.3990 -0.8228 -0.4046
vn -0.8406 -0.4430 -0.3116
vn -0.9594 0.1086 -0.2601
vn -0.5502 -0.8228 -0.1423
vn -0.3567 -0.9260 -0.1235
vn -0.2550 -0.9111 -0.3238
vn -0.5088 -0.7056 -0.4933
vn -0.3795 -0.8401 -0.3875
vn -0.7005 -0.5327 -0.4748
vn -0.7748 0.0438 -0.6307
vn -0.4025 -0.8702 -0.2843
vn -0.3347 -0.9077 -0.2532
vn -0.1809 -0.8558 -0.4846
vn -0.4012 -0.7704 -0.4955
vn -0.6383 -0.7091 -0.2995
vn -0.5154 -0.5915 -0.6201
vn -0.7239 0.1952 -0.6618
vn -0.3230 -0.8943 -0.3098
vn -0.2629 -0.8700 -0.4172
vn -0.1688 -0.8601 -0.4814
vn -0.3095 -0.8950 -0.3212
vn -0.7046 -0.6147 -0.3544
vn -0.5835 -0.5960 -0.5516
vn -0.6798 0.2706 -0.6817
vn -0.3251 -0.8670 -0.3777
vn -0.0987 -0.8503 -0.5170
vn -0.1321 -0.8638 -0.4862
vn -0.0466 -0.8992 -0.4350
vn -0.1760 -0.7836 -0.5958
vn -0.4055 -0.3404 -0.8484
vn -0.5685 -0.0106 -0.8226
vn 0.0781 -0.8341 -0.5461
vn -0.1486 -0.8450 -0.5137
vn 0.0273 -0.8886 -0.4579
vn 0.0425 -0.7894 -0.6125
vn -0.1645 -0.4340 -0.8858
vn -0.5350 -0.2929 -0.7924
vn 0.1801 -0.8233 -0.5383
vn 0.0811 -0.8414 -0.5342
vn -0.0123 -0.8729 -0.4877
vn -0.0526 -0.7690 -0.6371
vn 0.1965 -0.8353 -0.5135
vn 0.1017 -0.8567 -0.5057
vn -0.0243 -0.8835 -0.4677
vn -0.1135 -0.7466 -0.6555
vn 0.1508 -0.8680 -0.4731
vn 0.0049 -0.8785 -0.4777
vn -0.0431 -0.8976 -0.4386
vn -0.0510 -0.7978 -0.6008
vn 0.1488 -0.2760 -0.9496
vn 0.3622 -0.1284 -0.9232
vn 0.0494 -0.8878 -0.4575
vn 0.0241 -0.8893 -0.4568
vn 0.0108 -0.9048 -0.4257
vn -0.0111 -0.7668 -0.6418
vn 0.2774 -0.1568 -0.9479
vn -0.1266 -0.4296 -0.8941
vn 0.0063 -0.8730 -0.4877
vn 0.1170 -0.8818 -0.4568
vn 0.2420 -0.8628 -0.4438
vn 0.5280 -0.7443 -0.4090
vn 0.5145 -0.2825 -0.8096
vn 0.4849 -0.5046 -0.7143
vn 0.2168 -0.8658 -0.4509
vn 0.2354 -0.8551 -0.4620
vn 0.3387 -0.8334 -0.4367
vn 0.4114 -0.7463 -0.5233
vn 0.5399 -0.4067 -0.7370
vn 0.5135 -0.4502 -0.7305
vn 0.5297 -0.8083 -0.2569
vn 0.3944 -0.8351 -0.3835
vn 0.4276 -0.8043 -0.4126
vn 0.5154 -0.7153 -0.4719
vn 0.6377 -0.4675 -0.6123
vn 0.6373 -0.3550 -0.6840
vn 0.7816 -0.6078 0.1400
vn 0.6554 -0.7510 -0.0799
vn 0.5913 -0.7483 -0.3007
vn 0.6910 -0.6671 -0.2783
vn 0.7371 -0.5383 -0.4087
vn 0.8213 -0.3120 -0.4775
vn 0.7854 -0.4440 0.4313
vn 0.7636 -0.6191 0.1837
vn 0.7063 -0.7076 0.0200
vn 0.7505 -0.6325 -0.1914
vn 0.7732 -0.5851 -0.2444
vn 0.9002 -0.3053 -0.3104
vn 0.9264 -0.0476 -0.3735
vn 0.7390 -0.4699 0.4828
vn 0.7390 -0.5856 0.3332
vn 0.6660 -0.7251 0.1752
vn 0.7523 -0.6583 -0.0268
vn 0.7663 -0.6307 -0.1226
vn 0.9593 -0.2415 -0.1464
vn 0.6622 -0.7473 -0.0551
vn 0.7145 -0.5447 0.4390
vn 0.7028 -0.6073 0.3705
vn 0.6053 -0.7446 0.2814
vn 0.7061 -0.6975 0.1217
vn 0.7452 -0.6668 0.0014
vn 0.9881 -0.1095 0.1077
vn 0.7298 -0.6202 0.2876
vn 0.6905 -0.6613 0.2931
vn 0.5622 -0.7895 0.2462
vn 0.6199 -0.7637 0.1803
vn 0.7168 -0.6747 0.1760
vn 0.9701 -0.1084 0.2172
vn 0.7856 -0.6184 0.0180
vn 0.6817 -0.7079 0.1849
vn 0.5744 -0.8068 0.1382
vn 0.5902 -0.7922 0.1548
vn 0.7148 -0.6412 0.2791
vn 0.9338 -0.1362 0.3307
vn 0.8340 -0.5490 -0.0560
vn 0.7237 -0.6745 0.1459
vn 0.5792 -0.8019 0.1469
vn 0.5806 -0.8034 0.1318
vn 0.7701 -0.5680 0.2903
vn 0.9172 -0.0581 0.3941
vn 0.8889 -0.4568 0.0350
vn 0.7805 -0.5774 0.2395
vn 0.5492 -0.7871 0.2809
vn 0.4996 -0.7946 0.3449
vn 0.6205 -0.3670 0.6930
vn 0.7273 -0.1980 0.6572
vn 0.5449 -0.5081 0.6670
vn 0.9106 -0.3382 0.2374
vn 0.7679 -0.4540 0.4519
vn 0.5105 -0.7333 0.4490
vn 0.4121 -0.7010 0.5821
vn 0.5855 -0.2322 0.7767
vn 0.4680 -0.3197 0.8238
vn 0.8267 -0.2027 0.5248
vn 0.6406 -0.3535 0.6816
vn 0.4519 -0.6490 0.6121
vn 0.3267 -0.6226 0.7111
vn 0.3866 -0.2150 0.8968
vn 0.3600 -0.4757 0.8026
vn 0.3750 -0.7294 0.5721
vn 0.5719 -0.1472 0.8070
vn 0.4323 -0.3139 0.8454
vn 0.3781 -0.5694 0.7300
vn 0.3172 -0.5436 0.7771
vn 0.3219 -0.2133 0.9224
vn 0.2925 -0.4565 0.8403
vn 0.1454 -0.8006 0.5813
vn 0.1628 -0.2102 0.9640
vn 0.3360 -0.3999 0.8527
vn 0.3098 -0.5579 0.7699
vn 0.2948 -0.5099 0.8082
vn 0.2306 -0.2948 0.9273
vn 0.1597 -0.4047 0.9004
vn 0.0076 -0.3593 0.9332
vn 0.2886 -0.5618 0.7753
vn 0.1696 -0.4210 0.8911
vn 0.0240 -0.5689 0.8220
vn -0.2126 -0.9391 -0.2698
vn 0.1242 -0.9343 -0.3340
vn -0.4592 -0.8611 0.2184
vn 0.8529 -0.4508 -0.2634
vn -0.9438 -0.2918 -0.1550
vn 0.8945 -0.0634 -0.4426
vn 0.6611 -0.0500 -0.7486
vn 0.7968 -0.0489 -0.6023
vn 0.7924 -0.1496 -0.5913
vn 0.7521 -0.1844 -0.6328
vn 0.0309 -0.8852 -0.4642
vn 0.0144 -0.9186 -0.3950
vn -0.1080 -0.9291 -0.3538
vn -0.7484 -0.5496 -0.3712
vn -0.5718 -0.6783 -0.4616
vn -0.4776 -0.7555 -0.4484
vn -0.3587 -0.8482 -0.3898
vn -0.7808 0.1969 -0.5930
vn -0.6529 0.1492 -0.7426
vn -0.8301 -0.0756 -0.5525
vn -0.9804 -0.0369 -0.1937
vn 0.3093 -0.8997 -0.3081
vn 0.7213 -0.6665 -0.1886
vn 0.8877 -0.4559 0.0644
vn 0.9311 -0.3458 0.1158
vn 0.0837 -0.2904 0.9532
vn 0.0899 -0.5536 0.8279
vn 0.2499 -0.5866 0.7704
vn 0.1645 -0.3852 0.9080
vn -0.0543 -0.2932 0.9545
vn -0.1189 -0.1824 0.9760
vn -0.4107 -0.3660 0.8351
vn -0.1074 -0.3194 0.9415
vn 0.0187 -0.2858 0.9581
vn 0.2266 -0.5021 0.8346
vn -0.0839 -0.7052 0.7041
vn 0.0017 -0.7891 0.6143
vn -0.2702 -0.3604 0.8928
vn -0.3084 -0.3181 0.8965
vn -0.2129 -0.1318 0.9681
vn -0.0949 -0.3538 0.9305
vn -0.1696 -0.2857 0.9432
vn -0.1407 -0.2614 0.9549
vn -0.2597 -0.0554 0.9641
vn -0.0802 -0.6298 0.7726
vn 0.0888 -0.6423 0.7613
vn 0.1928 -0.5835 0.7889
vn -0.2646 -0.8020 0.5355
vn -0.2719 -0.8287 0.4893
vn -0.4842 -0.4415 0.7554
vn -0.5537 -0.4136 0.7228
vn -0.4661 -0.2998 0.8324
vn -0.5427 -0.1926 0.8175
vn -0.2068 -0.7520 0.6259
vn -0.1504 -0.7827 0.6040
vn -0.3187 -0.6863 0.6538
vn -0.4708 -0.2897 0.8333
vn -0.3568 -0.3857 0.8508
vn -0.1704 -0.1345 0.9762
vn -0.4200 -0.8389 0.3461
vn -0.4968 -0.8268 0.2640
vn -0.6681 -0.5951 0.4466
vn -0.5864 -0.4639 0.6640
vn -0.7834 -0.0883 0.6153
vn -0.8122 -0.3217 0.4866
vn -0.5441 -0.4521 0.7068
vn -0.6184 -0.3123 0.7212
vn -0.7790 -0.0368 0.6259
vn -0.3999 -0.7814 0.4790
vn -0.3251 -0.8152 0.4793
vn -0.3438 -0.8473 0.4048
vn -0.5041 -0.7425 0.4411
vn -0.5657 -0.8088 0.1605
vn -0.5196 -0.8518 0.0669
vn -0.6190 -0.7047 0.3467
vn -0.6828 -0.4632 0.5650
vn -0.7887 -0.0097 0.6147
vn -0.6403 -0.3583 0.6795
vn -0.5103 -0.8467 0.1506
vn -0.4207 -0.8198 0.3885
vn -0.5757 -0.7800 0.2454
vn -0.6882 -0.4761 0.5475
vn -0.7333 -0.3347 0.5918
vn -0.8023 0.0120 0.5968
vn -0.6020 -0.6005 0.5263
vn -0.7117 -0.7004 0.0537
vn -0.3020 -0.9506 -0.0717
vn -0.6341 -0.7129 0.2996
vn -0.7713 -0.5039 0.3888
vn -0.8561 -0.1072 0.5056
vn -0.7598 -0.4021 0.5109
vn -0.7683 -0.0915 0.6335
vn -0.8151 -0.2600 0.5177
vn -0.5284 -0.5452 0.6508
vn -0.5341 -0.7538 0.3828
vn -0.5797 -0.7867 -0.2120
vn -0.5094 -0.8364 0.2025
vn -0.7162 -0.5852 0.3803
vn -0.7760 -0.5819 0.2434
vn -0.0803 -0.9590 0.2717
vn -0.7296 -0.5770 0.3671
vn -0.7956 -0.5172 0.3156
vn -0.9178 -0.1635 0.3619
vn -0.8252 -0.4287 0.3678
vn -0.4578 -0.8185 0.3470
vn -0.5142 -0.8144 -0.2689
vn -0.7274 -0.6113 0.3117
vn -0.8795 -0.2952 0.3732
vn -0.8856 -0.1445 0.4414
vn -0.6852 -0.6234 0.3768
vn -0.7345 -0.5724 0.3646
vn -0.0152 -0.9458 0.3243
vn -0.8100 -0.5863 -0.0124
vn -0.8027 -0.5330 0.2675
vn -0.9694 -0.1137 0.2177
vn -0.8534 -0.5130 0.0921
vn -0.9533 -0.1624 0.2548
vn -0.7750 -0.5719 0.2690
vn -0.3455 -0.9297 0.1278
vn -0.5612 -0.6782 0.4745
vn -0.7356 -0.6429 0.2135
vn -0.9116 -0.2960 0.2851
vn -0.6870 -0.6586 0.3070
vn -0.2640 -0.9460 0.1884
vn -0.7185 -0.6954 0.0094
vn -0.7820 -0.6109 0.1239
vn -0.9771 0.1396 0.1609
vn -0.8595 -0.4855 -0.1599
vn -0.8118 -0.5839 0.0012
vn -0.1951 -0.9382 0.2859
vn -0.6142 -0.7751 0.1483
vn -0.9239 -0.2338 0.3030
vn -0.9966 -0.0819 -0.0067
vn -0.7474 -0.6494 0.1404
vn -0.5486 -0.7790 0.3036
vn -0.5257 -0.8501 -0.0310
vn -0.6450 -0.7599 -0.0805
vn -0.7197 -0.6799 -0.1405
vn -0.9935 0.0982 -0.0582
vn -0.9424 -0.3272 -0.0693
vn -0.1478 -0.9889 -0.0168
vn -0.9779 0.2090 -0.0082
vn -0.6522 -0.7566 0.0470
vn -0.2114 -0.8387 0.5019
vn -0.8335 -0.5401 -0.1165
vn -0.5510 -0.8342 -0.0210
vn -0.9495 -0.3129 0.0225
vn -0.4037 -0.9149 0.0055
vn -0.4835 -0.8228 -0.2987
vn -0.5764 -0.7398 -0.3471
vn -0.5572 -0.7652 -0.3225
vn -0.9367 -0.0015 -0.3502
vn -0.9604 -0.2635 -0.0900
vn -0.4829 -0.8231 -0.2987
vn -0.7721 -0.5995 -0.2108
vn -0.8749 -0.4189 -0.2429
vn -0.9673 0.2362 -0.0919
vn -0.4734 -0.8808 -0.0039
vn -0.3675 -0.9004 0.2330
vn -0.3063 -0.9271 -0.2160
vn -0.2615 -0.8523 -0.4530
vn -0.5429 -0.6790 -0.4943
vn -0.3657 -0.8536 -0.3710
vn -0.8369 -0.0074 -0.5473
vn -0.6768 -0.4044 -0.6152
vn -0.3728 -0.9247 -0.0775
vn -0.2915 -0.9366 -0.1945
vn -0.6289 -0.6963 -0.3459
vn -0.3423 -0.8296 -0.4411
vn -0.7594 -0.4986 -0.4181
vn -0.8936 0.0315 -0.4479
vn -0.2409 -0.8890 -0.3894
vn -0.2115 -0.8471 -0.4875
vn -0.6397 -0.7438 -0.1939
vn -0.4051 -0.8074 -0.4289
vn -0.7592 -0.0206 -0.6505
vn -0.6169 -0.4329 -0.6573
vn -0.4907 -0.8070 -0.3285
vn -0.3559 -0.7081 -0.6099
vn -0.5991 -0.5578 -0.5744
vn -0.7198 0.1216 -0.6834
vn -0.3472 -0.9201 -0.1815
vn -0.2099 -0.8801 -0.4259
vn -0.2257 -0.8557 -0.4656
vn -0.2229 -0.8990 -0.3769
vn -0.4262 -0.8499 -0.3098
vn -0.6880 -0.5821 -0.4333
vn -0.6639 -0.1191 -0.7383
vn -0.6443 -0.3486 -0.6807
vn -0.3094 -0.8900 -0.3350
vn -0.1704 -0.8505 -0.4975
vn -0.4410 -0.8416 -0.3119
vn -0.7427 -0.6003 -0.2968
vn -0.5262 -0.6416 -0.5581
vn -0.7228 0.2440 -0.6466
vn -0.1565 -0.8384 -0.5221
vn -0.0306 -0.8891 -0.4567
vn -0.0596 -0.8947 -0.4427
vn -0.4568 -0.6035 -0.6535
vn -0.3612 -0.0831 -0.9288
vn -0.6916 -0.1978 -0.6946
vn -0.5868 -0.4746 -0.6560
vn -0.4529 -0.6903 -0.5643
vn -0.6077 0.1921 -0.7706
vn -0.1945 -0.8579 -0.4756
vn -0.1536 -0.8672 -0.4737
vn -0.1400 -0.9061 -0.3992
vn -0.0106 -0.8442 -0.5360
vn -0.0806 -0.8722 -0.4825
vn 0.0177 -0.8598 -0.5103
vn 0.0240 -0.6299 -0.7763
vn -0.7968 -0.2737 -0.5387
vn -0.6204 -0.1819 -0.7629
vn -0.1559 -0.8505 -0.5023
vn -0.0056 -0.8421 -0.5393
vn 0.0032 -0.8940 -0.4480
vn 0.0442 -0.8136 -0.5797
vn -0.1924 -0.3064 -0.9323
vn -0.5516 -0.2085 -0.8077
vn -0.3046 -0.6309 -0.7135
vn 0.1289 -0.8345 -0.5358
vn 0.0198 -0.8567 -0.5155
vn 0.0088 -0.8591 -0.5117
vn -0.4464 -0.3484 -0.8242
vn 0.0849 -0.9698 0.2285
vn 0.1408 -0.8268 -0.5445
vn -0.0197 -0.8464 -0.5322
vn 0.0078 -0.8799 -0.4751
vn 0.0156 -0.7730 -0.6342
vn 0.1389 -0.8426 -0.5203
vn 0.0326 -0.8796 -0.4746
vn -0.0482 -0.8712 -0.4885
vn 0.1231 -0.8438 -0.5224
vn 0.1978 -0.8257 -0.5282
vn -0.0111 -0.8747 -0.4846
vn -0.0710 -0.7891 -0.6101
vn 0.0747 -0.8721 -0.4836
vn -0.0210 -0.8962 -0.4431
vn -0.0588 -0.8787 -0.4738
vn -0.0224 -0.5441 -0.8387
vn 0.2204 -0.1217 -0.9678
vn 0.1259 -0.3734 -0.9191
vn 0.0657 -0.4894 -0.8696
vn 0.1798 -0.8508 -0.4937
vn 0.0400 -0.8703 -0.4910
vn -0.0402 -0.8920 -0.4503
vn -0.0774 -0.7898 -0.6085
vn 0.0405 -0.8872 -0.4597
vn 0.0015 -0.8991 -0.4377
vn -0.0136 -0.9047 -0.4258
vn 0.2170 -0.4300 -0.8764
vn 0.1055 -0.3072 -0.9458
vn -0.0336 -0.2933 -0.9554
vn -0.0296 -0.9023 -0.4301
vn 0.0098 -0.8849 -0.4657
vn -0.0529 -0.7986 -0.5995
vn 0.1660 -0.1606 -0.9730
vn -0.0490 -0.2544 -0.9658
vn -0.0210 -0.8468 -0.5315
vn 0.1083 -0.8819 -0.4588
vn 0.0639 -0.8798 -0.4711
vn 0.1620 -0.8863 -0.4339
vn 0.3656 -0.8206 -0.4392
vn 0.6125 -0.3842 -0.6908
vn 0.4151 -0.5104 -0.7531
vn 0.4862 -0.2414 -0.8398
vn 0.2498 -0.6343 -0.7316
vn 0.2625 -0.4953 -0.8281
vn -0.0056 -0.8817 -0.4718
vn 0.0594 -0.8892 -0.4535
vn 0.1142 -0.8926 -0.4361
vn 0.2839 -0.7541 -0.5922
vn 0.4823 -0.1938 -0.8543
vn 0.2057 -0.8625 -0.4624
vn 0.2852 -0.8481 -0.4464
vn 0.3631 -0.7896 -0.4947
vn 0.5147 -0.5617 -0.6478
vn 0.4953 -0.4615 -0.7360
vn 0.6174 -0.2686 -0.7394
vn 0.3246 -0.8400 -0.4347
vn 0.1789 -0.8687 -0.4618
vn 0.4596 -0.7441 -0.4848
vn 0.4868 -0.3697 -0.7914
vn 0.5069 -0.4954 -0.7054
vn 0.5693 -0.0679 -0.8193
vn 0.0908 -0.8697 -0.4852
vn 0.4490 -0.8340 -0.3208
vn 0.3926 -0.8189 -0.4186
vn 0.4710 -0.7857 -0.4010
vn 0.6230 -0.5728 -0.5328
vn 0.5870 -0.5186 -0.6217
vn 0.7448 -0.1117 -0.6578
vn 0.6852 -0.0606 -0.7258
vn 0.5312 -0.3893 -0.7525
vn 0.3712 -0.8492 -0.3757
vn 0.2971 -0.8444 -0.4458
vn 0.3628 -0.8245 -0.4342
vn 0.4253 -0.7347 -0.5285
vn 0.5713 -0.4310 -0.6984
vn 0.7064 -0.7069 -0.0360
vn 0.5998 -0.7756 -0.1968
vn 0.6340 -0.7117 -0.3024
vn 0.7371 -0.5981 -0.3145
vn 0.7289 -0.5145 -0.4517
vn 0.8646 -0.0735 -0.4971
vn 0.6235 -0.6973 -0.3535
vn 0.5096 -0.7771 -0.3695
vn 0.6929 -0.4977 -0.5217
vn 0.7591 -0.3296 -0.5614
vn 0.8182 -0.0480 -0.5729
vn 0.6797 -0.7291 -0.0804
vn 0.5305 -0.8110 -0.2469
vn 0.7917 -0.5389 0.2878
vn 0.7183 -0.6829 0.1333
vn 0.7302 -0.6706 -0.1305
vn 0.7616 -0.6118 -0.2137
vn 0.8041 -0.5305 -0.2681
vn 0.9414 -0.0798 -0.3277
vn 0.8049 -0.4962 0.3255
vn 0.7318 -0.6787 0.0618
vn 0.6664 -0.7268 -0.1665
vn 0.7269 -0.6431 -0.2408
vn 0.7624 -0.5713 -0.3040
vn 0.8664 -0.2959 -0.4022
vn 0.7502 -0.5170 0.4121
vn 0.6996 -0.6656 0.2598
vn 0.6957 -0.7150 0.0697
vn 0.7686 -0.6355 -0.0737
vn 0.8387 -0.5155 -0.1756
vn 0.9970 -0.0508 -0.0587
vn 0.7720 -0.6008 -0.2076
vn 0.7594 -0.6395 -0.1195
vn 0.9262 -0.2907 -0.2403
vn 0.7600 -0.4439 0.4748
vn 0.7596 -0.5893 0.2753
vn 0.6980 -0.7030 0.1361
vn 0.7183 -0.5667 0.4036
vn 0.6542 -0.6766 0.3380
vn 0.6315 -0.7461 0.2110
vn 0.7428 -0.6683 0.0396
vn 0.8928 -0.4504 0.0006
vn 0.9845 -0.1642 0.0614
vn 0.7236 -0.5058 0.4696
vn 0.7174 -0.5941 0.3639
vn 0.6337 -0.7375 0.2335
vn 0.7359 -0.6750 0.0521
vn 0.7576 -0.6516 -0.0382
vn 0.9862 -0.1650 0.0099
vn 0.7107 -0.6290 0.3149
vn 0.6377 -0.7244 0.2619
vn 0.5678 -0.7937 0.2183
vn 0.6921 -0.7073 0.1439
vn 0.8983 -0.3805 0.2199
vn 0.9543 -0.2636 0.1410
vn 0.7311 -0.6802 0.0529
vn 0.6586 -0.7338 0.1666
vn 0.9865 -0.0765 0.1449
vn 0.5832 -0.8108 0.0504
vn 0.7142 -0.5845 0.3850
vn 0.6958 -0.6290 0.3469
vn 0.5796 -0.7644 0.2823
vn 0.7487 -0.6504 0.1284
vn 0.6333 -0.7596 0.1478
vn 0.5471 -0.8234 0.1507
vn 0.7114 -0.6721 0.2052
vn 0.8564 -0.4126 0.3104
vn 0.8784 -0.2855 0.3833
vn 0.6831 -0.6921 0.2329
vn 0.7590 -0.6344 0.1464
vn 0.5627 -0.8049 0.1884
vn 0.5996 -0.7820 0.1704
vn 0.7109 -0.6569 0.2514
vn 0.9500 -0.1532 0.2721
vn 0.8119 -0.5818 0.0478
vn 0.6278 -0.7616 0.1610
vn 0.5482 -0.8256 0.1335
vn 0.7474 -0.6332 0.2009
vn 0.8015 -0.4337 0.4117
vn 0.8646 -0.1653 0.4745
vn 0.9317 -0.0783 0.3548
vn 0.7518 -0.6093 0.2521
vn 0.8081 -0.5871 -0.0471
vn 0.6955 -0.7018 0.1541
vn 0.5816 -0.8039 0.1244
vn 0.5903 -0.7965 0.1311
vn 0.8541 -0.4976 0.1512
vn 0.6294 -0.7204 0.2913
vn 0.4970 -0.8181 0.2894
vn 0.6503 -0.5422 0.5320
vn 0.5350 -0.4798 0.6954
vn 0.7841 -0.0587 0.6178
vn 0.7562 -0.6314 0.1719
vn 0.8624 -0.5055 -0.0257
vn 0.5680 -0.7981 0.2011
vn 0.5550 -0.8083 0.1966
vn 0.7481 -0.4784 0.4599
vn 0.8488 -0.1185 0.5152
vn 0.8490 -0.3895 0.3571
vn 0.6242 -0.6284 0.4642
vn 0.4438 -0.7438 0.4998
vn 0.5033 -0.4493 0.7381
vn 0.4703 -0.4709 0.7464
vn 0.5753 -0.2475 0.7796
vn 0.5596 -0.2712 0.7832
vn 0.5587 -0.2637 0.7863
vn 0.9076 -0.4014 0.1231
vn 0.7869 -0.5165 0.3377
vn 0.5291 -0.7651 0.3669
vn 0.4471 -0.7479 0.4907
vn 0.7360 -0.2617 0.6244
vn 0.5681 -0.5258 0.6331
vn 0.3826 -0.6492 0.6574
vn 0.3177 -0.4877 0.8132
vn 0.3058 -0.3792 0.8733
vn 0.5080 -0.3489 0.7875
vn 0.4847 -0.6942 0.5321
vn 0.7206 -0.3966 0.5687
vn 0.3720 -0.6642 0.6484
vn 0.5487 -0.2106 0.8091
vn 0.4613 -0.3716 0.8057
vn 0.8873 -0.2694 0.3744
vn 0.4882 -0.1841 0.8531
vn 0.4231 -0.5155 0.7451
vn 0.3485 -0.5734 0.7414
vn 0.3053 -0.4130 0.8580
vn 0.4081 -0.3431 0.8460
vn 0.2168 -0.5027 0.8368
vn 0.2057 -0.5180 0.8303
vn 0.7212 -0.1534 0.6755
vn 0.5346 -0.3178 0.7831
vn 0.4227 -0.6002 0.6790
vn 0.3181 -0.5773 0.7520
vn 0.2830 -0.1948 0.9391
vn 0.2047 -0.2550 0.9450
vn 0.3268 -0.5105 0.7954
vn 0.3063 -0.5589 0.7706
vn 0.2465 -0.3715 0.8951
vn 0.2143 -0.3529 0.9108
vn 0.1885 -0.4488 0.8735
vn 0.3154 -0.5234 0.7915
vn 0.3369 -0.5608 0.7563
vn 0.3068 -0.2626 0.9148
vn 0.3165 -0.4056 0.8575
vn 0.3604 -0.1783 0.9156
vn 0.3780 -0.3533 0.8557
vn 0.2667 -0.5335 0.8027
vn 0.0368 -0.2686 0.9625
vn 0.2919 -0.5602 0.7752
vn 0.2373 -0.4751 0.8473
vn 0.1852 -0.4075 0.8942
vn 0.2802 -0.5222 0.8055
vn 0.1030 -0.3228 0.9409
vn 0.0301 -0.4388 0.8981
vn 0.0017 -0.4581 0.8889
vn 0.3053 -0.5575 0.7720
vn 0.1025 -0.3595 0.9275
vn 0.2940 -0.4353 0.8509
vn 0.1473 -0.2819 0.9481
vn 0.0686 -0.3924 0.9172
vn -0.0119 -0.6410 -0.7674
vn 0.1071 -0.8502 -0.5154
vn 0.4660 -0.0512 -0.8833
vn 0.8444 -0.0623 -0.5321
vn 0.7604 -0.0414 -0.6482
vn -0.1270 0.3731 0.9191
vn -0.3277 0.4629 0.8236
vn 0.8567 0.0476 -0.5136
vn 0.0203 -0.9280 -0.3721
vn -0.1641 -0.9485 -0.2708
vn 0.0038 -0.8920 -0.4521
vn -0.8620 -0.4884 0.1358
vn -0.7519 -0.6155 0.2360
vn -0.6088 -0.7322 0.3054
vn -0.7770 0.2471 -0.5790
vn -0.7913 0.1870 -0.5821
vn -0.7057 0.0877 -0.7031
vn -0.9880 0.0731 -0.1361
vn -0.9633 -0.1648 -0.2120
vn 0.2171 -0.9377 -0.2711
vn 0.6605 -0.6767 0.3252
vn 0.7934 -0.5431 0.2749
vn 0.8945 -0.4114 0.1749
vn -0.0184 -0.5327 -0.8461
vn -0.1207 -0.5763 -0.8083
vn 0.0405 -0.9349 -0.3525
vn -0.9079 -0.4141 -0.0648
vn -0.2919 -0.9113 -0.2904
vn 0.9307 -0.2024 -0.3046
vn -0.0931 -0.5898 -0.8021
vn 0.0839 -0.4459 0.8912
vn 0.1179 -0.3103 0.9433
vn 0.1651 -0.3396 0.9260
vn 0.2882 -0.5562 0.7795
vn 0.2965 -0.5139 0.8050
vn 0.1880 -0.3354 0.9231
vn 0.3693 -0.5131 0.7749
vn 0.3179 -0.1924 0.9284
vn 0.2866 -0.4669 0.8366
vn 0.3781 -0.3528 0.8559
vn 0.3050 -0.3960 0.8661
vn 0.3235 -0.5616 0.7616
vn 0.2908 -0.3412 0.8939
vn 0.2940 -0.4427 0.8471
vn 0.3606 -0.6042 0.7106
vn 0.5028 -0.5089 0.6987
vn 0.6350 -0.2147 0.7421
vn 0.2598 -0.4322 0.8636
vn 0.8097 -0.3262 0.4878
vn 0.5835 -0.3238 0.7447
vn 0.4397 -0.4076 0.8004
vn 0.4304 -0.4787 0.7653
vn 0.4145 -0.6975 0.5846
vn 0.6069 -0.5737 0.5501
vn 0.5569 -0.4631 0.6894
vn 0.4684 -0.7866 0.4023
vn 0.6287 -0.6793 0.3785
vn 0.8609 -0.4472 0.2426
vn 0.6632 -0.1403 0.7352
vn 0.4470 -0.4949 0.7451
vn 0.8510 -0.0825 0.5187
vn 0.6885 -0.4451 0.5725
vn 0.7321 -0.6055 0.3122
vn 0.5290 -0.8276 0.1875
vn 0.6292 -0.7476 0.2126
vn 0.8363 -0.5416 0.0854
vn 0.7405 -0.6450 0.1891
vn 0.5515 -0.8245 0.1267
vn 0.6287 -0.7648 0.1408
vn 0.7819 -0.6209 0.0556
vn 0.8526 -0.2636 0.4513
vn 0.8393 -0.4335 0.3281
vn 0.9239 -0.2887 0.2511
vn 0.8746 -0.3936 0.2832
vn 0.6973 -0.6927 0.1842
vn 0.5505 -0.8133 0.1884
vn 0.6380 -0.7470 0.1870
vn 0.7217 -0.6521 0.2323
vn 0.5968 -0.7683 0.2314
vn 0.6405 -0.6957 0.3253
vn 0.7115 -0.5974 0.3699
vn 0.9719 -0.2274 0.0603
vn 0.9143 -0.3992 0.0680
vn 0.7160 -0.6936 0.0792
vn 0.9959 -0.0866 0.0255
vn 0.8687 -0.4898 -0.0736
vn 0.7618 -0.6479 -0.0016
vn 0.6661 -0.7337 0.1337
vn 0.6752 -0.6704 0.3079
vn 0.7311 -0.5393 0.4179
vn 0.7280 -0.6856 -0.0011
vn 0.7188 -0.6645 0.2045
vn 0.7737 -0.5105 0.3752
vn 0.9735 -0.0733 -0.2167
vn 0.8163 -0.5200 -0.2516
vn 0.7665 -0.6224 -0.1583
vn 0.9026 -0.0995 -0.4189
vn 0.7773 -0.5168 -0.3587
vn 0.7525 -0.6081 -0.2529
vn 0.6912 -0.6817 -0.2398
vn 0.6853 -0.7283 0.0012
vn 0.7779 -0.6123 0.1412
vn 0.4837 -0.8009 -0.3529
vn 0.5860 -0.7863 -0.1960
vn 0.8128 -0.1014 -0.5736
vn 0.6667 -0.5162 -0.5376
vn 0.6933 -0.5778 -0.4306
vn 0.5576 -0.7521 -0.3513
vn 0.5286 -0.4811 -0.6993
vn 0.5433 -0.5719 -0.6146
vn 0.3874 -0.7946 -0.4676
vn 0.3273 -0.8345 -0.4433
vn 0.3182 -0.8542 -0.4113
vn 0.6734 -0.2231 -0.7048
vn 0.1222 -0.8705 -0.4767
vn 0.5573 -0.2751 -0.7834
vn 0.4546 -0.4585 -0.7636
vn 0.5543 -0.5018 -0.6641
vn 0.3825 -0.7920 -0.4759
vn 0.2405 -0.8657 -0.4390
vn 0.3030 -0.4830 -0.8215
vn 0.4313 -0.3509 -0.8312
vn 0.2178 -0.8887 -0.4036
vn 0.0641 -0.8978 -0.4356
vn 0.0375 -0.8863 -0.4615
vn 0.3037 -0.2013 -0.9313
vn 0.0554 -0.8820 -0.4680
vn -0.1901 -0.4388 -0.8782
vn 0.1796 -0.1426 -0.9733
vn 0.0477 -0.4839 -0.8738
vn -0.0534 -0.8850 -0.4624
vn -0.0181 -0.8982 -0.4393
vn -0.0717 -0.8752 -0.4785
vn -0.0000 -0.8911 -0.4537
vn 0.1046 -0.8578 -0.5033
vn -0.0037 -0.8680 -0.4965
vn 0.0478 -0.8652 -0.4992
vn 0.1510 -0.8341 -0.5305
vn 0.0461 -0.6606 -0.7493
vn 0.0196 -0.8551 -0.5181
vn -0.0621 -0.8581 -0.5097
vn 0.0727 -0.8401 -0.5376
vn -0.6391 -0.2753 -0.7182
vn -0.3265 -0.2133 -0.9208
vn -0.1032 -0.5733 -0.8128
vn -0.0011 -0.8728 -0.4880
vn -0.0106 -0.8798 -0.4751
vn -0.0907 -0.8398 -0.5353
vn -0.1998 -0.8976 -0.3930
vn -0.1237 -0.9037 -0.4098
vn -0.2111 -0.8466 -0.4886
vn -0.6411 -0.2748 -0.7165
vn -0.4941 -0.1027 -0.8633
vn -0.6464 -0.5713 -0.5057
vn -0.6321 -0.3950 -0.6667
vn -0.7407 -0.0958 -0.6650
vn -0.5794 -0.6939 -0.4275
vn -0.6153 -0.7679 -0.1782
vn -0.2629 -0.8723 -0.4123
vn -0.2258 -0.8681 -0.4421
vn -0.1911 -0.8465 -0.4970
vn -0.2702 -0.9117 -0.3095
vn -0.6200 -0.4139 -0.6666
vn -0.7890 0.0154 -0.6142
vn -0.3358 -0.8573 -0.3901
vn -0.5737 -0.7219 -0.3869
vn -0.8762 -0.3426 -0.3390
vn -0.8924 -0.0326 -0.4501
vn -0.4155 -0.8115 -0.4109
vn -0.5554 -0.6807 -0.4776
vn -0.3499 -0.8393 -0.4161
vn -0.3471 -0.9306 -0.1161
vn -0.5347 -0.8314 -0.1515
vn -0.4832 -0.8609 0.1591
vn -0.9764 -0.2157 -0.0074
vn -0.9699 0.0393 -0.2404
vn -0.6521 -0.7087 -0.2693
vn -0.6213 -0.7606 -0.1884
vn -0.9825 0.1716 0.0728
vn -0.7465 -0.6650 -0.0253
vn -0.6859 -0.7270 -0.0314
vn -0.3956 -0.9131 0.0991
vn -0.6289 -0.6905 0.3573
vn -0.8967 -0.4259 -0.1209
vn -0.7136 -0.6199 0.3264
vn -0.8600 -0.5051 -0.0728
vn -0.9809 0.0044 0.1943
vn -0.7835 -0.5632 0.2624
vn -0.7737 -0.6335 0.0039
vn -0.1009 -0.9622 0.2529
vn -0.9471 -0.1542 0.2815
vn -0.8057 -0.5178 0.2875
vn -0.8243 -0.5375 0.1781
vn -0.0004 -0.9161 0.4010
vn -0.7639 -0.5575 0.3250
vn -0.8441 -0.4573 0.2799
vn -0.7623 -0.6347 0.1268
vn -0.8068 -0.4066 0.4287
vn -0.8961 -0.1420 0.4205
vn -0.7916 -0.5136 0.3309
vn -0.6598 -0.6732 0.3339
vn -0.1795 -0.9825 0.0495
vn -0.7396 -0.4790 0.4729
vn -0.6253 -0.7185 0.3046
vn -0.4316 -0.9016 -0.0295
vn -0.6413 -0.7630 0.0806
vn -0.6463 -0.3802 0.6616
vn -0.8261 -0.0727 0.5588
vn -0.7557 -0.3639 0.5446
vn -0.8117 0.0217 0.5836
vn -0.6404 -0.4502 0.6222
vn -0.6378 -0.6709 0.3783
vn -0.5449 -0.8244 0.1532
vn -0.4922 -0.8331 0.2525
vn -0.6154 -0.5142 0.5974
vn -0.3922 -0.8309 0.3946
vn -0.3450 -0.8282 0.4417
vn -0.7999 -0.2575 0.5421
vn -0.6576 -0.2559 0.7086
vn -0.5736 -0.4517 0.6834
vn -0.1897 -0.3050 0.9333
vn -0.2900 -0.2284 0.9294
vn -0.4545 -0.3639 0.8130
vn -0.4049 -0.4049 0.8198
vn -0.1495 -0.8246 0.5456
vn -0.1781 -0.7616 0.6231
vn -0.0174 -0.3259 0.9453
vn 0.1687 -0.6866 0.7072
vn 0.0107 -0.6325 0.7745
vn -0.2832 -0.3698 0.8849
vn -0.1791 -0.1049 0.9782
vn -0.1710 -0.2889 0.9420
vn 0.0342 -0.3082 0.9507
vn 0.2333 -0.4783 0.8466
vn 0.2710 -0.5402 0.7967
vn 0.1482 -0.4781 0.8657
vn -0.2104 -0.3871 0.8977
vn 0.0109 -0.2468 0.9690
vn 0.0388 -0.9992 -0.0017
vn 0.0284 -0.9996 0.0017
vn -0.0027 -0.9979 0.0643
vn 0.0522 -0.9961 0.0712
vn 0.0493 -0.9981 0.0380
vn 0.0382 -0.9992 0.0146
vn 0.0270 -0.9996 0.0115
vn 0.0354 -0.9988 -0.0328
vn 0.0630 -0.9964 -0.0563
vn 0.1644 -0.9857 0.0360
vn 0.2068 -0.9720 -0.1112
vn 0.0039 -0.9997 0.0239
vn -0.0243 -0.9985 0.0498
vn 0.0044 -0.9991 0.0422
vn 0.0392 -0.9987 0.0315
vn 0.0415 -0.9989 0.0212
vn 0.0243 -0.9996 0.0142
vn 0.0217 -0.9993 -0.0305
vn 0.0059 -0.9989 -0.0456
vn 0.0081 -0.9999 -0.0121
vn 0.0635 -0.9931 -0.0986
vn 0.3678 -0.8210 0.4366
vn 0.1439 -0.9668 -0.2110
vn -0.0062 -1.0000 -0.0015
vn -0.0303 -0.9971 0.0700
vn -0.0188 -0.9991 0.0385
vn 0.0020 -0.9999 0.0172
vn 0.0044 -1.0000 0.0070
vn -0.0300 -0.9983 0.0502
vn -0.0227 -0.9997 0.0107
vn 0.0098 -0.9995 -0.0287
vn 0.0139 -0.9989 -0.0439
vn 0.0209 -0.9991 -0.0364
vn 0.0318 -0.9975 -0.0625
vn 0.0355 -0.9987 -0.0372
vn 0.3249 -0.8371 0.4401
vn 0.0176 -0.9966 -0.0800
vn -0.0407 -0.9975 0.0581
vn -0.0447 -0.9972 0.0605
vn -0.0435 -0.9990 0.0077
vn 0.0112 -0.9999 0.0037
vn 0.0100 -0.9976 0.0682
vn -0.0534 -0.9967 0.0618
vn -0.0154 -0.9991 -0.0404
vn 0.0041 -0.9986 -0.0534
vn 0.0224 -0.9983 -0.0537
vn 0.0130 -0.9992 -0.0383
vn -0.0024 -0.9985 -0.0545
vn -0.0156 -0.9965 -0.0826
vn 0.0415 -0.9934 0.1070
vn -0.0104 -0.9857 -0.1679
vn -0.0728 -0.9967 -0.0368
vn -0.0520 -0.9975 0.0483
vn -0.0485 -0.9966 0.0671
vn -0.0473 -0.9988 -0.0083
vn -0.0463 -0.9967 -0.0671
vn 0.0369 -0.9959 0.0824
vn 0.0170 -0.9973 0.0717
vn -0.0023 -0.9992 -0.0391
vn 0.0043 -0.9978 -0.0661
vn 0.0256 -0.9984 -0.0506
vn -0.0070 -1.0000 -0.0038
vn -0.0385 -0.9986 -0.0359
vn -0.0514 -0.9963 -0.0682
vn -0.0231 -0.9990 -0.0370
vn 0.1692 -0.9698 0.1758
vn 0.0082 -0.9934 -0.1140
vn -0.0284 -0.9993 -0.0243
vn -0.0420 -0.9979 0.0501
vn -0.0310 -0.9981 0.0530
vn -0.0308 -0.9992 0.0251
vn -0.0658 -0.9940 -0.0875
vn 0.0010 -0.9998 0.0178
vn -0.0014 -0.9943 0.1067
vn -0.0027 -0.9955 -0.0943
vn -0.0250 -0.9996 -0.0163
vn -0.0207 -0.9993 0.0298
vn 0.0080 -0.9997 -0.0224
vn -0.0260 -0.9985 -0.0477
vn -0.0561 -0.9962 -0.0669
vn -0.0548 -0.9966 0.0610
vn 0.0201 -0.9961 -0.0863
vn -0.0297 -0.9995 0.0073
vn -0.0330 -0.9985 0.0441
vn -0.0175 -0.9991 0.0379
vn 0.0024 -0.9997 0.0234
vn 0.0145 -0.9958 -0.0903
vn -0.0237 -0.9997 0.0025
vn -0.0021 -0.9945 0.1046
vn 0.0022 -0.9993 -0.0362
vn -0.0136 -0.9978 -0.0656
vn -0.0486 -0.9986 -0.0184
vn -0.0841 -0.9965 -0.0000
vn -0.0049 -0.9986 -0.0521
vn -0.0176 -0.9998 0.0032
vn -0.0402 -0.9982 -0.0448
vn -0.0320 -0.9995 0.0041
vn 0.0536 -0.9642 -0.2595
vn 0.0066 -0.9995 -0.0320
vn 0.0010 -0.9997 0.0225
vn 0.0124 -0.9995 0.0300
vn 0.0147 -0.9996 0.0253
vn 0.0027 -1.0000 0.0049
vn 0.0425 -0.9978 -0.0515
vn -0.0857 -0.9958 0.0320
vn -0.0212 -0.9981 0.0576
vn -0.0002 -0.9992 -0.0390
vn 0.0110 -0.9986 -0.0520
vn -0.0136 -0.9999 0.0038
vn -0.0279 -0.9974 0.0666
vn 0.0113 -0.9955 -0.0937
vn -0.0159 -0.9996 0.0241
vn -0.0174 -0.9989 -0.0434
vn 0.0053 -0.9986 -0.0517
vn 0.0667 -0.9376 0.3412
vn 0.0004 -0.9948 -0.1017
vn 0.0190 -0.9990 -0.0393
vn 0.0373 -0.9993 0.0089
vn 0.0463 -0.9985 0.0296
vn 0.0463 -0.9982 0.0379
vn 0.0751 -0.9962 -0.0435
vn 0.0752 -0.9971 0.0108
vn -0.0393 -0.9919 0.1212
vn -0.0011 -1.0000 -0.0012
vn -0.0003 -0.9986 -0.0527
vn 0.0121 -0.9989 -0.0444
vn -0.0225 -0.9991 0.0347
vn 0.0030 -0.9972 -0.0748
vn -0.0121 -0.9987 -0.0488
vn -0.0254 -0.9993 0.0291
vn -0.0161 -0.9985 -0.0524
vn -0.0522 -0.9961 -0.0717
vn -0.1653 -0.8025 0.5733
vn 0.0046 -0.9969 -0.0780
vn 0.0275 -0.9996 -0.0064
vn 0.0098 -0.9994 0.0332
vn -0.0043 -0.9998 0.0213
vn -0.0065 -0.9996 -0.0272
vn -0.0935 -0.9923 0.0815
vn -0.0338 -0.9968 0.0729
vn 0.0163 -0.9974 -0.0696
vn 0.0415 -0.9985 -0.0360
vn 0.0066 -0.9979 0.0637
vn 0.0868 -0.9866 -0.1380
vn -0.0202 -0.9998 -0.0081
vn -0.0098 -0.9998 0.0183
vn -0.0037 -0.9991 -0.0429
vn -0.0009 -0.9998 0.0194
vn 0.0376 -0.9939 -0.1032
vn 0.0108 -0.9997 0.0210
vn -0.0186 -0.9979 0.0626
vn -0.0396 -0.9986 0.0354
vn -0.0577 -0.9981 0.0221
vn -0.0533 -0.9974 0.0489
vn 0.0095 -0.9999 0.0074
vn 0.0061 -0.9996 -0.0261
vn 0.0820 -0.9952 -0.0537
vn -0.0259 -0.9997 -0.0043
vn 0.0156 -0.9997 -0.0171
vn 0.0402 -0.9991 -0.0167
vn -0.0409 -0.9990 0.0198
vn 0.0193 -0.9997 -0.0174
vn 0.0432 -0.9979 -0.0474
vn 0.0056 -1.0000 0.0051
vn -0.0553 -0.9707 -0.2337
vn 0.0220 -0.9984 0.0522
vn 0.0310 -0.9966 0.0757
vn 0.0502 -0.9979 0.0411
vn 0.0383 -0.9988 0.0293
vn 0.0211 -0.9996 0.0163
vn 0.0189 -0.9997 0.0144
vn 0.0401 -0.9970 -0.0662
vn 0.0420 -0.9972 -0.0614
vn -0.0194 -0.9989 0.0434
vn -0.0525 -0.9975 -0.0473
vn -0.0000 -1.0000 -0.0060
vn 0.0491 -0.9987 0.0136
vn 0.0699 -0.9952 -0.0679
vn 0.0923 -0.9938 -0.0620
vn 0.0658 -0.9816 0.1790
vn -0.0746 -0.9854 -0.1530
vn -0.0001 -0.9998 -0.0222
vn 0.0902 -0.9953 0.0353
vn 0.1081 -0.9935 0.0357
vn 0.1115 -0.9919 0.0612
vn 0.0855 -0.9951 0.0503
vn 0.0363 -0.9992 0.0165
vn -0.0076 -0.9982 -0.0600
vn -0.0496 -0.9986 -0.0165
vn -0.0061 -0.9989 0.0455
vn 0.0151 -0.9994 -0.0315
vn 0.0151 -0.9955 -0.0930
vn 0.1030 -0.9935 -0.0492
vn 0.1147 -0.9908 -0.0718
vn 0.0315 -0.9938 0.1063
vn -0.2603 -0.9279 -0.2670
vn -0.0054 -0.9994 -0.0354
vn 0.0652 -0.9978 0.0139
vn 0.0901 -0.9953 0.0364
vn 0.1301 -0.9888 0.0731
vn 0.1282 -0.9883 0.0827
vn 0.0877 -0.9961 0.0043
vn 0.0488 -0.9984 -0.0289
vn 0.0639 -0.9976 -0.0274
vn 0.1087 -0.9926 -0.0539
vn 0.1181 -0.9873 -0.1063
vn 0.1360 -0.9886 -0.0646
vn 0.0743 -0.9956 -0.0577
vn -0.0437 -0.9523 0.3021
vn -0.1285 -0.9214 -0.3668
vn -0.0716 -0.9968 -0.0346
vn -0.0027 -0.9998 -0.0171
vn 0.0555 -0.9982 0.0231
vn 0.1150 -0.9924 0.0434
vn 0.1659 -0.9857 0.0292
vn 0.1361 -0.9907 0.0053
vn 0.1007 -0.9947 -0.0226
vn 0.0898 -0.9938 -0.0657
vn 0.0758 -0.9876 -0.1377
vn -0.1286 -0.9885 0.0797
vn -0.3221 -0.9395 0.1169
vn -0.1738 -0.9814 -0.0816
vn -0.0659 -0.9953 -0.0715
vn 0.0020 -0.9996 0.0275
vn -0.0748 -0.9971 -0.0153
vn 0.0033 -0.9995 0.0317
vn -0.0092 -0.9999 0.0111
vn -0.1068 -0.9942 0.0145
vn -0.2815 -0.9594 -0.0151
vn -0.1197 -0.9923 -0.0319
vn 0.1565 -0.9319 -0.3271
vn 0.0465 -0.9753 -0.2160
vn -0.2313 -0.8734 0.4285
vn 0.5973 -0.8020 -0.0045
vn 0.1170 -0.9925 -0.0347
vn 0.5828 -0.8122 0.0247
vn 0.5209 -0.8513 -0.0637
vn 0.2749 -0.9149 -0.2955
vn -0.1181 -0.9711 0.2073
vn -0.1076 -0.9937 0.0311
vn 0.0275 -0.9928 -0.1163
vn 0.4330 -0.6079 0.6655
vn 0.0701 -0.9249 -0.3736
vn -0.0130 -0.9999 0.0017
vn 0.0554 -0.9940 0.0947
vn 0.0061 -0.9993 0.0373
vn 0.0943 -0.9945 0.0463
vn -0.0064 -0.9953 -0.0966
vn 0.1240 -0.9468 -0.2970
vn -0.0201 -0.9913 -0.1301
vn 0.0027 -0.9950 -0.0994
vn 0.0001 -0.9944 0.1060
vn 0.5911 -0.7924 0.1506
vn 0.6136 -0.7420 0.2699
vn -0.0460 -0.9989 0.0119
vn -0.0255 -0.9983 0.0526
vn 0.2819 -0.9146 -0.2897
vn 0.0393 -0.9928 0.1128
vn 0.0336 -0.9769 -0.2108
vn 0.2087 -0.9722 -0.1059
vn -0.0411 -0.9992 0.0028
vn 0.0175 -0.9657 -0.2590
vn -0.1645 -0.9843 0.0642
vn 0.5361 -0.7869 0.3057
vn -0.1173 -0.7950 0.5952
vn -0.0003 -1.0000 -0.0009
vn -0.0135 -0.9994 -0.0328
vn -0.0094 -0.9956 -0.0928
vn -0.3962 -0.9168 0.0496
vn 0.0116 -0.9952 -0.0975
vn 0.0095 -0.9953 -0.0965
vn -0.3511 -0.8031 0.4815
vn -0.0023 -1.0000 0.0026
vn -0.0000 -1.0000 -0.0000
vn 0.2607 -0.9085 -0.3265
vn -0.0027 -0.9793 0.2025
vn 0.0480 -0.9965 -0.0683
vn 0.0397 -0.9770 -0.2095
vn 0.0700 -0.9940 0.0836
vn -0.0086 -1.0000 0.0040
vn 0.0029 -0.9998 0.0188
vn 0.1831 -0.9804 0.0729
vn -0.0586 -0.9972 0.0468
vn -0.3579 -0.8783 -0.3171
vn -0.0778 -0.9947 0.0670
vn 0.4907 -0.8703 -0.0421
vn 0.0441 -0.9967 0.0676
vn 0.1166 -0.8363 0.5357
vn 0.0720 -0.9970 0.0290
vn -0.0037 -0.9756 0.2194
vn 0.0282 -0.9946 0.0999
vn -0.1150 -0.9287 0.3526
vn 0.1275 -0.9841 0.1236
vn 0.0170 -0.9954 -0.0947
vn -0.0986 -0.9946 0.0337
vn -0.1137 -0.9543 -0.2765
vn 0.0118 -0.9984 -0.0552
vn -0.1303 -0.9676 0.2163
vn -0.1158 -0.9885 -0.0975
vn -0.5120 -0.8375 0.1908
vn 0.0469 -0.9700 -0.2387
vn 0.0495 -0.9685 -0.2440
vn 0.2840 -0.9127 -0.2938
vn 0.0083 -0.9999 -0.0062
vn 0.1339 -0.9882 0.0739
vn 0.0622 -0.9946 -0.0835
vn -0.1051 -0.9936 -0.0425
vn -0.1818 -0.9793 -0.0892
vn -0.2925 -0.9531 -0.0783
vn -0.3818 -0.9179 -0.1078
vn -0.7653 -0.6354 -0.1033
vn -0.9572 -0.2732 -0.0955
vn -0.9834 -0.1422 -0.1123
vn -0.9515 -0.2741 -0.1400
vn -0.9609 -0.2476 -0.1244
vn -0.9893 -0.0582 -0.1337
vn -0.9456 0.2868 -0.1540
vn -0.8129 0.5569 -0.1703
vn -0.4332 0.8920 -0.1293
vn 0.9118 -0.4075 -0.0512
vn 0.7154 -0.3616 0.5979
vn 0.9807 -0.1938 0.0249
vn 0.6912 -0.5356 0.4851
vn 0.9934 0.1113 0.0284
vn 0.8561 -0.0655 0.5127
vn 0.9752 0.2083 -0.0752
vn 0.3826 0.9206 0.0788
vn 0.8413 0.5074 0.1863
vn 0.9387 0.2610 0.2251
vn 0.9467 0.2373 0.2179
vn 0.9891 0.0451 0.1403
vn 0.8597 -0.5067 0.0649
vn 0.9086 -0.4113 0.0729
vn 0.8967 -0.4286 0.1103
vn 0.5649 -0.8224 0.0677
vn 0.4847 -0.8711 0.0794
vn 0.6091 -0.7815 0.1351
vn 0.2309 -0.9679 0.0989
vn 0.8259 0.1836 0.5331
vn 0.9955 0.0932 -0.0170
vn 0.8000 0.3643 0.4767
vn 0.9678 0.2511 0.0178
vn 0.7189 0.5515 0.4232
vn 0.6987 0.6924 -0.1801
vn 0.2210 0.9637 0.1501
vn 0.1948 0.6706 -0.7158
vn -0.4242 0.8792 -0.2170
vn -0.0040 0.0844 -0.9964
vn -0.7089 0.5464 -0.4460
vn 0.0023 -0.1543 -0.9880
vn -0.7764 0.3694 -0.5106
vn 0.0597 -0.1581 -0.9856
vn -0.8439 -0.0104 -0.5365
vn 0.0214 -0.0677 -0.9975
vn -0.8754 -0.0293 -0.4825
vn -0.4246 -0.0509 -0.9039
vn -0.8514 0.0192 -0.5242
vn -0.0608 0.1315 -0.9894
vn -0.7856 -0.3548 -0.5069
vn 0.1603 -0.1325 -0.9781
vn -0.6913 -0.5717 -0.4418
vn 0.1814 -0.3969 -0.8998
vn -0.5973 -0.7116 -0.3699
vn 0.2678 -0.4268 -0.8638
vn -0.3873 -0.8853 -0.2572
vn 0.5084 -0.6107 -0.6071
vn -0.1115 -0.9878 -0.1083
vn 0.2672 -0.7692 -0.5805
vn -0.3525 -0.9098 -0.2191
vn 0.4207 -0.5811 -0.6967
vn -0.2352 -0.9649 -0.1166
vn 0.6948 -0.5018 0.5152
vn 0.7834 -0.5860 -0.2071
vn 0.3994 -0.8641 0.3061
vn 0.7943 -0.4756 -0.3779
vn 0.5609 -0.7185 0.4112
vn 0.9229 -0.3076 -0.2317
vn 0.5588 -0.7371 0.3799
vn 0.8986 -0.4357 -0.0523
vn 0.2189 -0.9655 0.1408
vn 0.6452 -0.7048 -0.2948
vn -0.4594 -0.7183 -0.5225
vn -0.5866 -0.5583 -0.5867
vn -0.5745 -0.5744 -0.5831
vn -0.5440 -0.5383 -0.6437
vn -0.6475 -0.3749 -0.6635
vn -0.6811 -0.2994 -0.6681
vn -0.5446 -0.3895 -0.7428
vn -0.6784 -0.1920 -0.7091
vn -0.6927 -0.1766 -0.6993
vn -0.6021 -0.0546 -0.7966
vn -0.7097 0.0146 -0.7044
vn -0.6756 -0.0990 -0.7306
vn -0.6208 -0.0092 -0.7839
vn -0.6784 0.2144 -0.7027
vn -0.6622 0.3225 -0.6764
vn -0.5963 0.1789 -0.7825
vn -0.6317 0.3530 -0.6902
vn -0.6567 0.3723 -0.6558
vn -0.6077 0.3644 -0.7056
vn -0.5816 0.5433 -0.6054
vn -0.6407 0.4254 -0.6392
vn -0.6199 0.4293 -0.6568
vn -0.2566 0.9303 -0.2623
vn -0.2362 0.9429 -0.2349
vn -0.2853 0.9252 -0.2502
vn -0.4576 -0.7631 -0.4564
vn -0.4205 -0.8147 -0.3994
vn -0.3853 -0.8333 -0.3963
vn -0.3320 -0.8952 -0.2974
vn -0.1877 -0.9692 -0.1592
vn -0.2881 -0.9118 -0.2927
vn -0.2656 -0.9405 -0.2121
vn -0.3837 -0.8704 -0.3083
vn 0.2496 0.9240 0.2896
vn 0.2378 0.9414 0.2393
vn 0.2623 0.9302 0.2567
vn -0.1205 -0.9778 -0.1712
vn -0.2375 -0.9499 -0.2033
vn -0.4046 -0.8441 -0.3517
vn -0.0346 -0.9981 -0.0503
vn -0.1129 -0.9898 -0.0871
vn 0.0385 -0.9991 -0.0165
vn 0.6693 0.3877 0.6338
vn 0.6132 0.5125 0.6011
vn 0.5888 0.5552 0.5875
vn 0.7261 0.2373 0.6453
vn 0.6900 0.3322 0.6430
vn 0.6607 0.3791 0.6479
vn 0.6858 0.3260 0.6507
vn 0.7556 -0.0179 0.6548
vn 0.7032 0.1949 0.6837
vn 0.6641 0.0447 0.7463
vn 0.7089 -0.3127 0.6322
vn 0.7419 -0.0191 0.6702
vn 0.6040 -0.3747 0.7034
vn 0.7242 -0.1898 0.6630
vn 0.7357 -0.2012 0.6468
vn 0.5931 -0.4940 0.6357
vn 0.7628 -0.1381 0.6317
vn 0.6670 -0.3748 0.6439
vn 0.6092 -0.5569 0.5646
vn 0.7026 -0.3643 0.6113
vn 0.5289 -0.6665 0.5254
vn 0.5840 -0.6914 0.4253
vn 0.5588 -0.6111 0.5607
vn 0.3433 -0.8576 0.3828
vn 0.5586 -0.7362 0.3820
vn 0.3820 -0.8157 0.4345
vn 0.3790 -0.8013 0.4628
vn 0.4120 -0.8570 0.3095
vn 0.2620 -0.9158 0.3043
vn 0.4218 -0.7846 0.4544
vn 0.2217 -0.9606 0.1678
vn 0.1375 -0.9795 0.1470
vn 0.2087 -0.9559 0.2067
vn -0.2166 -0.9730 -0.0798
vn -0.2826 -0.9592 -0.0041
vn 0.3361 -0.9280 0.1607
vn 0.4073 -0.8902 0.2042
vn 0.6664 -0.6767 0.3130
vn 0.6314 -0.7203 0.2873
vn 0.6190 -0.7479 0.2396
vn 0.5611 -0.8121 0.1602
vn 0.5032 -0.8490 0.1612
vn 0.5443 -0.8319 0.1078
vn 0.8649 -0.3984 0.3052
vn 0.8908 -0.3773 0.2532
vn 0.8660 -0.3786 0.3267
vn 0.8852 -0.4013 0.2355
vn 0.8206 -0.5273 0.2203
vn 0.8279 -0.5273 0.1912
vn 0.9618 -0.0281 0.2723
vn 0.9626 0.0070 0.2709
vn 0.9171 0.1664 0.3622
vn 0.9110 0.1937 0.3641
vn 0.9035 0.3090 0.2970
vn 0.9062 0.2739 0.3221
vn 0.8222 0.5126 0.2472
vn 0.8241 0.5060 0.2545
vn 0.2832 0.9553 0.0848
vn 0.3234 0.9407 0.1027
vn -0.2479 0.9682 -0.0350
vn -0.2579 0.9550 -0.1462
vn -0.7307 0.6386 -0.2415
vn -0.6965 0.6560 -0.2908
vn -0.8545 0.4106 -0.3182
vn -0.8490 0.4078 -0.3361
vn -0.9246 0.0720 -0.3741
vn -0.9236 0.1623 -0.3474
vn -0.9136 -0.0299 -0.4056
vn -0.9486 -0.0255 -0.3154
vn -0.9221 -0.0761 -0.3794
vn -0.9492 -0.1771 -0.2599
vn -0.8811 -0.3277 -0.3410
vn -0.9057 -0.3306 -0.2655
vn -0.7151 -0.6512 -0.2539
vn -0.7847 -0.5364 -0.3106
vn -0.6718 -0.6919 -0.2646
vn -0.5810 -0.7658 -0.2758
vn -0.4735 -0.8655 -0.1635
vn -0.4183 -0.8918 -0.1721
vn -0.2427 -0.9648 -0.1008
vn -0.3225 -0.9333 -0.1579
vn -0.2217 -0.9739 -0.0492
vn -0.3998 -0.9014 -0.1661
vn 0.0022 -0.9945 0.1043
vn 0.0162 -0.9982 0.0577
vn -0.1919 -0.9809 0.0328
vn -0.3549 -0.9295 0.1007
vn -0.3875 -0.9219 -0.0030
vn -0.2289 -0.9640 0.1351
vn -0.6973 -0.7167 0.0095
vn -0.4086 -0.9074 0.0985
vn -0.7176 -0.6964 -0.0051
vn -0.6868 -0.7268 0.0112
vn -0.6924 -0.7153 -0.0940
vn -0.9513 -0.2993 -0.0733
vn -0.9013 -0.4047 -0.1546
vn -0.9878 -0.1132 -0.1067
vn -0.9659 -0.1942 -0.1714
vn -0.9079 -0.4148 -0.0608
vn -0.9817 0.0569 -0.1820
vn -0.9924 -0.0590 -0.1079
vn -0.8979 0.4114 -0.1567
vn -0.9842 0.1200 -0.1300
vn -0.9285 0.3493 -0.1264
vn -0.9726 0.1836 -0.1425
vn -0.9392 0.3249 -0.1113
vn -0.8211 0.5480 -0.1598
vn -0.3636 0.9211 -0.1392
vn -0.3962 0.9032 -0.1650
vn 0.6268 0.7777 0.0480
vn 0.3152 0.9484 -0.0346
vn 0.9655 0.2248 0.1311
vn 0.8807 0.4725 0.0334
vn 0.8661 0.4949 0.0703
vn 0.9992 0.0117 0.0383
vn 0.8520 0.5215 0.0468
vn 0.9792 0.1766 0.1001
vn 0.9875 0.1139 0.1085
vn 0.9261 0.3508 0.1391
vn 0.9359 -0.3327 0.1155
vn 0.9916 -0.0226 0.1275
vn 0.7093 -0.6990 0.0910
vn 0.9150 -0.3752 0.1486
vn 0.8288 -0.5538 0.0794
vn 0.7619 -0.6304 0.1487
vn 0.7372 -0.6701 0.0869
vn 0.4098 -0.9012 0.1411
vn 0.3894 -0.9154 0.1018
vn 0.2466 -0.9590 0.1399
vn 0.6545 -0.7452 0.1277
vn 0.5124 -0.8458 0.1485
vn 0.4739 -0.8726 0.1183
vn 0.5857 -0.7964 0.1506
vn 0.0402 -0.9989 -0.0224
vn -0.3665 -0.9294 -0.0442
vn -0.5203 -0.8495 -0.0872
vn -0.5283 -0.8485 -0.0290
vn -0.5955 -0.8024 0.0381
vn -0.7966 -0.6045 0.0054
vn -0.9656 -0.2403 -0.0989
vn -0.9718 -0.2113 -0.1043
vn -0.9757 -0.2174 -0.0271
vn -0.9847 0.1682 -0.0459
vn -0.9283 0.3718 -0.0079
vn -0.9378 0.3346 -0.0927
vn 0.8049 0.5929 0.0239
vn 0.9808 0.1945 -0.0118
vn 0.9872 -0.0764 -0.1397
vn 0.9728 0.1757 -0.1506
vn 0.9975 0.0551 -0.0447
vn 0.9337 -0.3580 -0.0025
vn 0.8309 -0.5564 0.0047
vn 0.6462 -0.7632 -0.0065
vn 0.3440 -0.9327 -0.1079
vn 0.3786 -0.9107 -0.1653
vn 0.4397 -0.8935 -0.0910
vn 0.0110 -0.9787 0.2049
vn 0.2471 -0.9616 0.1192
vn 0.9265 -0.3762 0.0051
vn 0.7125 -0.6807 0.1704
vn 0.5457 -0.8178 0.1826
vn 0.3566 -0.9274 0.1133
vn -0.6124 -0.7780 0.1405
vn -0.7987 -0.5721 0.1862
vn -0.8850 -0.4030 0.2334
vn -0.7190 -0.6824 0.1317
vn -0.0696 0.8407 -0.5371
vn -0.0000 0.9999 0.0145
vn -0.9624 -0.1554 0.2229
vn -0.9678 -0.0184 0.2512
vn 0.0379 -0.9983 -0.0433
vn -0.4395 -0.8946 -0.0809
vn -0.3783 -0.9256 -0.0069
vn -0.3626 -0.9286 0.0791
vn -0.5962 -0.7997 0.0709
vn -0.9014 -0.4326 0.0203
vn -0.9926 -0.0887 -0.0833
vn -0.9415 -0.3337 -0.0477
vn -0.9814 -0.1859 -0.0483
vn -0.9823 0.1632 -0.0919
vn -0.9598 0.2793 -0.0273
vn -0.8317 0.5553 -0.0002
vn -0.4173 0.9088 0.0026
vn 0.3974 0.9175 -0.0124
vn 0.8474 0.5309 -0.0000
vn 0.9963 0.0579 -0.0639
vn 0.9979 -0.0469 -0.0455
vn 0.9415 0.3295 0.0702
vn 0.9955 0.0842 0.0431
vn 0.9284 -0.3714 0.0042
vn 0.8123 -0.5832 -0.0077
vn 0.4990 -0.8628 -0.0812
vn 0.2012 -0.9722 -0.1201
vn 0.4708 -0.8765 -0.1005
vn 0.5860 -0.8083 -0.0563
vn 0.9968 0.0615 -0.0502
vn 0.8385 -0.5159 0.1754
vn 0.9252 -0.3523 0.1410
vn 0.9929 -0.0581 0.1042
vn 0.8176 0.5744 0.0401
vn 0.8154 0.5383 -0.2129
vn 0.9966 0.0779 -0.0277
vn 0.9573 0.2873 0.0334
vn -0.8907 0.2737 0.3630
vn -0.3346 -0.8633 -0.3779
vn -0.9401 0.2189 0.2613
vn -0.8852 0.4145 0.2114
vn -0.4108 -0.9001 0.1451
vn -0.2197 -0.9600 0.1736
vn 0.1395 -0.9642 0.2256
vn 0.0338 -0.9789 0.2014
vn -0.2126 -0.9691 0.1251
vn -0.2232 -0.9627 0.1528
vn -0.5551 -0.8307 0.0438
vn -0.3978 -0.9133 0.0875
vn -0.5599 -0.8281 -0.0264
vn -0.5149 -0.8570 0.0224
vn -0.5436 -0.8376 -0.0539
vn -0.7040 -0.7087 -0.0461
vn -0.8212 -0.5600 -0.1096
vn -0.8955 -0.4279 -0.1223
vn -0.9355 -0.3221 -0.1450
vn -0.9849 -0.0754 -0.1558
vn -0.9754 -0.1696 -0.1405
vn -0.9423 -0.3089 -0.1288
vn -0.9760 -0.0686 -0.2066
vn -0.9455 -0.2746 -0.1752
vn -0.8761 0.3678 -0.3118
vn -0.9438 0.2150 -0.2509
vn -0.7790 0.5421 -0.3149
vn -0.8676 0.3811 -0.3193
vn -0.8783 0.4004 -0.2612
vn -0.7324 0.5759 -0.3631
vn -0.5622 0.8008 -0.2066
vn -0.3691 0.8765 -0.3089
vn 0.6349 0.7722 -0.0246
vn 0.4989 0.8645 -0.0621
vn 0.9522 0.2418 0.1865
vn 0.9719 0.1994 0.1248
vn 0.7872 0.6068 0.1103
vn 0.9293 0.3415 0.1408
vn 0.8618 0.4850 0.1488
vn 0.8905 0.4079 0.2016
vn 0.9670 0.0587 0.2480
vn 0.9570 0.1303 0.2590
vn 0.9440 -0.1879 0.2711
vn 0.9622 -0.0307 0.2707
vn 0.8556 -0.4482 0.2591
vn 0.8847 -0.3663 0.2884
vn 0.7892 -0.5707 0.2271
vn 0.7944 -0.5357 0.2864
vn 0.5412 -0.8094 0.2278
vn 0.5620 -0.7742 0.2912
vn 0.3208 -0.9260 0.1988
vn 0.2293 -0.9358 0.2676
vn 0.5758 -0.7696 0.2758
vn 0.3928 -0.8625 0.3192
vn 0.4603 -0.8372 0.2952
vn 0.5020 -0.8056 0.3146
vn 0.1091 0.9918 -0.0666
vn -0.2624 0.9218 -0.2855
vn 0.2505 0.9309 0.2660
vn 0.4849 0.6974 -0.5278
vn 0.0018 1.0000 0.0087
vn -0.6578 0.7457 0.1057
vn -0.2336 0.9396 -0.2503
vn 0.3060 0.9004 0.3093
vn 0.2411 0.9394 0.2438
vn 0.2504 0.9395 0.2336
vn 0.0515 0.9974 -0.0509
vn -0.0079 0.9999 0.0079
vn -0.1193 0.9857 0.1193
vn -0.0132 0.9998 0.0132
vn 0.0483 0.9976 -0.0486
vn -0.0120 0.9989 0.0452
vn -0.0916 0.9916 0.0916
vn -0.0285 0.7461 -0.6653
vn -0.1832 0.9831 -0.0007
vn -0.7302 0.6098 -0.3083
vn 0.5935 0.8044 0.0241
vn 0.3976 0.9161 -0.0510
vn 0.0614 0.9404 -0.3344
vn 0.0036 0.9899 -0.1420
vn -0.8052 0.5191 -0.2867
vn -0.5535 0.7890 -0.2667
vn 0.6269 0.7791 0.0046
vn 0.4954 0.8675 -0.0460
vn -0.0307 0.9857 -0.1656
vn 0.0025 0.9814 -0.1918
vn 0.0030 0.9680 -0.2507
vn -0.0453 0.9980 -0.0448
vn 0.0100 0.9762 -0.2166
vn -0.0212 0.9954 0.0935
vn -0.3489 0.9360 0.0463
vn 0.0111 0.9954 0.0954
vn 0.3669 0.9269 0.0795
vn -0.3500 0.8897 -0.2931
vn 0.3038 0.9448 0.1228
vn 0.3095 0.9477 0.0777
vn -0.3645 0.9308 0.0271
vn -0.2287 0.9676 -0.1071
vn -0.2131 0.9452 0.2475
vn 0.0335 0.9482 -0.3159
vn 0.0335 0.9519 0.3047
vn 0.0357 0.9993 -0.0146
vn 0.0262 0.9803 -0.1957
vt 0.136646 0.775967
vt 0.113381 0.782261
vt 0.116361 0.770957
vt 0.674160 0.481414
vt 0.651134 0.472660
vt 0.672651 0.464999
vt 0.015890 0.704966
vt 0.001627 0.699355
vt 0.003221 0.695274
vt 0.040423 0.725565
vt 0.025300 0.722425
vt 0.028249 0.715090
vt 0.064833 0.747533
vt 0.047862 0.747292
vt 0.052389 0.736418
vt 0.097381 0.764556
vt 0.076313 0.768486
vt 0.080060 0.756873
vt 0.591383 0.505651
vt 0.572258 0.520066
vt 0.571893 0.506600
vt 0.631703 0.500067
vt 0.612386 0.515921
vt 0.611375 0.503025
vt 0.676003 0.512524
vt 0.652892 0.500901
vt 0.675161 0.499213
vt 0.438513 0.064224
vt 0.441790 0.074358
vt 0.435983 0.076836
vt 0.032967 0.743419
vt 0.019463 0.735414
vt 0.022275 0.729352
vt 0.055665 0.771162
vt 0.038365 0.768274
vt 0.042478 0.758733
vt 0.452690 0.057611
vt 0.453695 0.071101
vt 0.447705 0.072435
vt 0.461833 0.026180
vt 0.466726 0.039800
vt 0.457459 0.042284
vt 0.553901 0.529880
vt 0.538739 0.538163
vt 0.537580 0.525067
vt 0.593679 0.533329
vt 0.574495 0.551890
vt 0.573091 0.536337
vt 0.633719 0.526992
vt 0.614928 0.545093
vt 0.613626 0.529853
vt 0.676854 0.524815
vt 0.655994 0.540288
vt 0.654683 0.526152
vt 0.597279 0.565522
vt 0.576103 0.582200
vt 0.575297 0.567217
vt 0.636313 0.576969
vt 0.615731 0.561449
vt 0.635689 0.559060
vt 0.680291 0.557823
vt 0.659473 0.576679
vt 0.657421 0.557753
vt 0.467921 0.054697
vt 0.465752 0.070260
vt 0.459721 0.070375
vt 0.484582 0.022560
vt 0.485526 0.038711
vt 0.476173 0.038642
vt 0.555181 0.557513
vt 0.542422 0.564822
vt 0.540143 0.551513
vt 0.483027 0.055464
vt 0.477762 0.071747
vt 0.471768 0.070730
vt 0.506719 0.026436
vt 0.503166 0.042018
vt 0.494585 0.039880
vt 0.533584 0.004313
vt 0.532236 0.018782
vt 0.519844 0.015011
vt 0.597828 0.597089
vt 0.577945 0.609585
vt 0.576912 0.596069
vt 0.637087 0.595344
vt 0.617276 0.612508
vt 0.616738 0.595388
vt 0.686050 0.594942
vt 0.660883 0.612991
vt 0.660708 0.595415
vt 0.637792 0.629839
vt 0.617264 0.646542
vt 0.617369 0.629586
vt 0.683097 0.648288
vt 0.659791 0.630225
vt 0.684785 0.631082
vt 0.497122 0.059573
vt 0.489680 0.075262
vt 0.483735 0.073268
vt 0.527295 0.034010
vt 0.518110 0.050054
vt 0.511048 0.045415
vt 0.559662 0.012939
vt 0.555563 0.027703
vt 0.544085 0.022964
vt 0.597285 0.628981
vt 0.579477 0.637606
vt 0.578857 0.623457
vt 0.546643 0.043130
vt 0.531992 0.059834
vt 0.524577 0.055371
vt 0.563157 0.641705
vt 0.546236 0.641100
vt 0.548976 0.628074
vt 0.597451 0.658967
vt 0.579233 0.666682
vt 0.579640 0.651964
vt 0.637547 0.663694
vt 0.616143 0.679084
vt 0.616688 0.663008
vt 0.679936 0.682451
vt 0.658054 0.664564
vt 0.681595 0.665101
vt 0.032589 0.901235
vt 0.012235 0.889326
vt 0.015345 0.883678
vt 0.677834 0.699414
vt 0.656154 0.713681
vt 0.656598 0.697875
vt 0.027975 0.915804
vt 0.006010 0.900155
vt 0.009102 0.894847
vt 0.569873 0.051563
vt 0.550627 0.068067
vt 0.540103 0.064267
vt 0.560568 0.669570
vt 0.537193 0.667825
vt 0.539123 0.655227
vt 0.596179 0.690244
vt 0.578329 0.698281
vt 0.578515 0.682091
vt 0.634994 0.712870
vt 0.615342 0.694901
vt 0.636171 0.696713
vt 0.591692 0.062842
vt 0.569817 0.079278
vt 0.560267 0.073340
vt 0.562204 0.693167
vt 0.537391 0.689525
vt 0.537217 0.678740
vt 0.665067 0.045720
vt 0.663891 0.066101
vt 0.652400 0.055610
vt 0.631885 0.744895
vt 0.612383 0.727464
vt 0.633567 0.728618
vt 0.294886 0.877996
vt 0.274429 0.893525
vt 0.273795 0.879911
vt 0.019050 0.930272
vt 0.000000 0.909975
vt 0.002975 0.905205
vt 0.671803 0.766614
vt 0.652448 0.754282
vt 0.674285 0.753831
vt 0.551285 0.095449
vt 0.528053 0.109727
vt 0.524605 0.104029
vt 0.607865 0.080640
vt 0.585301 0.095656
vt 0.577941 0.086687
vt 0.095679 0.891759
vt 0.070841 0.900225
vt 0.070713 0.889234
vt 0.687560 0.070232
vt 0.680673 0.091790
vt 0.672344 0.078859
vt 0.629816 0.760602
vt 0.606540 0.773405
vt 0.607841 0.759943
vt 0.094096 0.914295
vt 0.069500 0.923504
vt 0.070225 0.911910
vt 0.702147 0.100382
vt 0.688597 0.121115
vt 0.685364 0.106382
vt 0.909766 0.399560
vt 0.889041 0.417167
vt 0.888501 0.401083
vt 0.201783 0.900371
vt 0.208981 0.877996
vt 0.217535 0.898776
vt 0.560666 0.110450
vt 0.533532 0.121866
vt 0.531047 0.115680
vt 0.618905 0.102340
vt 0.593627 0.115701
vt 0.590008 0.105665
vt 0.566171 0.126762
vt 0.536764 0.134801
vt 0.535452 0.128254
vt 0.623032 0.127061
vt 0.596528 0.136479
vt 0.595651 0.126081
vt 0.094577 0.940192
vt 0.067748 0.948643
vt 0.068095 0.935852
vt 0.709556 0.149383
vt 0.688519 0.136519
vt 0.708332 0.133016
vt 0.910767 0.433950
vt 0.889895 0.451673
vt 0.889354 0.434404
vt 0.954037 0.434935
vt 0.933125 0.452454
vt 0.932248 0.435198
vt 0.096135 0.968579
vt 0.072514 0.975655
vt 0.069530 0.962394
vt 0.705445 0.181625
vt 0.689011 0.166455
vt 0.707588 0.165694
vt 0.911415 0.469484
vt 0.891948 0.487190
vt 0.890771 0.469562
vt 0.954986 0.470293
vt 0.933538 0.487971
vt 0.933461 0.470372
vt 0.568114 0.143497
vt 0.537465 0.148092
vt 0.537441 0.141443
vt 0.621216 0.151825
vt 0.595128 0.156637
vt 0.596259 0.146706
vt 0.566701 0.159850
vt 0.535514 0.160986
vt 0.536824 0.154643
vt 0.618088 0.174461
vt 0.590964 0.175405
vt 0.593322 0.166189
vt 0.669530 0.191657
vt 0.642417 0.195196
vt 0.643678 0.183007
vt 0.875301 0.520137
vt 0.859624 0.503489
vt 0.877263 0.503512
vt 0.911087 0.505699
vt 0.892216 0.522263
vt 0.892811 0.504588
vt 0.954271 0.522524
vt 0.933042 0.505474
vt 0.954730 0.505301
vt 0.872660 0.537020
vt 0.853548 0.548228
vt 0.852624 0.534671
vt 0.909467 0.558271
vt 0.890278 0.539901
vt 0.909923 0.541693
vt 0.952534 0.558588
vt 0.931280 0.541002
vt 0.953400 0.540138
vt 0.558665 0.183197
vt 0.533538 0.167026
vt 0.562133 0.175725
vt 0.613084 0.195436
vt 0.584164 0.193014
vt 0.587905 0.184410
vt 0.664884 0.217446
vt 0.633946 0.217311
vt 0.638944 0.206571
vt 0.549516 0.196464
vt 0.527685 0.177958
vt 0.554456 0.190092
vt 0.596694 0.222568
vt 0.579695 0.201314
vt 0.602810 0.213990
vt 0.643149 0.250850
vt 0.627660 0.227465
vt 0.651793 0.240397
vt 0.678334 0.272026
vt 0.673642 0.252005
vt 0.691463 0.261444
vt 0.909520 0.573446
vt 0.889067 0.585451
vt 0.888526 0.571360
vt 0.950850 0.596038
vt 0.929891 0.576634
vt 0.951630 0.576915
vt 0.900862 0.601194
vt 0.894791 0.604705
vt 0.971576 0.609217
vt 0.946023 0.601807
vt 0.929302 0.595170
vt 0.537826 0.207375
vt 0.519582 0.187272
vt 0.543931 0.202198
vt 0.582035 0.238596
vt 0.567984 0.217034
vt 0.589933 0.230939
vt 0.625025 0.271210
vt 0.611754 0.246030
vt 0.634139 0.261040
vt 0.658283 0.289302
vt 0.652006 0.272853
vt 0.666510 0.281514
vt 0.524507 0.216528
vt 0.509721 0.195204
vt 0.531320 0.212118
vt 0.564238 0.252189
vt 0.553077 0.229248
vt 0.573361 0.245605
vt 0.603509 0.289809
vt 0.593200 0.263221
vt 0.614432 0.280547
vt 0.510209 0.224556
vt 0.498623 0.202151
vt 0.517439 0.220666
vt 0.545191 0.263980
vt 0.536375 0.239413
vt 0.554800 0.258356
vt 0.581543 0.307703
vt 0.573177 0.278850
vt 0.592586 0.299051
vt 0.525614 0.273077
vt 0.519138 0.248243
vt 0.535468 0.268864
vt 0.556902 0.318620
vt 0.551870 0.290973
vt 0.569405 0.313591
vt 0.592320 0.343543
vt 0.573402 0.340793
vt 0.586417 0.332754
vt 0.317464 0.683155
vt 0.333738 0.664593
vt 0.339035 0.678435
vt 0.185304 0.919316
vt 0.165802 0.903056
vt 0.183336 0.898787
vt 0.495447 0.231372
vt 0.486699 0.208398
vt 0.502876 0.228146
vt 0.266601 0.668687
vt 0.282103 0.645056
vt 0.287156 0.662800
vt 0.480405 0.236273
vt 0.474303 0.213963
vt 0.487936 0.234135
vt 0.504897 0.278385
vt 0.501590 0.254857
vt 0.515379 0.276390
vt 0.528795 0.321114
vt 0.529339 0.298972
vt 0.543606 0.321582
vt 0.343251 0.628211
vt 0.365770 0.637242
vt 0.348169 0.643893
vt 0.307424 0.654921
vt 0.322946 0.632760
vt 0.328269 0.648961
vt 0.483357 0.279071
vt 0.483534 0.258121
vt 0.494194 0.279184
vt 0.500116 0.320036
vt 0.504972 0.300932
vt 0.514276 0.320419
vt 0.335003 0.593955
vt 0.356350 0.601422
vt 0.338621 0.611606
vt 0.294800 0.603671
vt 0.318807 0.616116
vt 0.298538 0.621243
vt 0.257215 0.632007
vt 0.274021 0.608553
vt 0.277948 0.626772
vt 0.465514 0.238270
vt 0.462339 0.217559
vt 0.472914 0.237665
vt 0.246075 0.575579
vt 0.270525 0.590256
vt 0.249490 0.594442
vt 0.451626 0.236302
vt 0.451289 0.217624
vt 0.458347 0.237889
vt 0.462579 0.276850
vt 0.465538 0.258090
vt 0.472779 0.278344
vt 0.472502 0.316622
vt 0.479764 0.298844
vt 0.486210 0.319484
vt 0.329536 0.560609
vt 0.350603 0.570124
vt 0.332197 0.576926
vt 0.288570 0.568379
vt 0.312065 0.581673
vt 0.291490 0.586007
vt 0.363780 0.523072
vt 0.382999 0.528803
vt 0.365084 0.535361
vt 0.325491 0.530156
vt 0.346685 0.540943
vt 0.327356 0.545063
vt 0.284128 0.533848
vt 0.307043 0.548308
vt 0.286173 0.550985
vt 0.243659 0.557130
vt 0.262430 0.535041
vt 0.264823 0.553311
vt 0.440152 0.229666
vt 0.441900 0.213436
vt 0.445499 0.233567
vt 0.443733 0.270184
vt 0.448946 0.254043
vt 0.452854 0.274247
vt 0.016073 0.562084
vt 0.001934 0.575707
vt 0.013453 0.556610
vt 0.040249 0.525008
vt 0.025192 0.537707
vt 0.036761 0.518008
vt 0.361879 0.500793
vt 0.381097 0.507785
vt 0.362722 0.511547
vt 0.323039 0.502476
vt 0.343694 0.514251
vt 0.324013 0.515946
vt 0.281537 0.501171
vt 0.303645 0.516823
vt 0.282635 0.517193
vt 0.239900 0.521208
vt 0.259812 0.500566
vt 0.261100 0.517737
vt 0.322655 0.477905
vt 0.342397 0.490955
vt 0.322586 0.489774
vt 0.281099 0.470641
vt 0.302115 0.487817
vt 0.281081 0.485833
vt 0.238555 0.473115
vt 0.259572 0.484906
vt 0.238346 0.487821
vt 0.022118 0.574875
vt 0.006934 0.585969
vt 0.019025 0.568291
vt 0.047345 0.541423
vt 0.031369 0.550758
vt 0.043821 0.532928
vt 0.072682 0.505860
vt 0.056191 0.514354
vt 0.069355 0.495961
vt 0.028029 0.588249
vt 0.012314 0.596908
vt 0.025162 0.581576
vt 0.054131 0.559531
vt 0.037982 0.566116
vt 0.050784 0.550322
vt 0.078712 0.527020
vt 0.063150 0.533527
vt 0.075576 0.515934
vt 0.108829 0.498901
vt 0.089505 0.500038
vt 0.106726 0.487844
vt 0.282917 0.444090
vt 0.302752 0.462114
vt 0.281835 0.456877
vt 0.185151 0.460323
vt 0.166320 0.472671
vt 0.163724 0.458680
vt 0.111379 0.522278
vt 0.094997 0.523606
vt 0.109975 0.509957
vt 0.147496 0.489599
vt 0.130522 0.512471
vt 0.128608 0.499448
vt 0.190155 0.488364
vt 0.171059 0.503799
vt 0.168607 0.488568
vt 0.032810 0.601119
vt 0.017136 0.607497
vt 0.030615 0.594794
vt 0.059768 0.577756
vt 0.043992 0.581950
vt 0.057246 0.568806
vt 0.880537 0.800626
vt 0.895017 0.803152
vt 0.881031 0.813750
vt 0.035443 0.612836
vt 0.020300 0.617087
vt 0.034499 0.607156
vt 0.062195 0.594197
vt 0.048078 0.596852
vt 0.061346 0.586113
vt 0.880240 0.775021
vt 0.894652 0.780310
vt 0.880363 0.787739
vt 0.852731 0.786543
vt 0.866541 0.795177
vt 0.853249 0.802422
vt 0.153084 0.536972
vt 0.132071 0.528120
vt 0.151414 0.520848
vt 0.194405 0.518209
vt 0.174332 0.536320
vt 0.172845 0.520218
vt 0.154015 0.554051
vt 0.134860 0.575244
vt 0.134387 0.559755
vt 0.196903 0.570996
vt 0.174908 0.553343
vt 0.196381 0.553139
vt 0.034699 0.623683
vt 0.020274 0.625764
vt 0.035433 0.618258
vt 0.062357 0.610281
vt 0.049659 0.610643
vt 0.062504 0.602226
vt 0.880723 0.750066
vt 0.894103 0.758682
vt 0.880287 0.762446
vt 0.852624 0.754159
vt 0.866112 0.766410
vt 0.852928 0.770342
vt 0.031980 0.634898
vt 0.017994 0.634608
vt 0.033508 0.629212
vt 0.060989 0.626640
vt 0.048683 0.623892
vt 0.061830 0.618412
vt 0.884974 0.726304
vt 0.895751 0.737863
vt 0.882096 0.737961
vt 0.113864 0.608842
vt 0.099938 0.599702
vt 0.114122 0.593308
vt 0.155960 0.607023
vt 0.134603 0.591329
vt 0.155116 0.588940
vt 0.197696 0.607262
vt 0.176162 0.588049
vt 0.197222 0.589139
vt 0.155687 0.641702
vt 0.134738 0.624437
vt 0.156151 0.624693
vt 0.197340 0.625745
vt 0.175926 0.643541
vt 0.176572 0.625474
vt 0.028328 0.646921
vt 0.014644 0.644017
vt 0.030216 0.640790
vt 0.058326 0.643400
vt 0.045577 0.637653
vt 0.059833 0.634958
vt 0.084887 0.641930
vt 0.072765 0.632520
vt 0.085735 0.629879
vt 0.114133 0.641096
vt 0.099074 0.627241
vt 0.114003 0.625091
vt 0.054720 0.661630
vt 0.041751 0.652575
vt 0.056533 0.652176
vt 0.082680 0.666376
vt 0.070075 0.653163
vt 0.083870 0.654093
vt 0.112948 0.671966
vt 0.098197 0.655196
vt 0.113727 0.656748
vt 0.153447 0.674880
vt 0.132800 0.657288
vt 0.154340 0.658083
vt 0.196108 0.662785
vt 0.174303 0.679272
vt 0.174890 0.661115
vt 0.024642 0.660023
vt 0.010957 0.654128
vt 0.026429 0.653323
vt 0.193167 0.715272
vt 0.173159 0.695561
vt 0.194448 0.698878
vt 0.021966 0.674061
vt 0.007652 0.665017
vt 0.023108 0.666987
vt 0.053030 0.671700
vt 0.037404 0.677605
vt 0.038437 0.669049
vt 0.079627 0.690540
vt 0.067026 0.675018
vt 0.081284 0.678577
vt 0.111824 0.686397
vt 0.094435 0.695403
vt 0.096080 0.682382
vt 0.151677 0.690869
vt 0.128349 0.704394
vt 0.129975 0.689725
vt 0.077637 0.702201
vt 0.061594 0.706459
vt 0.063662 0.696384
vt 0.107962 0.714036
vt 0.089681 0.720686
vt 0.092290 0.708154
vt 0.146319 0.722511
vt 0.124010 0.732182
vt 0.126294 0.718459
vt 0.188241 0.747727
vt 0.168988 0.727899
vt 0.190828 0.731642
vt 0.021276 0.680908
vt 0.005487 0.681648
vt 0.005777 0.676320
vt 0.050058 0.690845
vt 0.035016 0.693108
vt 0.036437 0.685648
vt 0.019816 0.693091
vt 0.004560 0.690943
vt 0.005266 0.686483
vt 0.046150 0.708142
vt 0.030904 0.707680
vt 0.033161 0.700372
vt 0.072374 0.724777
vt 0.056072 0.726200
vt 0.059096 0.716317
vt 0.102955 0.740208
vt 0.083503 0.745049
vt 0.086661 0.733034
vt 0.141643 0.749514
vt 0.119105 0.758695
vt 0.121618 0.745572
vt 0.182455 0.775704
vt 0.163193 0.754973
vt 0.185271 0.761134
vt 0.617692 0.323989
vt 0.599282 0.325887
vt 0.610927 0.316248
vt 0.282951 0.707111
vt 0.288539 0.709873
vt 0.280511 0.716067
vt 0.368790 0.705636
vt 0.360571 0.728810
vt 0.359418 0.725019
vt 0.347813 0.705133
vt 0.327486 0.709219
vt 0.317321 0.707345
vt 0.343728 0.692732
vt 0.365177 0.694953
vt 0.351226 0.716318
vt 0.623389 0.307056
vt 0.629503 0.313787
vt 0.200617 0.779033
vt 0.205891 0.751247
vt 0.166134 0.742679
vt 0.139378 0.763155
vt 0.143813 0.736514
vt 0.100301 0.752623
vt 0.105408 0.727430
vt 0.068936 0.735988
vt 0.075244 0.713578
vt 0.043542 0.716741
vt 0.048300 0.699594
vt 0.018037 0.699015
vt 0.020846 0.687200
vt 0.065422 0.685910
vt 0.051551 0.681612
vt 0.006466 0.670690
vt 0.209372 0.722608
vt 0.171629 0.712083
vt 0.149290 0.707394
vt 0.110213 0.700339
vt 0.131608 0.674098
vt 0.097309 0.668990
vt 0.068573 0.663980
vt 0.039944 0.660621
vt 0.009200 0.659477
vt 0.213721 0.687010
vt 0.195580 0.681889
vt 0.043683 0.644946
vt 0.012803 0.648977
vt 0.215833 0.648700
vt 0.196878 0.644223
vt 0.134279 0.640800
vt 0.098782 0.641263
vt 0.071521 0.642726
vt 0.134849 0.607777
vt 0.099369 0.613263
vt 0.876766 0.711718
vt 0.870609 0.724273
vt 0.889636 0.715292
vt 0.898149 0.727951
vt 0.073760 0.622459
vt 0.047303 0.630644
vt 0.016401 0.639232
vt 0.214602 0.611439
vt 0.176772 0.606604
vt 0.217601 0.575277
vt 0.175665 0.570150
vt 0.154795 0.570959
vt 0.114620 0.578586
vt 0.853540 0.738043
vt 0.866288 0.752074
vt 0.867436 0.737911
vt 0.894490 0.748146
vt 0.074530 0.612564
vt 0.906923 0.746113
vt 0.049518 0.617289
vt 0.019327 0.630129
vt 0.114527 0.564363
vt 0.113823 0.549887
vt 0.133583 0.543503
vt 0.866184 0.780802
vt 0.894292 0.769377
vt 0.906648 0.755047
vt 0.906882 0.764212
vt 0.049167 0.603845
vt 0.020666 0.621455
vt 0.216853 0.548184
vt 0.195892 0.534879
vt 0.215660 0.520666
vt 0.192641 0.502170
vt 0.212860 0.489343
vt 0.149710 0.504424
vt 0.112778 0.536022
vt 0.867162 0.809600
vt 0.854071 0.818320
vt 0.894837 0.791622
vt 0.907420 0.773591
vt 0.907927 0.783254
vt 0.046356 0.589578
vt 0.019059 0.612466
vt 0.097222 0.535923
vt 0.081666 0.538491
vt 0.092266 0.511419
vt 0.066474 0.543837
vt 0.072113 0.564407
vt 0.069580 0.554234
vt 0.041135 0.574066
vt 0.014839 0.602281
vt 0.209107 0.465725
vt 0.187771 0.474186
vt 0.145594 0.476525
vt 0.126859 0.487439
vt 0.295931 0.880007
vt 0.317950 0.890245
vt 0.295931 0.905748
vt 0.204052 0.444090
vt 0.182631 0.445129
vt 0.161122 0.445337
vt 0.143181 0.464230
vt 0.260563 0.456087
vt 0.259381 0.469013
vt 0.302159 0.474282
vt 0.124635 0.475829
vt 0.086888 0.489408
vt 0.104208 0.477223
vt 0.431308 0.886550
vt 0.420667 0.896206
vt 0.420667 0.877996
vt 0.059795 0.523753
vt 0.034685 0.558284
vt 0.009647 0.591441
vt 0.342573 0.480554
vt 0.361119 0.490664
vt 0.342815 0.502175
vt 0.052259 0.505350
vt 0.066193 0.487763
vt 0.028163 0.543792
vt 0.004302 0.580637
vt 0.217601 0.476230
vt 0.218021 0.515857
vt 0.238557 0.503734
vt 0.302599 0.501983
vt 0.241243 0.538682
vt 0.222495 0.560950
vt 0.305137 0.532283
vt 0.344995 0.527167
vt 0.381994 0.517971
vt 0.431308 0.897609
vt 0.440239 0.885980
vt 0.440239 0.905766
vt 0.399581 0.512107
vt 0.435983 0.263834
vt 0.442068 0.249597
vt 0.011263 0.552201
vt 0.022549 0.532797
vt 0.000000 0.571541
vt 0.400420 0.521465
vt 0.456650 0.293665
vt 0.467920 0.296857
vt 0.456911 0.256769
vt 0.446299 0.216053
vt 0.267236 0.571621
vt 0.309333 0.564789
vt 0.348532 0.555376
vt 0.366619 0.548385
vt 0.384199 0.540213
vt 0.315173 0.598864
vt 0.353132 0.585483
vt 0.368400 0.562150
vt 0.370512 0.575905
vt 0.492045 0.299895
vt 0.474466 0.258497
vt 0.456678 0.218097
vt 0.230107 0.608147
vt 0.252905 0.613305
vt 0.492599 0.256939
vt 0.468214 0.216152
vt 0.236184 0.636555
vt 0.261526 0.650714
vt 0.244445 0.667944
vt 0.302653 0.638422
vt 0.360466 0.618033
vt 0.373251 0.589828
vt 0.376456 0.604078
vt 0.517437 0.300850
vt 0.291771 0.677090
vt 0.312263 0.669947
vt 0.351980 0.658962
vt 0.366573 0.651522
vt 0.539311 0.341080
vt 0.558674 0.346498
vt 0.540780 0.295520
vt 0.510448 0.251895
vt 0.480529 0.211283
vt 0.271601 0.684285
vt 0.256294 0.704414
vt 0.527751 0.244051
vt 0.492743 0.205352
vt 0.179272 0.943341
vt 0.165802 0.924601
vt 0.277166 0.693518
vt 0.296962 0.687773
vt 0.302807 0.702819
vt 0.169043 0.880802
vt 0.180543 0.877995
vt 0.322995 0.699142
vt 0.356244 0.671974
vt 0.360990 0.684522
vt 0.605998 0.335071
vt 0.562767 0.285634
vt 0.583351 0.271299
vt 0.544906 0.234511
vt 0.504297 0.198779
vt 0.630773 0.293543
vt 0.642434 0.282961
vt 0.602801 0.254863
vt 0.560843 0.223499
vt 0.514837 0.191386
vt 0.372776 0.748720
vt 0.379800 0.731427
vt 0.385535 0.738431
vt 0.392351 0.748792
vt 0.376567 0.761288
vt 0.662602 0.262559
vt 0.620362 0.237098
vt 0.574312 0.209652
vt 0.523886 0.182810
vt 0.971821 0.572906
vt 0.930468 0.559065
vt 0.909470 0.589802
vt 0.888733 0.556760
vt 0.383846 0.770551
vt 0.400420 0.760233
vt 0.870520 0.553752
vt 0.684622 0.241182
vt 0.699722 0.247777
vt 0.659543 0.229466
vt 0.608605 0.205063
vt 0.530917 0.172695
vt 0.691151 0.228137
vt 0.692396 0.212625
vt 0.668798 0.204973
vt 0.616188 0.185183
vt 0.564829 0.167838
vt 0.971404 0.525081
vt 0.002475 0.202925
vt 0.024036 0.186372
vt 0.022762 0.204099
vt 0.932385 0.523258
vt 0.910796 0.524024
vt 0.855163 0.519140
vt 0.022124 0.221391
vt -0.000000 0.243260
vt 0.021471 0.238708
vt 0.955072 0.488054
vt 0.911429 0.487527
vt 0.721172 0.199962
vt 0.701378 0.214126
vt 0.701856 0.197460
vt 0.726525 0.182963
vt 0.863537 0.488349
vt 0.878080 0.487442
vt 0.690494 0.196706
vt 0.689957 0.181421
vt 0.667670 0.177098
vt 0.644124 0.170365
vt 0.619598 0.163388
vt 0.567806 0.151754
vt 0.645768 0.157600
vt 0.646940 0.144176
vt 0.622572 0.139678
vt 0.567582 0.135134
vt 0.021092 0.256519
vt 0.003898 0.275257
vt 0.018914 0.275050
vt 0.954757 0.451915
vt 0.911278 0.451421
vt 0.728356 0.165442
vt 0.729107 0.147566
vt 0.689399 0.151484
vt 0.665083 0.162481
vt 0.664433 0.148100
vt 0.096038 0.954207
vt 0.971693 0.452786
vt 0.972102 0.414362
vt 0.953336 0.419997
vt 0.931440 0.418522
vt 0.910319 0.416267
vt 0.725802 0.129969
vt 0.707215 0.116261
vt 0.722224 0.112377
vt 0.663050 0.134163
vt 0.661722 0.120582
vt 0.093990 0.926623
vt 0.644657 0.131187
vt 0.641765 0.118475
vt 0.622854 0.114003
vt 0.563890 0.118494
vt 0.049934 0.918465
vt 0.050289 0.907143
vt 0.051078 0.896227
vt 0.614367 0.090984
vt 0.556560 0.102658
vt 0.195690 0.920496
vt 0.020212 0.312803
vt 0.058265 0.332719
vt 0.054949 0.360126
vt 0.952894 0.406587
vt 0.931220 0.389749
vt 0.953213 0.392043
vt 0.930890 0.403766
vt 0.909486 0.383718
vt 0.887960 0.385000
vt 0.872230 0.422080
vt 0.870671 0.406658
vt 0.869751 0.391345
vt 0.696403 0.084547
vt 0.657365 0.107907
vt 0.651970 0.095527
vt 0.095173 0.902454
vt 0.649732 0.769815
vt 0.654685 0.740914
vt 0.609884 0.744710
vt 0.887208 0.370720
vt 0.869013 0.377806
vt 0.589756 0.751585
vt 0.591155 0.738740
vt 0.678270 0.056304
vt 0.644302 0.084161
vt 0.636546 0.072766
vt 0.096135 0.881035
vt 0.070593 0.877996
vt 0.052013 0.886504
vt 0.618999 0.071054
vt 0.601029 0.070647
vt 0.004239 0.976397
vt 0.007748 0.942887
vt 0.020130 0.971845
vt 0.028662 0.964408
vt 0.013851 0.937000
vt 0.545220 0.089070
vt 0.520742 0.098612
vt 0.069073 0.346762
vt 0.078182 0.362201
vt 0.295595 0.908340
vt 0.295931 0.892400
vt 0.035616 0.955391
vt 0.042141 0.946323
vt 0.023795 0.923186
vt 0.076104 0.385258
vt 0.089239 0.375932
vt 0.101482 0.388849
vt 0.093050 0.403286
vt 0.676876 0.715865
vt 0.655645 0.727490
vt 0.614195 0.710943
vt 0.593361 0.722961
vt 0.595060 0.706494
vt 0.577833 0.714569
vt 0.627137 0.062338
vt 0.638872 0.043829
vt 0.618543 0.050811
vt 0.561624 0.681792
vt 0.610851 0.060228
vt 0.602586 0.049379
vt 0.581965 0.055872
vt 0.637129 0.680506
vt 0.657370 0.681625
vt 0.597055 0.674279
vt 0.625035 0.033425
vt 0.608839 0.039980
vt 0.562151 0.655622
vt 0.591866 0.041610
vt 0.578870 0.037747
vt 0.557300 0.047401
vt 0.048143 0.936593
vt 0.049676 0.927592
vt 0.030736 0.908496
vt 0.692324 0.721185
vt 0.696911 0.686570
vt 0.049934 0.918850
vt 0.463442 0.901409
vt 0.456169 0.879058
vt 0.460387 0.877996
vt 0.033404 0.893933
vt 0.018303 0.877995
vt 0.701345 0.642437
vt 0.658955 0.647514
vt 0.637884 0.646916
vt 0.597398 0.644082
vt 0.563149 0.628078
vt 0.572088 0.018505
vt 0.566964 0.032851
vt 0.536975 0.038457
vt 0.597700 0.613147
vt 0.562441 0.614626
vt 0.561315 0.601162
vt 0.546959 0.008201
vt 0.517221 0.030000
vt 0.503671 0.062805
vt 0.490241 0.057101
vt 0.706062 0.603303
vt 0.686624 0.613301
vt 0.637683 0.612724
vt 0.683498 0.576123
vt 0.696857 0.555930
vt 0.616156 0.578007
vt 0.597826 0.581043
vt 0.559853 0.587305
vt 0.557598 0.572506
vt 0.519292 0.000000
vt 0.507014 0.011214
vt 0.495848 0.023621
vt 0.475555 0.054644
vt 0.554608 0.543190
vt 0.493739 0.008769
vt 0.479892 0.008458
vt 0.473085 0.023361
vt 0.460249 0.055677
vt 0.678277 0.539516
vt 0.634856 0.542271
vt 0.595853 0.549183
vt 0.696210 0.510764
vt 0.318696 0.921822
vt 0.320173 0.899937
vt 0.332954 0.901439
vt 0.331941 0.879192
vt 0.653631 0.514348
vt 0.632636 0.513292
vt 0.592275 0.518769
vt 0.553329 0.516667
vt 0.537193 0.512860
vt 0.465774 0.010119
vt 0.452144 0.013536
vt 0.451153 0.030641
vt 0.448640 0.046047
vt 0.445395 0.060473
vt 0.553530 0.505384
vt 0.060377 0.759486
vt 0.441108 0.021728
vt 0.441744 0.037176
vt 0.036819 0.734582
vt 0.009053 0.720592
vt 0.011232 0.715986
vt 0.013563 0.710704
vt 0.000000 0.703049
vt 0.692538 0.476565
vt 0.652272 0.485014
vt 0.630911 0.487253
vt 0.610518 0.491123
vt 0.590763 0.493982
vt 0.571944 0.495543
vt 0.094184 0.775822
vt 0.688326 0.444090
vt 0.671365 0.453029
vt 0.179454 0.787943
vt 0.160543 0.768400
vt 0.630047 0.476549
vt 0.157694 0.780192
vt 0.343898 0.041878
vt 0.344229 0.077718
vt 0.326234 0.059544
vt 0.380157 0.077957
vt 0.362164 0.059772
vt 0.391975 0.086621
vt 0.362128 0.095964
vt 0.412624 0.117733
vt 0.380163 0.114087
vt 0.288682 0.025767
vt 0.289822 0.059865
vt 0.271662 0.042106
vt 0.307282 0.042416
vt 0.308141 0.077633
vt 0.326159 0.095788
vt 0.362044 0.132200
vt 0.344055 0.114016
vt 0.398252 0.132351
vt 0.398077 0.168655
vt 0.380080 0.150421
vt 0.430279 0.172169
vt 0.416415 0.150522
vt 0.254169 0.023294
vt 0.218544 0.022875
vt 0.236569 0.004745
vt 0.236174 0.041235
vt 0.271997 0.077550
vt 0.253934 0.059568
vt 0.290246 0.095588
vt 0.308143 0.113868
vt 0.344033 0.150160
vt 0.325953 0.132069
vt 0.362031 0.168453
vt 0.415870 0.187023
vt 0.379988 0.186655
vt 0.416005 0.222972
vt 0.397927 0.204861
vt 0.435361 0.208312
vt 0.434131 0.241171
vt 0.200352 0.004754
vt 0.200247 0.040994
vt 0.182485 0.022859
vt 0.218040 0.059212
vt 0.253961 0.095418
vt 0.235899 0.077391
vt 0.271954 0.113730
vt 0.289701 0.131937
vt 0.326267 0.167791
vt 0.307722 0.150121
vt 0.344299 0.186547
vt 0.361985 0.204651
vt 0.379891 0.222814
vt 0.415596 0.258905
vt 0.397730 0.240925
vt 0.435982 0.245557
vt 0.164711 0.041559
vt 0.182038 0.059029
vt 0.199872 0.077223
vt 0.235735 0.113438
vt 0.217685 0.095370
vt 0.254005 0.131757
vt 0.271585 0.149978
vt 0.309054 0.184306
vt 0.289653 0.168149
vt 0.326957 0.205283
vt 0.343917 0.222702
vt 0.361766 0.240877
vt 0.379605 0.258962
vt 0.430177 0.283938
vt 0.397541 0.276977
vt 0.147813 0.026553
vt 0.146035 0.058974
vt 0.129081 0.042497
vt 0.163827 0.077060
vt 0.181711 0.095270
vt 0.199631 0.113469
vt 0.235936 0.149794
vt 0.217505 0.131642
vt 0.253486 0.168018
vt 0.267043 0.181739
vt 0.286754 0.192726
vt 0.272387 0.184855
vt 0.295869 0.207960
vt 0.294690 0.202046
vt 0.311028 0.227731
vt 0.326269 0.241783
vt 0.343707 0.259008
vt 0.361548 0.277026
vt 0.397152 0.313072
vt 0.379369 0.295032
vt 0.415747 0.295076
vt 0.415634 0.319705
vt 0.127716 0.076901
vt 0.109699 0.058722
vt 0.145620 0.095111
vt 0.163527 0.113310
vt 0.181446 0.131521
vt 0.199397 0.149686
vt 0.239447 0.177687
vt 0.217868 0.167831
vt 0.261609 0.179740
vt 0.250609 0.177722
vt 0.283421 0.204615
vt 0.253448 0.204141
vt 0.296889 0.213588
vt 0.290249 0.242156
vt 0.270495 0.223086
vt 0.307978 0.251224
vt 0.309925 0.235066
vt 0.325756 0.277010
vt 0.307036 0.259670
vt 0.343523 0.295075
vt 0.361338 0.313101
vt 0.399914 0.348516
vt 0.379196 0.331085
vt 0.073459 0.058632
vt 0.074724 0.051377
vt 0.091858 0.076854
vt 0.109579 0.094968
vt 0.127485 0.113135
vt 0.163328 0.149487
vt 0.145397 0.131327
vt 0.181386 0.167719
vt 0.199619 0.185884
vt 0.218051 0.183379
vt 0.208305 0.188977
vt 0.235371 0.186059
vt 0.235239 0.222262
vt 0.217238 0.204102
vt 0.270808 0.258269
vt 0.253313 0.240280
vt 0.286254 0.274092
vt 0.294779 0.282378
vt 0.297395 0.279224
vt 0.307662 0.295000
vt 0.325437 0.313104
vt 0.343296 0.331139
vt 0.379617 0.367662
vt 0.361228 0.349084
vt 0.375646 0.376567
vt 0.058456 0.079014
vt 0.074707 0.095290
vt 0.091870 0.113057
vt 0.109542 0.131143
vt 0.127390 0.149367
vt 0.145193 0.167581
vt 0.181225 0.203949
vt 0.163611 0.185731
vt 0.199574 0.196182
vt 0.192224 0.204777
vt 0.199122 0.222143
vt 0.235585 0.257851
vt 0.217115 0.240329
vt 0.253324 0.275768
vt 0.281581 0.294996
vt 0.271136 0.294882
vt 0.289548 0.313033
vt 0.307308 0.331153
vt 0.325212 0.349200
vt 0.361506 0.385458
vt 0.343171 0.367191
vt 0.056507 0.112222
vt 0.045281 0.082592
vt 0.073887 0.131098
vt 0.091594 0.149274
vt 0.127343 0.185603
vt 0.109391 0.167427
vt 0.145383 0.203781
vt 0.182670 0.225060
vt 0.180689 0.236130
vt 0.163014 0.221998
vt 0.199004 0.258370
vt 0.180786 0.240184
vt 0.218933 0.273950
vt 0.236327 0.289479
vt 0.250165 0.306313
vt 0.271873 0.300582
vt 0.261648 0.304374
vt 0.271353 0.331081
vt 0.289155 0.349195
vt 0.307114 0.367251
vt 0.339430 0.400897
vt 0.325153 0.385442
vt 0.683986 0.457297
vt 0.021846 0.117535
vt 0.038936 0.132165
vt 0.056302 0.149473
vt 0.073481 0.167313
vt 0.091142 0.185474
vt 0.109076 0.203657
vt 0.126939 0.221851
vt 0.144898 0.240040
vt 0.182554 0.258460
vt 0.180659 0.247376
vt 0.199621 0.283287
vt 0.186765 0.269656
vt 0.220392 0.296796
vt 0.207082 0.286839
vt 0.237162 0.304598
vt 0.227219 0.301411
vt 0.235254 0.330988
vt 0.253119 0.312917
vt 0.271051 0.367186
vt 0.253116 0.349160
vt 0.289006 0.385126
vt 0.306760 0.402920
vt 0.321837 0.418179
vt 0.038790 0.167339
vt 0.021049 0.150134
vt 0.055961 0.185237
vt 0.072988 0.203496
vt 0.090938 0.221691
vt 0.126826 0.258075
vt 0.108874 0.239884
vt 0.162891 0.258226
vt 0.181011 0.276401
vt 0.144778 0.276267
vt 0.195699 0.297958
vt 0.163122 0.294422
vt 0.198464 0.331354
vt 0.179985 0.313653
vt 0.214426 0.315199
vt 0.217215 0.349075
vt 0.234916 0.367149
vt 0.253052 0.385126
vt 0.271171 0.403087
vt 0.301502 0.425360
vt 0.289463 0.421140
vt 0.022303 0.184922
vt 0.002304 0.166545
vt 0.039261 0.203014
vt 0.055498 0.221293
vt 0.090808 0.257912
vt 0.073065 0.239659
vt 0.108759 0.276109
vt 0.126793 0.294296
vt 0.144909 0.312515
vt 0.180661 0.348883
vt 0.162572 0.330932
vt 0.198928 0.366982
vt 0.217043 0.385002
vt 0.235142 0.402983
vt 0.253107 0.420802
vt 0.254495 0.436836
vt 0.273450 0.437997
vt 0.009342 0.203036
vt 0.023637 0.220619
vt 0.038544 0.238353
vt 0.073033 0.275852
vt 0.055427 0.257443
vt 0.090765 0.294125
vt 0.108572 0.312347
vt 0.126680 0.330518
vt 0.162787 0.366810
vt 0.144730 0.348690
vt 0.180989 0.384898
vt 0.199160 0.402962
vt 0.217274 0.421118
vt 0.235482 0.439198
vt 0.009116 0.238053
vt 0.021509 0.253980
vt 0.038396 0.274480
vt 0.072972 0.312083
vt 0.055466 0.293672
vt 0.090919 0.330261
vt 0.127054 0.366413
vt 0.109014 0.348337
vt 0.145297 0.384291
vt 0.163205 0.402755
vt 0.199166 0.439492
vt 0.181322 0.420934
vt 0.198688 0.444090
vt 0.233533 0.444090
vt 0.023194 0.292203
vt 0.039076 0.311048
vt 0.073172 0.348250
vt 0.054992 0.330289
vt 0.091335 0.366226
vt 0.109196 0.384349
vt 0.128181 0.401159
vt 0.146309 0.419110
vt 0.160245 0.437435
vt 0.167750 0.432203
vt 0.033633 0.346378
vt 0.125454 0.418891
vt 0.052063 0.369276
vt 0.060344 0.378989
vt 0.070234 0.387241
vt 0.279950 0.189168
vt 0.186548 0.214502
vt 0.198879 0.000004
vt 0.204974 -0.000000
vt 0.243766 0.177703
vt 0.111467 0.031518
vt 0.308923 0.242973
vt 0.370815 0.063226
vt 0.195941 0.000487
vt 0.170571 0.004881
vt 0.213713 0.291921
vt 0.010635 0.154556
vt 0.205122 0.191606
vt 0.298557 0.014837
vt 0.275292 0.006404
vt 0.312058 0.020242
vt 0.302602 0.269468
vt 0.322793 0.026811
vt 0.155470 0.009094
vt 0.147787 0.011191
vt 0.423924 0.145140
vt 0.192275 0.278733
vt 0.487401 0.888220
vt 0.482454 0.898169
vt 0.482454 0.877995
vt 0.188404 0.211308
vt 0.240648 0.000542
vt 0.271957 0.005366
vt 0.275086 0.298762
vt 0.237697 0.000074
vt 0.434432 0.204939
vt 0.792868 0.186897
vt 0.819671 0.229891
vt 0.810015 0.233484
vt 0.802721 0.183352
vt 0.828263 0.226282
vt 0.821203 0.177034
vt 0.812353 0.180000
vt 0.343439 0.921457
vt 0.332954 0.877995
vt 0.340835 0.881789
vt 0.826507 0.175381
vt 0.851711 0.218847
vt 0.846331 0.220900
vt 0.807433 0.720595
vt 0.792577 0.684724
vt 0.803468 0.683216
vt 0.798303 0.724302
vt 0.783293 0.686874
vt 0.777737 0.727530
vt 0.788170 0.726579
vt 0.768102 0.726514
vt 0.773994 0.688426
vt 0.263812 0.916974
vt 0.253757 0.878660
vt 0.263811 0.877996
vt 0.245170 0.922292
vt 0.256238 0.922677
vt 0.511497 0.718070
vt 0.529794 0.672141
vt 0.536011 0.674107
vt 0.450450 0.667165
vt 0.477115 0.651187
vt 0.494697 0.658177
vt 0.919086 0.221198
vt 0.925978 0.188590
vt 0.927393 0.206582
vt 0.909517 0.218343
vt 0.919552 0.183185
vt 0.901458 0.176751
vt 0.911254 0.179210
vt 0.903831 0.212816
vt 0.892424 0.173982
vt 0.885063 0.209322
vt 0.895444 0.209778
vt 0.365491 0.880059
vt 0.355024 0.912863
vt 0.355640 0.877995
vt 0.875643 0.211448
vt 0.862128 0.177769
vt 0.872814 0.176645
vt 0.867598 0.216073
vt 0.854516 0.180744
vt 0.770450 0.198204
vt 0.777842 0.247565
vt 0.760904 0.200425
vt 0.794280 0.241282
vt 0.787039 0.245029
vt 0.778044 0.194869
vt 0.800836 0.237183
vt 0.783178 0.190500
vt 0.760432 0.395910
vt 0.753072 0.432442
vt 0.744215 0.430223
vt 0.779216 0.404648
vt 0.769928 0.400335
vt 0.787541 0.408248
vt 0.762427 0.438274
vt 0.409925 0.916921
vt 0.401255 0.880562
vt 0.409925 0.877995
vt 0.365491 0.916919
vt 0.376091 0.880762
vt 0.372351 0.916762
vt 0.796373 0.482655
vt 0.785447 0.450821
vt 0.795718 0.443786
vt 0.786866 0.482394
vt 0.776444 0.452580
vt 0.776610 0.482472
vt 0.766475 0.453114
vt 0.755843 0.483010
vt 0.766417 0.483994
vt 0.747070 0.484655
vt 0.756681 0.451143
vt 0.737422 0.484050
vt 0.747029 0.449360
vt 0.729898 0.484587
vt 0.729107 0.445924
vt 0.736929 0.446018
vt 0.408074 0.491667
vt 0.435140 0.458996
vt 0.442793 0.476729
vt 0.932995 0.046936
vt 0.944155 0.009252
vt 0.941925 0.028495
vt 0.923628 0.044363
vt 0.937104 0.008595
vt 0.918149 0.006891
vt 0.927562 0.007793
vt 0.914894 0.043749
vt 0.909712 0.005758
vt 0.895731 0.041961
vt 0.905972 0.043748
vt 0.885799 0.039829
vt 0.900137 0.004598
vt 0.881644 0.002552
vt 0.890287 0.003433
vt 0.349327 0.914456
vt 0.355024 0.877995
vt 0.354750 0.914482
vt 0.867890 0.037881
vt 0.868125 0.001450
vt 0.875459 0.002183
vt 0.860189 0.037390
vt 0.858827 -0.000000
vt 0.751339 0.391770
vt 0.729107 0.423245
vt 0.743246 0.388352
vt 0.734892 0.426674
vt 0.828497 0.250613
vt 0.818414 0.251191
vt 0.836042 0.249232
vt 0.838229 0.223491
vt 0.845847 0.249578
vt 0.812290 0.679125
vt 0.802228 0.655310
vt 0.810708 0.652292
vt 0.792719 0.657635
vt 0.782545 0.659179
vt 0.772098 0.659882
vt 0.763935 0.689239
vt 0.761778 0.659718
vt 0.753722 0.688317
vt 0.752001 0.658691
vt 0.744761 0.685278
vt 0.744304 0.656811
vt 0.529150 0.658038
vt 0.528507 0.643935
vt 0.512251 0.665155
vt 0.459959 0.639500
vt 0.493931 0.639754
vt 0.453444 0.641259
vt 0.454144 0.633562
vt 0.919613 0.176298
vt 0.911427 0.173340
vt 0.901767 0.171437
vt 0.892500 0.169146
vt 0.882437 0.173765
vt 0.882449 0.168680
vt 0.488620 0.878398
vt 0.494552 0.886319
vt 0.487401 0.886875
vt 0.862218 0.170840
vt 0.872848 0.170551
vt 0.855190 0.172282
vt 0.788133 0.256942
vt 0.779027 0.257409
vt 0.165802 0.988051
vt 0.157571 0.981232
vt 0.165782 0.977623
vt 0.158665 0.994032
vt 0.149972 0.984959
vt 0.809643 0.252463
vt 0.800661 0.253531
vt 0.809528 0.290549
vt 0.783836 0.321310
vt 0.800206 0.286195
vt 0.776779 0.360768
vt 0.767465 0.356426
vt 0.792756 0.282638
vt 0.776376 0.318528
vt 0.758643 0.352282
vt 0.164031 0.955997
vt 0.157285 0.916039
vt 0.165802 0.915632
vt 0.158714 0.877996
vt 0.165367 0.878542
vt 0.750677 0.348523
vt 0.736722 0.386053
vt 0.788540 0.280696
vt 0.762094 0.312028
vt 0.780348 0.277053
vt 0.770532 0.316891
vt 0.744161 0.345562
vt 0.861722 0.077750
vt 0.754865 0.307601
vt 0.773631 0.273222
vt 0.858824 0.115598
vt 0.871294 0.078027
vt 0.866358 0.117473
vt 0.876440 0.038685
vt 0.862248 0.156311
vt 0.876323 0.118663
vt 0.872688 0.158007
vt 0.881198 0.078106
vt 0.882427 0.158460
vt 0.886683 0.119875
vt 0.890824 0.077957
vt 0.892580 0.159548
vt 0.897039 0.121062
vt 0.900939 0.080013
vt 0.906993 0.122180
vt 0.902399 0.160800
vt 0.911231 0.083212
vt 0.911703 0.161670
vt 0.916161 0.123185
vt 0.920171 0.084185
vt 0.919735 0.162524
vt 0.924193 0.124039
vt 0.928602 0.085497
vt 0.930779 0.124708
vt 0.928550 0.143951
vt 0.935238 0.086223
vt 0.933008 0.105466
vt 0.939696 0.047738
vt 0.937467 0.066980
vt 0.488713 0.583153
vt 0.446342 0.580494
vt 0.481057 0.565139
vt 0.438689 0.562728
vt 0.465753 0.529582
vt 0.473407 0.547346
vt 0.423381 0.527198
vt 0.450446 0.494102
vt 0.458099 0.511842
vt 0.732274 0.600578
vt 0.731878 0.581246
vt 0.738953 0.561310
vt 0.731482 0.561915
vt 0.731086 0.542583
vt 0.738162 0.522646
vt 0.730690 0.523251
vt 0.739745 0.599973
vt 0.747724 0.560799
vt 0.748506 0.599441
vt 0.747984 0.523476
vt 0.757569 0.560630
vt 0.758219 0.599002
vt 0.756635 0.521674
vt 0.767719 0.560007
vt 0.769021 0.599832
vt 0.766927 0.521344
vt 0.779058 0.598626
vt 0.778194 0.559799
vt 0.777354 0.522078
vt 0.789242 0.598385
vt 0.788450 0.559721
vt 0.787658 0.521058
vt 0.798093 0.559777
vt 0.798710 0.598509
vt 0.797301 0.521113
vt 0.806752 0.559963
vt 0.807070 0.598814
vt 0.805672 0.521468
vt 0.805169 0.482636
vt 0.844311 0.306522
vt 0.819207 0.336756
vt 0.837053 0.303335
vt 0.828507 0.342050
vt 0.803355 0.372482
vt 0.811901 0.376899
vt 0.827271 0.298529
vt 0.808921 0.330966
vt 0.794534 0.368470
vt 0.817981 0.294151
vt 0.802240 0.329587
vt 0.785444 0.364310
vt 0.793174 0.325679
vt 0.817932 0.272720
vt 0.809597 0.271514
vt 0.800147 0.269805
vt 0.155915 0.968287
vt 0.148866 0.969822
vt 0.154558 0.955397
vt 0.165273 0.966943
vt 0.788729 0.268875
vt 0.779941 0.267313
vt 0.862250 0.163617
vt 0.855498 0.163615
vt 0.872800 0.164281
vt 0.882447 0.163566
vt 0.892557 0.164330
vt 0.902116 0.166084
vt 0.911611 0.167457
vt 0.919674 0.169411
vt 0.461311 0.620719
vt 0.454843 0.625864
vt 0.455542 0.618167
vt 0.460635 0.630110
vt 0.530065 0.600733
vt 0.496315 0.599918
vt 0.494170 0.629709
vt 0.536059 0.613628
vt 0.531089 0.586213
vt 0.535708 0.643956
vt 0.528773 0.629594
vt 0.529040 0.615254
vt 0.750244 0.629066
vt 0.742836 0.628371
vt 0.759998 0.629359
vt 0.770492 0.629279
vt 0.780830 0.628822
vt 0.790980 0.628010
vt 0.800557 0.626875
vt 0.852063 0.279591
vt 0.851294 0.309810
vt 0.842629 0.277181
vt 0.852624 0.249219
vt 0.455186 0.878122
vt 0.447370 0.904689
vt 0.447370 0.877995
vt 0.836803 0.276468
vt 0.827059 0.274437
vt 0.769596 0.067716
vt 0.783553 0.082513
vt 0.776673 0.086039
vt 0.780405 0.155885
vt 0.409925 0.893609
vt 0.420667 0.909181
vt 0.410868 0.907385
vt 0.195443 0.908294
vt 0.185607 0.881082
vt 0.195690 0.877996
vt 0.753786 0.074845
vt 0.770661 0.089134
vt 0.761301 0.093334
vt 0.766536 0.164803
vt 0.751079 0.095981
vt 0.743536 0.078066
vt 0.756357 0.165740
vt 0.743768 0.098243
vt 0.737357 0.080527
vt 0.871120 0.244256
vt 0.856168 0.217129
vt 0.883866 0.320265
vt 0.892874 0.304232
vt 0.893951 0.317936
vt 0.385735 0.877996
vt 0.376090 0.913204
vt 0.380072 0.878004
vt 0.904344 0.317107
vt 0.903307 0.303277
vt 0.880714 0.241596
vt 0.891144 0.240640
vt 0.912486 0.305629
vt 0.912819 0.321743
vt 0.901525 0.241096
vt 0.922072 0.324025
vt 0.920615 0.309918
vt 0.911024 0.243176
vt 0.931755 0.309982
vt 0.933544 0.322805
vt 0.263812 0.913359
vt 0.273795 0.879469
vt 0.272549 0.913985
vt 0.940626 0.313126
vt 0.941703 0.326830
vt 0.916033 0.248279
vt 0.923939 0.252582
vt 0.414099 0.810340
vt 0.427260 0.795782
vt 0.420276 0.813276
vt 0.928724 0.224619
vt 0.931591 0.240357
vt 0.461512 0.811458
vt 0.497478 0.823716
vt 0.439311 0.707743
vt 0.476104 0.704452
vt 0.473581 0.722685
vt 0.490493 0.841211
vt 0.503651 0.825693
vt 0.496666 0.843188
vt 0.736973 0.749519
vt 0.740864 0.718118
vt 0.748879 0.722084
vt 0.116228 0.950348
vt 0.096135 0.945991
vt 0.110846 0.942765
vt 0.755637 0.756474
vt 0.760129 0.723147
vt 0.747274 0.833651
vt 0.756839 0.819246
vt 0.757573 0.834583
vt 0.763484 0.758514
vt 0.767524 0.835463
vt 0.766519 0.820797
vt 0.773794 0.758865
vt 0.399520 0.898469
vt 0.386214 0.891227
vt 0.401255 0.888208
vt 0.784140 0.757692
vt 0.385735 0.881062
vt 0.398500 0.877995
vt 0.794383 0.755697
vt 0.797447 0.829077
vt 0.785125 0.815707
vt 0.795988 0.814975
vt 0.803826 0.752182
vt 0.813468 0.052299
vt 0.827082 0.067783
vt 0.820230 0.069836
vt 0.826330 0.139573
vt 0.836055 0.172424
vt 0.804506 0.055367
vt 0.811955 0.072525
vt 0.816253 0.143197
vt 0.802309 0.076223
vt 0.795176 0.058751
vt 0.809059 0.145261
vt 0.792950 0.079688
vt 0.786461 0.061761
vt 0.799632 0.148504
vt 0.777177 0.064679
vt 0.789779 0.152049
vt 0.245103 0.888331
vt 0.236312 0.883337
vt 0.245170 0.877995
vt 0.125570 0.939530
vt 0.142818 0.943625
vt 0.130954 0.947111
vt 0.797412 0.037992
vt 0.796722 0.009248
vt 0.805833 0.035189
vt 0.895029 0.331639
vt 0.906304 0.341751
vt 0.896124 0.343300
vt 0.144140 0.950752
vt 0.813391 0.032752
vt 0.803220 0.007203
vt 0.884944 0.333969
vt 0.886406 0.348109
vt 0.411578 0.838044
vt 0.477254 0.874296
vt 0.407036 0.846362
vt 0.114771 0.891039
vt 0.134189 0.896756
vt 0.114577 0.900551
vt 0.875595 0.337582
vt 0.877372 0.353650
vt 0.407115 0.827835
vt 0.403208 0.837585
vt 0.789225 0.845977
vt 0.781039 0.866257
vt 0.778536 0.845663
vt 0.744456 0.057055
vt 0.729107 0.039628
vt 0.735264 0.034082
vt 0.934868 0.336161
vt 0.942811 0.348133
vt 0.935096 0.344235
vt 0.770806 0.866427
vt 0.768807 0.849524
vt 0.743842 0.031282
vt 0.754504 0.052814
vt 0.770779 0.046922
vt 0.771884 0.019045
vt 0.780474 0.043488
vt 0.227478 0.896424
vt 0.218124 0.890872
vt 0.226677 0.886242
vt 0.117840 0.921016
vt 0.136974 0.926763
vt 0.121017 0.930728
vt 0.753053 0.028186
vt 0.761709 0.050221
vt 0.789098 0.040680
vt 0.781342 0.015343
vt 0.237216 0.893990
vt 0.139616 0.935745
vt 0.761878 0.022162
vt 0.789420 0.011329
vt 0.820667 0.050070
vt 0.101429 0.903631
vt 0.099279 0.893736
vt 0.787429 0.830615
vt 0.776817 0.830571
vt 0.748738 0.847758
vt 0.758574 0.849518
vt 0.440617 0.892252
vt 0.447370 0.911599
vt 0.440239 0.906429
vt 0.486402 0.877996
vt 0.942781 0.340533
vt 0.217535 0.911578
vt 0.217535 0.898476
vt 0.229070 0.911446
vt 0.905314 0.331140
vt 0.914411 0.335051
vt 0.473604 0.879726
vt 0.463881 0.890629
vt 0.463442 0.877995
vt 0.736555 0.060309
vt 0.420667 0.881279
vt 0.411334 0.877996
vt 0.852624 0.667950
vt 0.924664 0.645250
vt 0.924467 0.700502
vt 0.896133 0.343393
vt 0.796543 0.113656
vt 0.786690 0.117201
vt 0.806110 0.110378
vt 0.815216 0.107275
vt 0.823319 0.104684
vt 0.804377 0.810355
vt 0.799907 0.783579
vt 0.808296 0.778959
vt 0.833260 0.137479
vt 0.790127 0.786235
vt 0.779618 0.787616
vt 0.775212 0.817785
vt 0.769891 0.790303
vt 0.759565 0.789910
vt 0.749729 0.788151
vt 0.745816 0.819534
vt 0.741670 0.785284
vt 0.747342 0.753475
vt 0.729107 0.812306
vt 0.734840 0.781297
vt 0.736994 0.765599
vt 0.429597 0.778174
vt 0.466890 0.774825
vt 0.464167 0.793235
vt 0.434270 0.742958
vt 0.471008 0.740768
vt 0.468933 0.757779
vt 0.421084 0.792846
vt 0.431933 0.760566
vt 0.933236 0.282515
vt 0.934780 0.255942
vt 0.937930 0.271553
vt 0.922038 0.279996
vt 0.265679 0.948473
vt 0.273795 0.949176
vt 0.916089 0.275075
vt 0.906761 0.273270
vt 0.897226 0.271959
vt 0.886792 0.272914
vt 0.882789 0.306561
vt 0.876707 0.275243
vt 0.867358 0.278857
vt 0.861590 0.247625
vt 0.761392 0.128907
vt 0.752466 0.130588
vt 0.772451 0.127630
vt 0.774913 0.161809
vt 0.195690 0.976299
vt 0.186057 0.945187
vt 0.195255 0.939976
vt 0.185304 0.913010
vt 0.778849 0.121923
vt 0.492820 0.497386
vt 0.485167 0.479621
vt 0.500474 0.515151
vt 0.431035 0.544963
vt 0.508128 0.532917
vt 0.515781 0.550682
vt 0.523435 0.568447
vt 0.513729 0.593665
vt 0.478977 0.608070
vt 0.453996 0.598259
vt 0.477513 0.461855
vt 0.469859 0.444090
vt 0.415728 0.509432
vt 0.506806 0.753296
vt 0.503428 0.771626
vt 0.501360 0.789142
vt 0.499805 0.806116
vt 0.509161 0.735678
vt 0.436741 0.725356
vt 0.485530 0.680845
vt 0.520645 0.695105
vt 0.441412 0.690135
vt 0.460973 0.625415
vt 0.494605 0.619599
vt 0.504814 0.887475
vt 0.507457 0.877995
vt 0.507457 0.888416
vt 0.147744 0.945864
vt 0.148866 0.949069
vt 0.146677 0.942648
vt 0.145552 0.938672
vt 0.144304 0.934714
vt 0.142953 0.930242
vt 0.141613 0.925750
vt 0.140411 0.920921
vt 0.134656 0.917076
vt 0.139408 0.916115
vt 0.138933 0.911867
vt 0.133598 0.906868
vt 0.138706 0.907638
vt 0.139823 0.901861
vt 0.141461 0.896110
vt 0.137148 0.887141
vt 0.144981 0.886618
vt 0.143182 0.891345
vt 0.146875 0.882299
vt 0.138363 0.878146
vt 0.148866 0.877996
vt 0.501646 0.891501
vt 0.501646 0.877995
vt 0.504814 0.880763
vt 0.482454 0.879289
vt 0.482454 0.892252
vt 0.478547 0.890283
vt 0.777752 0.000934
vt 0.782816 -0.000000
vt 0.772821 0.001593
vt 0.763847 0.002242
vt 0.768223 0.001983
vt 0.754492 0.004439
vt 0.759118 0.003259
vt 0.750315 0.006558
vt 0.746249 0.008948
vt 0.743177 0.011818
vt 0.740186 0.014960
vt 0.736661 0.018705
vt 0.869439 0.360432
vt 0.877292 0.366892
vt 0.874119 0.370720
vt 0.885108 0.361797
vt 0.880815 0.363889
vt 0.894712 0.359778
vt 0.889696 0.360504
vt 0.899855 0.359482
vt 0.915811 0.342517
vt 0.911788 0.359955
vt 0.924835 0.361205
vt 0.920291 0.360856
vt 0.925859 0.342942
vt 0.733107 0.022432
vt 0.937386 0.360956
vt 0.933371 0.361255
vt 0.944155 0.360099
vt 0.940775 0.360677
vt 0.405942 0.847746
vt 0.403174 0.849638
vt 0.916075 0.360547
vt 0.091966 0.054955
vt 0.494552 0.877996
vt 0.501646 0.879740
vt 0.494552 0.885896
vt 0.905824 0.359610
vt 0.929349 0.361236
vt 0.473604 0.877995
vt 0.400420 0.851504
vt 0.083666 0.058104
vt 0.133560 0.787733
vt 0.029530 0.751108
vt 0.051797 0.780198
vt 0.561898 0.705097
vt 0.627962 0.776081
vt 0.195690 0.879267
vt 0.093841 0.982764
vt 0.928417 0.597496
vt 0.927522 0.599823
vt 0.922087 0.599414
vt 0.916767 0.598670
vt 0.912505 0.598945
vt 0.908290 0.599122
vt 0.890324 0.609794
vt 0.886028 0.596561
vt 0.892412 0.607400
vt 0.904561 0.600199
vt 0.897808 0.602998
vt 0.971506 0.616585
vt 0.967914 0.613702
vt 0.931727 0.600073
vt 0.964323 0.610801
vt 0.959982 0.608006
vt 0.935995 0.600187
vt 0.955637 0.605284
vt 0.950837 0.603519
vt 0.940978 0.601035
vt 0.578215 0.352312
vt 0.438343 0.209813
vt 0.380026 0.498251
vt 0.303819 0.450786
vt 0.270855 0.728842
vt 0.268085 0.732763
vt 0.265290 0.724543
vt 0.304227 0.704588
vt 0.305654 0.706442
vt 0.301532 0.706483
vt 0.297429 0.706714
vt 0.277081 0.720378
vt 0.273607 0.724948
vt 0.292998 0.708138
vt 0.284550 0.712812
vt 0.353390 0.717745
vt 0.379345 0.697728
vt 0.387142 0.703216
vt 0.391859 0.713587
vt 0.362404 0.740888
vt 0.362180 0.736727
vt 0.361834 0.732743
vt 0.355629 0.719335
vt 0.357467 0.722083
vt 0.311465 0.707008
vt 0.347902 0.714745
vt 0.344547 0.713143
vt 0.340771 0.712470
vt 0.336796 0.711284
vt 0.322427 0.708483
vt 0.332215 0.710535
vt 0.901768 0.718485
vt 0.907927 0.737467
vt 0.084126 0.549934
vt 0.318696 0.877995
vt 0.323171 0.466985
vt 0.429325 0.904754
vt 0.360648 0.481173
vt 0.433782 0.877995
vt 0.398284 0.504012
vt 0.436100 0.243873
vt 0.869929 0.568053
vt 0.718746 0.217501
vt 0.046713 0.318816
vt 0.625593 0.082804
vt 0.000000 0.947635
vt 0.273795 0.907452
vt 0.676688 0.729754
vt 0.456169 0.904791
vt 0.584432 0.024818
vt 0.318696 0.877995
vt 0.072411 0.779123
vt 0.293443 0.195968
vt 0.228783 0.179537
vt 0.290217 0.287814
vt 0.246190 0.306012
vt 0.231635 0.000031
vt 0.339133 0.036449
vt 0.332954 0.920169
vt 0.245170 0.882227
vt 0.517080 0.720003
vt 0.459621 0.644195
vt 0.365491 0.918351
vt 0.771564 0.443786
vt 0.403153 0.916301
vt 0.365491 0.877996
vt 0.729502 0.465255
vt 0.400420 0.473902
vt 0.343439 0.877995
vt 0.852624 0.037171
vt 0.460297 0.634805
vt 0.494552 0.877995
vt 0.150667 1.000000
vt 0.853566 0.076858
vt 0.926313 0.163192
vt 0.730294 0.503919
vt 0.795766 0.412281
vt 0.793488 0.268940
vt 0.773827 0.265341
vt 0.461650 0.616023
vt 0.537193 0.583112
vt 0.456169 0.903014
vt 0.420161 0.895621
vt 0.763504 0.070088
vt 0.385735 0.914222
vt 0.265788 0.877995
vt 0.738905 0.733816
vt 0.101501 0.953585
vt 0.385735 0.900440
vt 0.790709 0.865124
vt 0.447370 0.877996
vt 0.237490 0.907096
vt 0.473604 0.893047
vt 0.860846 0.711181
vt 0.852624 0.705585
vt 0.852624 0.630314
vt 0.860682 0.624557
vt 0.870417 0.622969
vt 0.871529 0.711361
vt 0.891261 0.709924
vt 0.881412 0.711718
vt 0.908993 0.707855
vt 0.900777 0.709184
vt 0.917567 0.710523
vt 0.935388 0.685156
vt 0.931754 0.695462
vt 0.939216 0.655469
vt 0.939025 0.665452
vt 0.936356 0.674376
vt 0.880073 0.621022
vt 0.889187 0.616585
vt 0.898468 0.617218
vt 0.907416 0.621023
vt 0.914622 0.627868
vt 0.918499 0.639695
vt 0.933121 0.648470
vt 0.830171 0.102631
vt 0.736848 0.816508
vt 0.731087 0.796613
vt 0.427991 0.757573
vt 0.940971 0.287212
vt 0.875122 0.310838
vt 0.186195 0.978737
s 1
usemtl Material
f 922/1/922 8/2/8 259/3/259
f 257/4/257 258/5/258 921/6/921
f 920/7/920 4/8/4 679/9/679
f 919/10/919 5/11/5 260/12/260
f 918/13/918 6/14/6 680/15/680
f 917/16/917 7/17/7 681/18/681
f 916/19/916 14/20/14 268/21/268
f 915/22/915 15/23/15 267/24/267
f 266/25/266 269/26/269 914/27/914
f 913/28/913 11/29/11 270/30/270
f 912/31/912 12/32/12 271/33/271
f 911/34/911 13/35/13 272/36/272
f 910/37/910 17/38/17 279/39/279
f 909/40/909 18/41/18 280/42/280
f 908/43/908 19/44/19 281/45/281
f 907/46/907 20/47/20 282/48/282
f 906/49/906 21/50/21 283/51/283
f 905/52/905 22/53/22 284/54/284
f 904/55/904 26/56/26 292/57/292
f 289/58/289 291/59/291 903/60/903
f 902/61/902 28/62/28 293/63/293
f 901/64/901 23/65/23 295/66/295
f 900/67/900 24/68/24 296/69/296
f 899/70/899 25/71/25 297/72/297
f 898/73/898 29/74/29 305/75/305
f 897/76/897 30/77/30 304/78/304
f 896/79/896 31/80/31 306/81/306
f 895/82/895 32/83/32 307/84/307
f 894/85/894 33/86/33 308/87/308
f 893/88/893 34/89/34 309/90/309
f 892/91/892 39/92/39 318/93/318
f 316/94/316 317/95/317 891/96/891
f 890/97/890 35/98/35 320/99/320
f 889/100/889 36/101/36 321/102/321
f 888/103/888 37/104/37 322/105/322
f 887/106/887 38/107/38 323/108/323
f 886/109/886 42/110/42 331/111/331
f 885/112/885 43/113/43 330/114/330
f 884/115/884 44/116/44 332/117/332
f 883/118/883 45/119/45 333/120/333
f 329/121/329 334/122/334 882/123/882
f 881/124/881 41/125/41 335/126/335
f 880/127/880 53/128/53 342/129/342
f 879/130/879 48/131/48 343/132/343
f 878/133/878 49/134/49 344/135/344
f 877/136/877 50/137/50 345/138/345
f 876/139/876 51/140/51 346/141/346
f 340/142/340 347/143/347 875/144/875
f 874/145/874 56/146/56 355/147/355
f 873/148/873 57/149/57 354/150/354
f 872/151/872 58/152/58 356/153/356
f 352/154/352 357/155/357 871/156/871
f 870/157/870 60/158/60 358/159/358
f 869/160/869 55/161/55 359/162/359
f 365/163/365 367/164/367 868/165/868
f 867/166/867 61/167/61 368/168/368
f 866/169/866 62/170/62 369/171/369
f 865/172/865 63/173/63 370/174/370
f 864/175/864 64/176/64 371/177/371
f 863/178/863 65/179/65 372/180/372
f 862/181/862 69/182/69 380/183/380
f 861/184/861 70/185/70 379/186/379
f 860/187/860 71/188/71 381/189/381
f 378/190/378 382/191/382 859/192/859
f 858/193/858 67/194/67 383/195/383
f 857/196/857 68/197/68 384/198/384
f 856/199/856 74/200/74 391/201/391
f 855/202/855 75/203/75 392/204/392
f 854/205/854 76/206/76 393/207/393
f 388/208/388 394/209/394 853/210/853
f 852/211/852 78/212/78 395/213/395
f 851/214/851 79/215/79 396/216/396
f 850/217/850 83/218/83 404/219/404
f 400/220/400 403/221/403 849/222/849
f 848/223/848 85/224/85 405/225/405
f 847/226/847 86/227/86 406/228/406
f 846/229/846 81/230/81 407/231/407
f 845/232/845 82/233/82 408/234/408
f 844/235/844 88/236/88 415/237/415
f 843/238/843 89/239/89 416/240/416
f 842/241/842 90/242/90 417/243/417
f 412/244/412 418/245/418 841/246/841
f 840/247/840 92/248/92 419/249/419
f 414/250/414 420/251/420 839/252/839
f 838/253/838 98/254/98 428/255/428
f 425/256/425 427/257/427 837/258/837
f 426/259/426 429/260/429 836/261/836
f 421/262/421 430/263/430 835/264/835
f 834/265/834 96/266/96 431/267/431
f 833/268/833 97/269/97 432/270/432
f 433/271/433 440/272/440 832/273/832
f 434/274/434 439/275/439 831/276/831
f 435/277/435 441/278/441 830/279/830
f 436/280/436 442/281/442 829/282/829
f 828/283/828 105/284/105 443/285/443
f 438/286/438 444/287/444 827/288/827
f 241/289/241 242/290/242 105/284/105
f 1552/291/1550 245/292/245 106/293/106
f 446/294/446 451/295/451 826/296/826
f 447/297/447 452/298/452 825/299/825
f 448/300/448 453/301/453 824/302/824
f 685/303/685 454/304/454 823/305/823
f 455/306/455 459/307/459 822/308/822
f 456/309/456 458/310/458 821/311/821
f 457/312/457 460/313/460 820/314/820
f 462/315/462 469/316/469 819/317/819
f 463/318/463 470/319/470 818/320/818
f 464/321/464 471/322/471 817/323/817
f 474/324/474 480/325/480 816/326/816
f 475/327/475 479/328/479 815/329/815
f 814/330/814 124/331/124 481/332/481
f 813/333/813 125/334/125 482/335/482
f 812/336/812 126/337/126 483/338/483
f 473/339/473 485/340/485 811/341/811
f 810/342/810 132/343/132 493/344/493
f 486/345/486 494/346/494 809/347/809
f 487/348/487 495/349/495 808/350/808
f 488/351/488 496/352/496 807/353/807
f 489/354/489 497/355/497 806/356/806
f 805/357/805 131/358/131 498/359/498
f 500/360/500 506/361/506 804/362/804
f 501/363/501 505/364/505 803/365/803
f 502/366/502 507/367/507 802/368/802
f 503/369/503 508/370/508 801/371/801
f 800/372/800 138/373/138 509/374/509
f 499/375/499 511/376/511 799/377/799
f 517/378/517 519/379/519 798/380/798
f 512/381/512 520/382/520 797/383/797
f 513/384/513 521/385/521 796/386/796
f 514/387/514 522/388/522 795/389/795
f 515/390/515 523/391/523 794/392/794
f 516/393/516 524/394/524 793/395/793
f 527/396/527 532/397/532 792/398/792
f 528/399/528 531/400/531 791/401/791
f 529/402/529 533/403/533 790/404/790
f 789/405/789 150/406/150 534/407/534
f 525/408/525 536/409/536 788/410/788
f 526/411/526 537/412/537 787/413/787
f 538/414/538 544/415/544 786/416/786
f 539/417/539 545/418/545 785/419/785
f 540/420/540 546/421/546 784/422/784
f 541/423/541 547/424/547 783/425/783
f 542/426/542 548/427/548 782/428/782
f 781/429/781 156/430/156 549/431/549
f 553/432/553 557/433/557 780/434/780
f 554/435/554 556/436/556 779/437/779
f 555/438/555 558/439/558 778/440/778
f 550/441/550 559/442/559 777/443/777
f 551/444/551 560/445/560 776/446/776
f 552/447/552 561/448/561 775/449/775
f 562/450/562 568/451/568 774/452/774
f 563/453/563 569/454/569 773/455/773
f 564/456/564 570/457/570 772/458/772
f 565/459/565 571/460/571 771/461/771
f 566/462/566 572/463/572 770/464/770
f 769/465/769 170/466/170 573/467/573
f 577/468/577 581/469/581 768/470/768
f 767/471/767 175/472/175 580/473/580
f 766/474/766 176/475/176 582/476/582
f 574/477/574 584/478/584 765/479/765
f 575/480/575 585/481/585 764/482/764
f 576/483/576 586/484/586 763/485/763
f 587/486/587 594/487/594 762/488/762
f 588/489/588 593/490/593 761/491/761
f 589/492/589 595/493/595 760/494/760
f 590/495/590 596/496/596 759/497/759
f 591/498/591 597/499/597 758/500/758
f 757/501/757 182/502/182 598/503/598
f 756/504/756 187/505/187 606/506/606
f 604/507/604 605/508/605 755/509/755
f 599/510/599 607/511/607 754/512/754
f 600/513/600 608/514/608 753/515/753
f 601/516/601 609/517/609 752/518/752
f 602/519/602 610/520/610 751/521/751
f 611/522/611 618/523/618 750/524/750
f 612/525/612 617/526/617 749/527/749
f 613/528/613 619/529/619 748/530/748
f 614/531/614 620/532/620 747/533/747
f 615/534/615 621/535/621 746/536/746
f 616/537/616 622/538/622 745/539/745
f 627/540/627 630/541/630 744/542/744
f 743/543/743 201/544/201 629/545/629
f 623/546/623 631/547/631 742/548/742
f 624/549/624 632/550/632 741/551/741
f 625/552/625 633/553/633 740/554/740
f 626/555/626 634/556/634 739/557/739
f 636/558/636 642/559/642 738/560/738
f 637/561/637 641/562/641 737/563/737
f 638/564/638 643/565/643 736/566/736
f 639/567/639 644/568/644 735/569/735
f 734/570/734 207/571/207 645/572/645
f 635/573/635 646/574/646 733/575/733
f 652/576/652 653/577/653 732/578/732
f 647/579/647 654/580/654 731/581/731
f 730/582/730 210/583/210 655/584/655
f 649/585/649 656/586/656 729/587/729
f 728/588/728 212/589/212 657/590/657
f 727/591/727 213/592/213 658/593/658
f 726/594/726 218/595/218 666/596/666
f 725/597/725 219/598/219 665/599/665
f 724/600/724 220/601/220 667/602/667
f 664/603/664 668/604/668 723/605/723
f 722/606/722 216/607/216 669/608/669
f 721/609/721 217/610/217 670/611/670
f 720/612/720 222/613/222 672/614/672
f 719/615/719 1/616/1 682/617/682
f 718/618/718 223/619/223 673/620/673
f 717/621/717 224/622/224 674/623/674
f 716/624/716 2/625/2 683/626/683
f 678/627/678 684/628/684 715/629/715
f 714/630/714 118/631/118 472/632/472
f 467/633/467 233/634/233 234/635/234
f 709/636/709 695/637/695 236/638/236
f 468/639/468 249/640/249 250/641/250
f 119/642/119 714/643/714 468/639/468
f 468/639/468 709/636/709 227/644/227
f 714/630/714 114/645/114 709/646/709
f 225/647/225 678/627/678 715/629/715
f 1211/648/1210 715/629/715 664/603/664
f 715/629/715 221/649/221 664/603/664
f 684/628/684 251/650/251 716/624/716
f 684/628/684 663/651/663 221/649/221
f 663/651/663 683/626/683 220/601/220
f 683/626/683 677/652/677 717/621/717
f 220/601/220 717/621/717 662/653/662
f 662/653/662 674/623/674 219/598/219
f 674/623/674 671/654/671 718/618/718
f 219/598/219 718/618/718 661/655/661
f 661/655/661 673/620/673 218/595/218
f 673/620/673 676/656/676 719/615/719
f 218/595/218 719/615/719 660/657/660
f 660/657/660 682/617/682 217/610/217
f 682/617/682 675/658/675 720/612/720
f 217/610/217 720/612/720 659/659/659
f 659/659/659 672/614/672 216/607/216
f 666/596/666 660/657/660 721/609/721
f 211/660/211 721/609/721 648/661/648
f 648/661/648 670/611/670 210/583/210
f 670/611/670 659/659/659 722/606/722
f 210/583/210 722/606/722 647/579/647
f 647/579/647 669/608/669 209/662/209
f 1211/648/1210 723/605/723 215/663/215
f 215/663/215 723/605/723 652/576/652
f 723/605/723 214/664/214 652/576/652
f 221/649/221 724/600/724 668/604/668
f 668/604/668 651/665/651 214/664/214
f 651/665/651 667/602/667 213/592/213
f 667/602/667 662/653/662 725/597/725
f 213/592/213 725/597/725 650/666/650
f 650/666/650 665/599/665 212/589/212
f 665/599/665 661/655/661 726/594/726
f 212/589/212 726/594/726 649/585/649
f 649/585/649 666/596/666 211/660/211
f 214/664/214 727/591/727 653/577/653
f 653/577/653 639/567/639 207/571/207
f 639/567/639 658/593/658 206/667/206
f 658/593/658 650/666/650 728/588/728
f 658/593/658 638/564/638 206/667/206
f 728/588/728 205/668/205 638/564/638
f 212/589/212 729/587/729 657/590/657
f 657/590/657 637/561/637 205/668/205
f 729/587/729 204/669/204 637/561/637
f 656/586/656 648/661/648 730/582/730
f 656/586/656 636/558/636 204/669/204
f 730/582/730 203/670/203 636/558/636
f 655/584/655 647/579/647 731/581/731
f 655/584/655 635/573/635 203/670/203
f 731/581/731 202/671/202 635/573/635
f 215/663/215 732/578/732 208/672/208
f 208/672/208 732/578/732 640/673/640
f 732/578/732 207/571/207 640/673/640
f 203/670/203 733/575/733 642/559/642
f 642/559/642 623/546/623 197/674/197
f 733/575/733 196/675/196 623/546/623
f 208/672/208 734/570/734 1164/676/1164
f 1164/676/1164 734/570/734 628/677/628
f 628/677/628 645/572/645 201/544/201
f 207/571/207 735/569/735 645/572/645
f 645/572/645 627/540/627 201/544/201
f 735/569/735 200/678/200 627/540/627
f 206/667/206 736/566/736 644/568/644
f 644/568/644 626/555/626 200/678/200
f 736/566/736 199/679/199 626/555/626
f 205/668/205 737/563/737 643/565/643
f 643/565/643 625/552/625 199/679/199
f 737/563/737 198/680/198 625/552/625
f 204/669/204 738/560/738 641/562/641
f 641/562/641 624/549/624 198/680/198
f 738/560/738 197/674/197 624/549/624
f 200/678/200 739/557/739 630/541/630
f 630/541/630 614/531/614 193/681/193
f 739/557/739 192/682/192 614/531/614
f 199/679/199 740/554/740 634/556/634
f 634/683/634 613/528/613 192/684/192
f 740/685/740 191/686/191 613/528/613
f 198/680/198 741/551/741 633/553/633
f 633/553/633 612/525/612 191/687/191
f 741/551/741 190/688/190 612/525/612
f 197/674/197 742/548/742 632/550/632
f 632/550/632 611/522/611 190/688/190
f 742/548/742 189/689/189 611/522/611
f 1164/676/1164 743/543/743 195/690/195
f 195/690/195 743/543/743 616/537/616
f 616/537/616 629/545/629 194/691/194
f 201/544/201 744/542/744 629/545/629
f 629/545/629 615/534/615 194/691/194
f 744/542/744 193/681/193 615/534/615
f 195/690/195 745/539/745 1186/692/1186
f 1186/692/1186 745/539/745 604/507/604
f 745/539/745 188/693/188 604/507/604
f 622/538/622 615/534/615 746/536/746
f 188/693/188 746/536/746 603/694/603
f 746/536/746 187/505/187 603/694/603
f 193/681/193 747/533/747 621/535/621
f 621/535/621 602/695/602 187/505/187
f 747/696/747 186/697/186 602/519/602
f 192/684/192 748/530/748 620/698/620
f 620/698/620 601/516/601 186/697/186
f 748/530/748 185/699/185 601/516/601
f 191/687/191 749/527/749 619/700/619
f 619/529/619 600/701/600 185/699/185
f 749/527/749 184/702/184 600/513/600
f 190/688/190 750/524/750 617/526/617
f 617/526/617 599/510/599 184/702/184
f 750/524/750 183/703/183 599/510/599
f 187/505/187 751/704/751 606/506/606
f 606/506/606 590/705/590 181/706/181
f 751/521/751 180/707/180 590/495/590
f 186/697/186 752/518/752 610/520/610
f 610/520/610 589/492/589 180/707/180
f 752/518/752 179/708/179 589/492/589
f 185/699/185 753/709/753 609/517/609
f 609/517/609 588/710/588 179/708/179
f 753/515/753 178/711/178 588/489/588
f 184/702/184 754/512/754 608/514/608
f 608/514/608 587/486/587 178/711/178
f 754/512/754 177/712/177 587/486/587
f 1176/713/1176 604/507/604 755/509/755
f 1176/713/1176 592/714/592 1175/715/1175
f 755/509/755 182/502/182 592/714/592
f 605/508/605 603/694/603 756/504/756
f 605/508/605 591/498/591 182/502/182
f 756/504/756 181/706/181 591/498/591
f 1175/715/1175 592/714/592 757/501/757
f 1175/715/1175 579/716/579 583/717/583
f 579/716/579 598/503/598 176/475/176
f 598/503/598 591/498/591 758/500/758
f 176/475/176 758/500/758 578/718/578
f 758/500/758 175/472/175 578/718/578
f 181/706/181 759/719/759 597/499/597
f 597/499/597 577/468/577 175/472/175
f 759/497/759 174/720/174 577/721/577
f 180/707/180 760/494/760 596/496/596
f 596/496/596 576/483/576 174/720/174
f 760/494/760 173/722/173 576/483/576
f 179/708/179 761/723/761 595/493/595
f 595/493/595 575/724/575 173/722/173
f 761/491/761 172/725/172 575/480/575
f 178/711/178 762/488/762 593/490/593
f 593/490/593 574/477/574 172/725/172
f 762/488/762 171/726/171 574/477/574
f 174/727/174 763/728/763 581/469/581
f 581/469/581 564/456/564 168/729/168
f 763/728/763 167/730/167 564/456/564
f 173/731/173 764/482/764 586/732/586
f 586/732/586 563/453/563 167/730/167
f 764/482/764 166/733/166 563/453/563
f 172/725/172 765/479/765 585/481/585
f 585/481/585 562/450/562 166/733/166
f 765/479/765 165/734/165 562/450/562
f 583/717/583 579/716/579 766/474/766
f 1156/735/1156 766/474/766 567/736/567
f 567/736/567 582/476/582 170/466/170
f 582/476/582 578/718/578 767/471/767
f 582/476/582 566/737/566 170/466/170
f 767/471/767 169/738/169 566/737/566
f 175/472/175 768/470/768 580/473/580
f 580/473/580 565/459/565 169/738/169
f 768/470/768 168/729/168 565/459/565
f 1156/739/1156 769/740/769 164/741/164
f 164/742/164 769/465/769 555/743/555
f 555/743/555 573/467/573 163/744/163
f 170/466/170 770/745/770 573/467/573
f 573/746/573 554/435/554 163/747/163
f 770/464/770 162/748/162 554/435/554
f 169/738/169 771/461/771 572/749/572
f 572/463/572 553/432/553 162/748/162
f 771/461/771 161/750/161 553/751/553
f 168/729/168 772/458/772 571/460/571
f 571/460/571 552/447/552 161/750/161
f 772/752/772 160/753/160 552/754/552
f 167/730/167 773/455/773 570/457/570
f 570/457/570 551/444/551 160/755/160
f 773/455/773 159/756/159 551/444/551
f 166/733/166 774/452/774 569/454/569
f 569/454/569 550/441/550 159/756/159
f 774/452/774 158/757/158 550/441/550
f 161/758/161 775/759/775 557/433/557
f 557/433/557 540/420/540 154/760/154
f 775/449/775 153/761/153 540/762/540
f 160/755/160 776/446/776 561/448/561
f 561/448/561 539/417/539 153/761/153
f 776/446/776 152/763/152 539/417/539
f 159/756/159 777/443/777 560/445/560
f 560/445/560 538/414/538 152/763/152
f 777/443/777 151/764/151 538/414/538
f 164/765/164 555/438/555 778/440/778
f 157/766/157 778/440/778 543/767/543
f 778/440/778 156/430/156 543/767/543
f 163/747/163 779/437/779 558/439/558
f 558/439/558 542/426/542 156/430/156
f 779/437/779 155/768/155 542/426/542
f 162/748/162 780/434/780 556/436/556
f 556/436/556 541/423/541 155/768/155
f 780/434/780 154/760/154 541/423/541
f 157/766/157 543/767/543 781/429/781
f 157/766/157 530/769/530 535/770/535
f 781/429/781 150/406/150 530/769/530
f 156/430/156 782/428/782 549/431/549
f 549/431/549 529/402/529 150/406/150
f 782/428/782 149/771/149 529/402/529
f 155/768/155 783/425/783 548/427/548
f 548/427/548 528/399/528 149/771/149
f 783/425/783 148/772/148 528/399/528
f 154/760/154 784/422/784 547/424/547
f 547/424/547 527/396/527 148/772/148
f 784/422/784 147/773/147 527/396/527
f 153/774/153 785/775/785 546/776/546
f 546/421/546 526/777/526 147/773/147
f 785/778/785 146/779/146 526/411/526
f 152/763/152 786/416/786 545/418/545
f 545/418/545 525/780/525 146/781/146
f 786/416/786 145/782/145 525/780/525
f 147/773/147 787/783/787 532/397/532
f 532/784/532 513/384/513 141/785/141
f 787/413/787 140/786/140 513/384/513
f 146/779/146 788/410/788 537/412/537
f 537/412/537 512/381/512 140/786/140
f 788/410/788 139/787/139 512/381/512
f 535/770/535 530/769/530 789/405/789
f 535/770/535 789/405/789 517/378/517
f 789/405/789 144/788/144 517/378/517
f 150/406/150 790/404/790 534/407/534
f 534/407/534 516/393/516 144/788/144
f 790/404/790 143/789/143 516/393/516
f 149/771/149 791/401/791 533/403/533
f 533/403/533 515/390/515 143/789/143
f 791/401/791 142/790/142 515/390/515
f 148/772/148 792/398/792 531/400/531
f 531/400/531 514/791/514 142/790/142
f 792/398/792 141/792/141 514/791/514
f 519/379/519 516/393/516 793/395/793
f 519/379/519 503/369/503 138/373/138
f 793/395/793 137/793/137 503/369/503
f 143/789/143 794/392/794 524/394/524
f 524/394/524 502/366/502 137/793/137
f 794/392/794 136/794/136 502/366/502
f 142/790/142 795/795/795 523/391/523
f 523/391/523 501/796/501 136/794/136
f 795/389/795 135/797/135 501/363/501
f 141/785/141 796/386/796 522/388/522
f 522/388/522 500/360/500 135/797/135
f 796/386/796 134/798/134 500/360/500
f 140/786/140 797/383/797 521/385/521
f 521/385/521 499/375/499 134/798/134
f 797/383/797 133/799/133 499/375/499
f 518/800/518 517/378/517 798/380/798
f 518/800/518 798/380/798 504/801/504
f 798/380/798 138/373/138 504/801/504
f 134/798/134 799/377/799 506/361/506
f 506/361/506 486/345/486 128/802/128
f 799/377/799 127/803/127 486/345/486
f 510/804/510 504/801/504 800/372/800
f 510/804/510 491/805/491 492/806/492
f 800/372/800 132/343/132 491/805/491
f 138/373/138 801/371/801 509/374/509
f 509/374/509 490/807/490 132/343/132
f 490/807/490 508/370/508 131/358/131
f 137/793/137 802/368/802 508/370/508
f 131/358/131 802/368/802 489/354/489
f 802/368/802 130/808/130 489/354/489
f 136/794/136 803/809/803 507/367/507
f 507/367/507 488/810/488 130/808/130
f 803/365/803 129/811/129 488/351/488
f 135/797/135 804/362/804 505/364/505
f 505/364/505 487/348/487 129/811/129
f 804/362/804 128/802/128 487/348/487
f 493/344/493 490/807/490 805/357/805
f 126/812/126 805/357/805 477/813/477
f 477/813/477 498/359/498 125/334/125
f 498/359/498 489/354/489 806/356/806
f 498/359/498 476/814/476 125/334/125
f 806/356/806 124/815/124 476/814/476
f 130/816/130 807/353/807 497/817/497
f 497/817/497 475/327/475 124/331/124
f 807/353/807 123/818/123 475/327/475
f 129/811/129 808/350/808 496/352/496
f 496/352/496 474/324/474 123/818/123
f 808/350/808 122/819/122 474/324/474
f 128/802/128 809/347/809 495/349/495
f 495/349/495 473/339/473 122/819/122
f 809/347/809 121/820/121 473/339/473
f 492/806/492 491/805/491 810/342/810
f 492/806/492 478/821/478 484/822/484
f 478/821/478 493/344/493 126/812/126
f 122/819/122 811/341/811 480/325/480
f 480/325/480 462/315/462 116/823/116
f 811/341/811 115/824/115 462/315/462
f 484/825/484 478/826/478 812/336/812
f 484/822/484 812/827/812 467/633/467
f 467/633/467 483/828/483 120/829/120
f 483/338/483 477/830/477 813/831/813
f 120/829/120 813/333/813 466/832/466
f 813/333/813 119/642/119 466/832/466
f 125/334/125 814/833/814 482/335/482
f 482/335/482 465/834/465 119/642/119
f 814/330/814 118/631/118 465/835/465
f 124/331/124 815/329/815 481/332/481
f 481/332/481 464/321/464 118/631/118
f 815/329/815 117/836/117 464/321/464
f 123/818/123 816/326/816 479/328/479
f 479/328/479 463/318/463 117/836/117
f 816/326/816 116/823/116 463/318/463
f 118/631/118 817/323/817 472/632/472
f 472/632/472 457/312/457 114/645/114
f 817/323/817 113/837/113 457/312/457
f 117/836/117 818/320/818 471/322/471
f 471/322/471 456/309/456 113/837/113
f 818/320/818 112/838/112 456/309/456
f 116/823/116 819/317/819 470/319/470
f 470/319/470 455/306/455 112/838/112
f 819/317/819 111/839/111 455/306/455
f 461/840/461 457/312/457 820/314/820
f 461/840/461 448/300/448 110/841/110
f 820/314/820 109/842/109 448/300/448
f 113/837/113 821/311/821 460/313/460
f 460/313/460 447/297/447 109/842/109
f 821/311/821 108/843/108 447/297/447
f 112/838/112 822/308/822 458/310/458
f 458/310/458 446/294/446 108/843/108
f 822/308/822 107/844/107 446/294/446
f 708/845/708 685/846/685 823/847/823
f 708/845/708 436/848/436 105/849/105
f 823/305/823 104/850/104 436/280/436
f 110/841/110 824/302/824 454/304/454
f 454/304/454 435/277/435 104/850/104
f 824/302/824 103/851/103 435/277/435
f 109/842/109 825/299/825 453/301/453
f 453/301/453 434/274/434 103/851/103
f 825/299/825 102/852/102 434/274/434
f 108/843/108 826/296/826 452/298/452
f 452/298/452 433/271/433 102/852/102
f 826/296/826 101/853/101 433/271/433
f 445/854/445 438/286/438 827/288/827
f 445/854/445 827/288/827 426/259/426
f 827/288/827 100/855/100 426/259/426
f 444/287/444 437/856/437 828/283/828
f 100/855/100 828/283/828 425/256/425
f 425/256/425 443/285/443 99/857/99
f 443/858/443 436/848/436 829/859/829
f 443/285/443 424/860/424 99/857/99
f 829/282/829 98/861/98 424/862/424
f 104/850/104 830/279/830 442/281/442
f 442/281/442 423/863/423 98/861/98
f 830/279/830 97/269/97 423/863/423
f 103/851/103 831/276/831 441/278/441
f 441/278/441 422/864/422 97/269/97
f 422/864/422 439/275/439 96/266/96
f 102/852/102 832/273/832 439/275/439
f 439/275/439 421/262/421 96/266/96
f 832/273/832 95/865/95 421/262/421
f 428/866/428 423/863/423 833/268/833
f 91/867/91 833/268/833 411/868/411
f 411/868/411 432/270/432 90/242/90
f 432/270/432 422/864/422 834/265/834
f 90/242/90 834/265/834 410/869/410
f 410/869/410 431/267/431 89/239/89
f 96/266/96 835/264/835 431/267/431
f 89/239/89 835/264/835 409/870/409
f 835/264/835 88/236/88 409/870/409
f 445/854/445 836/261/836 94/871/94
f 94/872/94 836/873/836 414/874/414
f 836/261/836 93/875/93 414/250/414
f 429/260/429 425/256/425 837/258/837
f 429/260/429 413/876/413 93/875/93
f 837/258/837 92/248/92 413/876/413
f 427/257/427 424/860/424 838/253/838
f 92/248/92 838/253/838 412/244/412
f 838/253/838 91/877/91 412/244/412
f 94/872/94 414/874/414 839/878/839
f 87/879/87 839/878/839 402/880/402
f 839/252/839 86/227/86 402/881/402
f 93/875/93 840/247/840 420/251/420
f 420/251/420 401/882/401 86/227/86
f 401/882/401 419/249/419 85/224/85
f 419/883/419 412/884/412 841/885/841
f 419/883/419 400/220/400 85/886/85
f 841/246/841 84/887/84 400/888/400
f 418/889/418 411/868/411 842/241/842
f 84/890/84 842/241/842 399/891/399
f 399/891/399 417/243/417 83/892/83
f 417/243/417 410/869/410 843/238/843
f 83/892/83 843/238/843 398/893/398
f 398/893/398 416/240/416 82/233/82
f 416/240/416 409/870/409 844/235/844
f 82/233/82 844/235/844 397/894/397
f 397/894/397 415/237/415 81/230/81
f 404/895/404 398/893/398 845/232/845
f 76/896/76 845/232/845 386/897/386
f 386/897/386 408/234/408 75/203/75
f 408/234/408 397/894/397 846/229/846
f 75/203/75 846/229/846 385/898/385
f 385/898/385 407/231/407 74/200/74
f 87/879/87 402/880/402 847/899/847
f 80/900/80 847/899/847 390/901/390
f 390/902/390 406/228/406 79/215/79
f 406/228/406 401/882/401 848/223/848
f 79/215/79 848/223/848 389/903/389
f 389/903/389 405/225/405 78/212/78
f 85/886/85 849/222/849 405/904/405
f 405/904/405 388/208/388 78/905/78
f 849/222/849 77/906/77 388/208/388
f 403/221/403 399/891/399 850/907/850
f 77/906/77 850/907/850 387/908/387
f 387/909/387 404/219/404 76/206/76
f 80/910/80 851/214/851 73/911/73
f 73/911/73 851/214/851 378/912/378
f 378/912/378 396/216/396 72/913/72
f 396/216/396 389/903/389 852/211/852
f 72/913/72 852/211/852 377/914/377
f 377/914/377 395/213/395 71/188/71
f 395/915/395 388/208/388 853/210/853
f 395/915/395 376/916/376 71/917/71
f 853/210/853 70/185/70 376/916/376
f 394/209/394 387/908/387 854/918/854
f 70/185/70 854/918/854 375/919/375
f 375/920/375 393/207/393 69/182/69
f 393/921/393 386/897/386 855/202/855
f 69/922/69 855/202/855 374/923/374
f 374/923/374 392/204/392 68/197/68
f 392/204/392 385/898/385 856/199/856
f 68/197/68 856/199/856 373/924/373
f 373/924/373 391/201/391 67/194/67
f 380/183/380 374/925/374 857/926/857
f 63/173/63 857/926/857 361/927/361
f 361/928/361 384/198/384 62/170/62
f 384/198/384 373/924/373 858/193/858
f 62/170/62 858/193/858 360/929/360
f 360/929/360 383/195/383 61/167/61
f 73/930/73 378/190/378 859/192/859
f 73/931/73 365/932/365 366/933/366
f 859/934/859 66/935/66 365/936/365
f 382/937/382 377/914/377 860/187/860
f 382/937/382 364/938/364 66/935/66
f 364/938/364 381/189/381 65/939/65
f 381/189/381 376/940/376 861/941/861
f 381/189/381 363/942/363 65/939/65
f 861/184/861 64/176/64 363/943/363
f 379/186/379 375/919/375 862/944/862
f 64/176/64 862/944/862 362/945/362
f 362/946/362 380/183/380 63/173/63
f 66/947/66 863/178/863 367/164/367
f 367/164/367 352/154/352 60/948/60
f 863/178/863 59/949/59 352/154/352
f 372/950/372 363/942/363 864/951/864
f 59/949/59 864/952/864 351/953/351
f 864/175/864 58/152/58 351/954/351
f 371/177/371 362/945/362 865/955/865
f 58/152/58 865/955/865 350/956/350
f 350/957/350 370/174/370 57/958/57
f 370/174/370 361/927/361 866/959/866
f 57/960/57 866/169/866 349/961/349
f 349/961/349 369/171/369 56/146/56
f 62/962/62 867/963/867 369/964/369
f 56/965/56 867/963/867 348/966/348
f 348/967/348 368/168/368 55/968/55
f 366/933/366 365/932/365 868/969/868
f 366/933/366 868/969/868 353/970/353
f 868/971/868 60/158/60 353/972/353
f 355/973/355 348/966/348 869/160/869
f 49/974/49 869/160/869 336/975/336
f 336/975/336 359/162/359 48/131/48
f 1152/976/1152 353/970/353 870/977/870
f 1152/976/1152 341/978/341 54/979/54
f 341/980/341 358/981/358 53/128/53
f 60/948/60 871/156/871 358/981/358
f 358/981/358 340/142/340 53/128/53
f 871/156/871 52/982/52 340/142/340
f 357/155/357 351/953/351 872/983/872
f 52/982/52 872/983/872 339/984/339
f 339/984/339 356/985/356 51/140/51
f 356/153/356 350/956/350 873/986/873
f 51/987/51 873/986/873 338/988/338
f 338/989/338 354/150/354 50/137/50
f 354/990/354 349/961/349 874/145/874
f 50/991/50 874/145/874 337/992/337
f 337/992/337 355/147/355 49/134/49
f 53/128/53 875/144/875 342/129/342
f 342/129/342 328/993/328 46/994/46
f 875/144/875 45/119/45 328/993/328
f 347/143/347 339/984/339 876/139/876
f 45/119/45 876/139/876 327/995/327
f 327/995/327 346/141/346 44/116/44
f 346/996/346 338/988/338 877/997/877
f 44/116/44 877/136/877 326/998/326
f 326/998/326 345/138/345 43/113/43
f 345/999/345 337/992/337 878/133/878
f 43/1000/43 878/133/878 325/1001/325
f 325/1001/325 344/135/344 42/110/42
f 344/1002/344 336/975/336 879/130/879
f 42/1003/42 879/130/879 324/1004/324
f 324/1004/324 343/132/343 41/125/41
f 54/1005/54 880/127/880 47/1006/47
f 47/1006/47 880/127/880 329/121/329
f 880/127/880 46/994/46 329/121/329
f 331/1007/331 324/1004/324 881/124/881
f 36/1008/36 881/1009/881 311/1010/311
f 311/1011/311 335/126/335 35/1012/35
f 47/1006/47 329/121/329 882/123/882
f 319/1013/319 882/123/882 316/94/316
f 882/123/882 40/1014/40 316/94/316
f 334/122/334 328/993/328 883/118/883
f 334/122/334 315/1015/315 40/1014/40
f 883/118/883 39/92/39 315/1015/315
f 333/120/333 327/995/327 884/115/884
f 39/92/39 884/115/884 314/1016/314
f 314/1016/314 332/117/332 38/107/38
f 332/117/332 326/998/326 885/112/885
f 38/107/38 885/112/885 313/1017/313
f 313/1018/313 330/1019/330 37/104/37
f 330/1019/330 325/1001/325 886/109/886
f 37/104/37 886/109/886 312/1020/312
f 312/1020/312 331/111/331 36/101/36
f 318/93/318 314/1016/314 887/106/887
f 318/93/318 301/1021/301 33/86/33
f 301/1021/301 323/108/323 32/83/32
f 323/108/323 313/1017/313 888/1022/888
f 32/83/32 888/1022/888 300/1023/300
f 300/1024/300 322/105/322 31/80/31
f 322/105/322 312/1020/312 889/100/889
f 31/80/31 889/100/889 299/1025/299
f 299/1025/299 321/102/321 30/77/30
f 321/102/321 311/1026/311 890/97/890
f 30/77/30 890/97/890 298/1027/298
f 298/1027/298 320/99/320 29/74/29
f 319/1013/319 316/94/316 891/96/891
f 310/1028/310 891/96/891 303/1029/303
f 891/96/891 34/89/34 303/1029/303
f 317/95/317 315/1015/315 892/91/892
f 317/95/317 302/1030/302 34/89/34
f 302/1030/302 318/93/318 33/86/33
f 310/1028/310 303/1029/303 893/88/893
f 310/1028/310 290/1031/290 294/1032/294
f 290/1031/290 309/90/309 28/62/28
f 309/90/309 302/1030/302 894/85/894
f 28/62/28 894/85/894 289/58/289
f 289/58/289 308/87/308 27/1033/27
f 33/86/33 895/82/895 308/87/308
f 308/87/308 288/1034/288 27/1033/27
f 288/1034/288 307/84/307 26/56/26
f 307/84/307 300/1023/300 896/1035/896
f 26/56/26 896/1035/896 287/1036/287
f 287/1037/287 306/81/306 25/1038/25
f 306/81/306 299/1025/299 897/76/897
f 25/1038/25 897/76/897 286/1039/286
f 286/1039/286 304/78/304 24/68/24
f 304/78/304 298/1027/298 898/73/898
f 24/68/24 898/73/898 285/1040/285
f 285/1040/285 305/75/305 23/65/23
f 292/57/292 287/1036/287 899/70/899
f 20/47/20 899/70/899 275/1041/275
f 275/1041/275 297/72/297 19/44/19
f 297/1042/297 286/1039/286 900/67/900
f 19/1043/19 900/67/900 274/1044/274
f 274/1044/274 296/69/296 18/41/18
f 296/69/296 285/1040/285 901/64/901
f 18/41/18 901/64/901 273/1045/273
f 273/1045/273 295/66/295 17/38/17
f 294/1032/294 290/1031/290 902/61/902
f 294/1032/294 902/61/902 278/1046/278
f 278/1046/278 293/63/293 22/53/22
f 293/63/293 289/58/289 903/60/903
f 22/53/22 903/60/903 277/1047/277
f 277/1047/277 291/59/291 21/50/21
f 291/59/291 288/1034/288 904/55/904
f 291/59/291 276/1048/276 21/50/21
f 276/1048/276 292/57/292 20/47/20
f 1187/1049/1187 278/1046/278 905/52/905
f 1187/1050/1187 905/1051/905 266/1052/266
f 905/1051/905 16/1053/16 266/1052/266
f 284/54/284 277/1047/277 906/49/906
f 16/1054/16 906/49/906 265/1055/265
f 265/1055/265 283/51/283 15/23/15
f 283/51/283 276/1048/276 907/46/907
f 15/23/15 907/46/907 264/1056/264
f 264/1056/264 282/48/282 14/20/14
f 282/48/282 275/1041/275 908/43/908
f 14/20/14 908/43/908 263/1057/263
f 263/1057/263 281/45/281 13/1058/13
f 281/1059/281 274/1044/274 909/40/909
f 13/1060/13 909/40/909 262/1061/262
f 262/1061/262 280/42/280 12/1062/12
f 280/42/280 273/1045/273 910/37/910
f 12/1062/12 910/37/910 261/1063/261
f 261/1063/261 279/39/279 11/29/11
f 268/21/268 263/1057/263 911/1064/911
f 7/17/7 911/34/911 254/1065/254
f 254/1065/254 272/36/272 6/14/6
f 272/1066/272 262/1061/262 912/1067/912
f 6/14/6 912/31/912 253/1068/253
f 253/1068/253 271/33/271 5/11/5
f 271/33/271 261/1069/261 913/1070/913
f 5/11/5 913/1070/913 252/1071/252
f 252/1071/252 270/1072/270 4/8/4
f 1187/1049/1187 914/27/914 10/1073/10
f 10/1073/10 914/27/914 257/4/257
f 914/27/914 9/1074/9 257/4/257
f 16/1054/16 915/22/915 269/26/269
f 269/26/269 256/1075/256 9/1074/9
f 256/1075/256 267/24/267 8/1076/8
f 267/24/267 264/1056/264 916/19/916
f 8/1076/8 916/19/916 255/1077/255
f 255/1077/255 268/21/268 7/1078/7
f 259/3/259 255/1079/255 917/16/917
f 2/625/2 917/16/917 677/652/677
f 677/652/677 681/18/681 224/622/224
f 681/18/681 254/1065/254 918/13/918
f 224/622/224 918/13/918 671/654/671
f 671/654/671 680/15/680 223/619/223
f 680/15/680 253/1068/253 919/10/919
f 223/619/223 919/10/919 676/656/676
f 676/656/676 260/12/260 1/616/1
f 260/12/260 252/1071/252 920/7/920
f 1/616/1 920/7/920 675/658/675
f 675/658/675 679/9/679 222/613/222
f 10/1073/10 257/4/257 921/6/921
f 225/1080/225 921/6/921 678/1081/678
f 921/1082/921 3/1083/3 678/627/678
f 9/1074/9 922/1084/922 258/5/258
f 258/1085/258 251/650/251 3/1083/3
f 251/650/251 259/3/259 2/625/2
f 164/1086/164 928/1087/928 927/1088/927
f 924/1089/924 928/1087/928 923/1090/923
f 583/1091/583 929/1092/929 924/1089/924
f 1175/1093/1175 930/1094/930 583/1091/583
f 925/1095/925 936/1096/936 935/1097/935
f 926/1098/926 937/1099/937 936/1096/936
f 927/1088/927 938/1100/938 937/1099/937
f 929/1092/929 938/1100/938 928/1087/928
f 929/1092/929 940/1101/940 939/1102/939
f 931/1103/931 940/1101/940 930/1094/930
f 931/1103/931 942/1104/942 941/1105/941
f 1186/1106/1186 942/1104/942 932/1107/932
f 934/1108/934 946/1109/946 933/1110/933
f 935/1097/935 947/1111/947 934/1108/934
f 935/1097/935 949/1112/949 948/1113/948
f 936/1096/936 950/1114/950 949/1112/949
f 938/1100/938 950/1114/950 937/1099/937
f 939/1102/939 951/1115/951 938/1100/938
f 939/1102/939 953/1116/953 952/1117/952
f 941/1105/941 953/1116/953 940/1101/940
f 942/1104/942 954/1118/954 941/1105/941
f 943/1119/943 955/1120/955 942/1104/942
f 943/1119/943 957/1121/957 956/1122/956
f 195/1123/195 958/1124/958 957/1121/957
f 945/1125/945 960/1126/960 959/1127/959
f 947/1111/947 960/1126/960 946/1109/946
f 948/1113/948 961/1128/961 947/1111/947
f 948/1113/948 963/1129/963 962/1130/962
f 949/1112/949 964/1131/964 963/1129/963
f 951/1115/951 964/1131/964 950/1114/950
f 952/1117/952 965/1132/965 951/1115/951
f 952/1117/952 967/1133/967 966/1134/966
f 954/1118/954 967/1133/967 953/1116/953
f 955/1120/955 968/1135/968 954/1118/954
f 956/1122/956 969/1136/969 955/1120/955
f 957/1121/957 970/1137/970 956/1122/956
f 957/1121/957 972/1138/972 971/1139/971
f 1164/1140/1164 972/1138/972 958/1124/958
f 960/1126/960 974/1141/974 959/1127/959
f 961/1128/961 975/1142/975 960/1126/960
f 962/1130/962 976/1143/976 961/1128/961
f 962/1130/962 978/1144/978 977/1145/977
f 963/1129/963 979/1146/979 978/1144/978
f 964/1131/964 980/1147/980 979/1146/979
f 966/1134/966 980/1147/980 965/1132/965
f 966/1134/966 982/1148/982 981/1149/981
f 968/1135/968 982/1148/982 967/1133/967
f 969/1136/969 983/1150/983 968/1135/968
f 970/1137/970 984/1151/984 969/1136/969
f 971/1139/971 985/1152/985 970/1137/970
f 972/1138/972 986/1153/986 971/1139/971
f 208/1154/208 987/1155/987 972/1138/972
f 973/1156/973 990/1157/990 989/1158/989
f 974/1141/974 991/1159/991 990/1157/990
f 976/1143/976 991/1159/991 975/1142/975
f 977/1145/977 992/1160/992 976/1143/976
f 978/1144/978 993/1161/993 977/1145/977
f 978/1144/978 995/1162/995 994/1163/994
f 979/1146/979 996/1164/996 995/1162/995
f 981/1149/981 1166/1165/1166 996/1164/996
f 982/1148/982 1190/1166/1190 1189/1167/1189
f 983/1150/983 1192/1168/1192 1193/1169/1193
f 984/1151/984 998/1170/998 983/1150/983
f 985/1152/985 999/1171/999 984/1151/984
f 986/1153/986 1000/1172/1000 985/1152/985
f 987/1155/987 1001/1173/1001 986/1153/986
f 987/1155/987 1003/1174/1003 1002/1175/1002
f 988/1176/988 215/1177/215 1003/1174/1003
f 989/1158/989 1005/1178/1005 1004/1179/1004
f 990/1157/990 1006/1180/1006 1005/1178/1005
f 992/1160/992 1006/1180/1006 991/1159/991
f 993/1161/993 1007/1181/1007 992/1160/992
f 994/1163/994 1008/1182/1008 993/1161/993
f 995/1162/995 1009/1183/1009 994/1163/994
f 996/1164/996 1199/1184/1198 1010/1185/1010
f 996/1164/996 1203/1186/1202 1204/1187/1203
f 997/1188/997 1012/1189/1012 1189/1167/1189
f 1170/1190/1170 1014/1191/1014 1013/1192/1013
f 999/1171/999 1206/1193/1205 1208/1194/1207
f 999/1171/999 1016/1195/1016 1015/1196/1015
f 1001/1173/1001 1016/1195/1016 1000/1172/1000
f 1002/1175/1002 1017/1197/1017 1001/1173/1001
f 1003/1174/1003 1018/1198/1018 1002/1175/1002
f 1003/1174/1003 1211/1199/1210 1019/1200/1019
f 1004/1179/1004 1020/1201/1020 1548/1202/1546
f 1005/1178/1005 1021/1203/1021 1004/1179/1004
f 1006/1180/1006 1022/1204/1022 1005/1178/1005
f 1007/1181/1007 1023/1205/1023 1006/1180/1006
f 1007/1181/1007 1025/1206/1025 1024/1207/1024
f 1008/1182/1008 1026/1208/1026 1025/1206/1025
f 1009/1183/1009 1027/1209/1027 1026/1208/1026
f 1214/1210/1213 1215/1211/1214 1027/1209/1027
f 1011/1212/1011 1029/1213/1029 1028/1214/1028
f 1013/1192/1013 1029/1213/1029 1012/1189/1012
f 1013/1192/1013 1031/1215/1031 1030/1216/1030
f 1014/1191/1014 1032/1217/1032 1031/1215/1031
f 1016/1195/1016 1163/1218/1163 1217/1219/1216
f 1017/1197/1017 1033/1220/1033 1016/1195/1016
f 1018/1198/1018 1034/1221/1034 1017/1197/1017
f 1019/1200/1019 1035/1222/1035 1018/1198/1018
f 1019/1200/1019 1037/1223/1037 1036/1224/1036
f 1211/1199/1210 225/1225/225 1037/1223/1037
f 1021/1203/1021 1038/1226/1038 1020/1201/1020
f 1022/1204/1022 1039/1227/1039 1021/1203/1021
f 1023/1205/1023 1040/1228/1040 1022/1204/1022
f 1024/1207/1024 1041/1229/1041 1023/1205/1023
f 1025/1206/1025 1042/1230/1042 1024/1207/1024
f 1026/1208/1026 1043/1231/1043 1025/1206/1025
f 1026/1208/1026 1045/1232/1045 1044/1233/1044
f 1221/1234/1220 1222/1235/1221 1045/1232/1045
f 1029/1213/1029 1046/1236/1046 1028/1214/1028
f 1029/1213/1029 1048/1237/1048 1047/1238/1047
f 1031/1215/1031 1048/1237/1048 1030/1216/1030
f 1032/1217/1032 1049/1239/1049 1031/1215/1031
f 1163/1218/1163 1224/1240/1223 1050/1241/1050
f 1034/1221/1034 1051/1242/1051 1033/1220/1033
f 1035/1222/1035 1052/1243/1052 1034/1221/1034
f 1036/1224/1036 1053/1244/1053 1035/1222/1035
f 1036/1224/1036 1055/1245/1055 1054/1246/1054
f 1037/1223/1037 225/1225/225 1055/1245/1055
f 1038/1226/1038 1056/1247/1056 1172/1248/1172
f 1040/1228/1040 1056/1247/1056 1039/1227/1039
f 1041/1229/1041 1057/1249/1057 1040/1228/1040
f 1042/1230/1042 1058/1250/1058 1041/1229/1041
f 1042/1230/1042 1060/1251/1060 1059/1252/1059
f 1044/1233/1044 1060/1251/1060 1043/1231/1043
f 1045/1232/1045 1061/1253/1061 1044/1233/1044
f 1196/1254/1196 1197/1255/1196 1062/1256/1062
f 1046/1236/1046 1063/1257/1063 1188/1258/1188
f 1047/1238/1047 1064/1259/1064 1063/1257/1063
f 1048/1237/1048 1065/1260/1065 1064/1259/1064
f 1050/1241/1050 1200/1261/1199 1065/1260/1065
f 1050/1241/1050 1201/1262/1200 1154/1263/1154
f 1052/1243/1052 1067/1264/1067 1051/1242/1051
f 1053/1244/1053 1068/1265/1068 1052/1243/1052
f 1054/1246/1054 1069/1266/1069 1053/1244/1053
f 1054/1246/1054 10/1267/10 1070/1268/1070
f 1055/1269/1055 225/1080/225 10/1073/10
f 1056/1247/1056 1552/1270/1550 1172/1248/1172
f 1057/1249/1057 1071/1271/1071 1056/1247/1056
f 1058/1250/1058 1072/1272/1072 1057/1249/1057
f 1059/1252/1059 1073/1273/1073 1058/1250/1058
f 1060/1251/1060 1074/1274/1074 1059/1252/1059
f 1061/1253/1061 1075/1275/1075 1060/1251/1060
f 1062/1256/1062 1076/1276/1076 1061/1253/1061
f 1188/1258/1188 1077/1277/1077 1062/1256/1062
f 1063/1257/1063 1228/1278/1227 1227/1279/1226
f 1064/1259/1064 1220/1280/1219 1229/1281/1228
f 1065/1260/1065 1210/1282/1209 1168/1283/1168
f 1065/1260/1065 1212/1284/1211 1180/1285/1180
f 1067/1264/1067 1082/1286/1082 1066/1287/1066
f 1067/1264/1067 1084/1288/1084 1083/1289/1083
f 1068/1265/1068 1085/1290/1085 1084/1288/1084
f 1069/1266/1069 1086/1291/1086 1085/1290/1085
f 1070/1268/1070 1177/1292/1177 1086/1291/1086
f 1071/1271/1071 1088/1293/1088 1087/1294/1087
f 1073/1273/1073 1088/1293/1088 1072/1272/1072
f 1074/1274/1074 1089/1295/1089 1073/1273/1073
f 1075/1275/1075 1090/1296/1090 1074/1274/1074
f 1076/1276/1076 1091/1297/1091 1075/1275/1075
f 1076/1276/1076 1093/1298/1093 1092/1299/1092
f 1078/1300/1078 1093/1298/1093 1077/1277/1077
f 1079/1301/1079 1094/1302/1094 1078/1300/1078
f 1080/1303/1080 1095/1304/1095 1079/1301/1079
f 1080/1303/1080 1097/1305/1097 1096/1306/1096
f 1081/1307/1081 1098/1308/1098 1097/1305/1097
f 1082/1286/1082 1099/1309/1099 1098/1308/1098
f 1083/1289/1083 1100/1310/1100 1099/1309/1099
f 1084/1288/1084 1101/1311/1101 1100/1310/1100
f 1086/1291/1086 1101/1311/1101 1085/1290/1085
f 1086/1291/1086 1187/1312/1187 1102/1313/1102
f 1087/1294/1087 1104/1314/1104 1103/1315/1103
f 1089/1295/1089 1104/1314/1104 1088/1293/1088
f 1090/1296/1090 1105/1316/1105 1089/1295/1089
f 1091/1297/1091 1106/1317/1106 1090/1296/1090
f 1091/1297/1091 1108/1318/1108 1107/1319/1107
f 1092/1299/1092 1109/1320/1109 1108/1318/1108
f 1094/1302/1094 1109/1320/1109 1093/1298/1093
f 1095/1304/1095 1110/1321/1110 1094/1302/1094
f 1096/1306/1096 1111/1322/1111 1095/1304/1095
f 1096/1306/1096 1113/1323/1113 1112/1324/1112
f 1097/1305/1097 1114/1325/1114 1113/1323/1113
f 1098/1308/1098 1115/1326/1115 1114/1325/1114
f 1099/1309/1099 1116/1327/1116 1115/1326/1115
f 1100/1310/1100 1117/1328/1117 1116/1327/1116
f 1102/1313/1102 294/1329/294 1117/1328/1117
f 1102/1313/1102 1187/1312/1187 1165/1330/1165
f 1105/1316/1105 1118/1331/1118 1104/1314/1104
f 1106/1317/1106 1119/1332/1119 1105/1316/1105
f 1107/1319/1107 1120/1333/1120 1106/1317/1106
f 1107/1319/1107 1122/1334/1122 1121/1335/1121
f 1108/1318/1108 1123/1336/1123 1122/1334/1122
f 1109/1320/1109 1124/1337/1124 1123/1336/1123
f 1110/1321/1110 1125/1338/1125 1124/1337/1124
f 1112/1324/1112 1125/1338/1125 1111/1322/1111
f 1112/1324/1112 1127/1339/1127 1126/1340/1126
f 1114/1325/1114 1127/1339/1127 1113/1323/1113
f 1115/1326/1115 1128/1341/1128 1114/1325/1114
f 1116/1327/1116 1129/1342/1129 1115/1326/1115
f 1117/1328/1117 1130/1343/1130 1116/1327/1116
f 1117/1328/1117 294/1329/294 1131/1344/1131
f 1119/1332/1119 87/879/87 94/872/94
f 1120/1333/1120 1132/1345/1132 1119/1332/1119
f 1121/1335/1121 1133/1346/1133 1120/1333/1120
f 1122/1334/1122 1134/1347/1134 1121/1335/1121
f 1122/1334/1122 1136/1348/1136 1135/1349/1135
f 1123/1336/1123 1137/1350/1137 1136/1348/1136
f 1125/1338/1125 1137/1350/1137 1124/1337/1124
f 1125/1338/1125 1139/1351/1139 1138/1352/1138
f 1126/1340/1126 1140/1353/1140 1139/1351/1139
f 1128/1341/1128 1140/1353/1140 1127/1339/1127
f 1129/1342/1129 1141/1354/1141 1128/1341/1128
f 1129/1342/1129 1143/1355/1143 1142/1356/1142
f 1131/1344/1131 1223/1357/1222 1143/1355/1143
f 1131/1344/1131 294/1329/294 1155/1358/1155
f 1133/1346/1133 87/879/87 1132/1345/1132
f 1134/1347/1134 80/900/80 1133/1346/1133
f 1135/1349/1135 1144/1359/1144 1134/1347/1134
f 1136/1348/1136 1145/1360/1145 1135/1349/1135
f 1136/1348/1136 1147/1361/1147 1146/1362/1146
f 1137/1350/1137 1148/1363/1148 1147/1361/1147
f 1138/1352/1138 1149/1364/1149 1148/1363/1148
f 1139/1351/1139 1150/1365/1150 1149/1364/1149
f 1140/1353/1140 1151/1366/1151 1150/1365/1150
f 1142/1356/1142 1194/1367/1194 1151/1366/1151
f 1143/1355/1143 319/1368/319 1142/1356/1142
f 1144/1359/1144 1145/1360/1145 73/931/73
f 1145/1360/1145 1202/1369/1201 73/931/73
f 1146/1362/1146 366/933/366 1202/1369/1201
f 1147/1361/1147 1152/976/1152 366/933/366
f 1149/1364/1149 1152/976/1152 1148/1363/1148
f 1150/1365/1150 54/979/54 1149/1364/1149
f 1150/1365/1150 1151/1366/1151 47/1370/47
f 1151/1366/1151 1194/1367/1194 47/1370/47
f 1202/1369/1201 366/933/366 1158/1371/1158
f 1152/976/1152 1205/1372/1204 1158/1371/1158
f 1152/976/1152 54/979/54 1159/1373/1159
f 997/1188/997 1191/1374/1191 1190/1166/1190
f 997/1188/997 1193/1169/1193 1192/1168/1192
f 1046/1236/1046 1197/1255/1196 1195/1375/1195
f 945/1125/945 1198/1376/1197 1160/1377/1160
f 1104/1314/1104 94/872/94 1103/1315/1103
f 933/1110/933 945/1125/945 1160/1377/1160
f 1011/1212/1011 1199/1184/1198 1174/1378/1174
f 1066/1287/1066 1200/1261/1199 1154/1263/1154
f 1051/1242/1051 1066/1287/1066 1201/1262/1200
f 484/1379/484 1004/1179/1004 1548/1202/1546
f 1189/1167/1189 1011/1212/1011 1204/1187/1203
f 1014/1191/1014 1208/1194/1207 1207/1380/1206
f 1156/1381/1156 923/1090/923 164/1086/164
f 1153/1382/1153 959/1127/959 1171/1383/1171
f 1081/1307/1081 1168/1283/1168 1209/1384/1208
f 1066/1287/1066 1081/1307/1081 1212/1284/1211
f 1552/1270/1550 1087/1294/1087 445/1385/445
f 1011/1212/1011 1161/1386/1161 1214/1210/1213
f 924/1089/924 1156/1381/1156 583/1091/583
f 1167/1387/1167 925/1095/925 1162/1388/1162
f 926/1098/926 1167/1387/1167 1216/1389/1215
f 1032/1217/1032 1218/1390/1217 1217/1219/1216
f 164/1086/164 926/1098/926 1169/1391/1169
f 1184/1392/1184 973/1156/973 492/1393/492
f 959/1127/959 973/1156/973 1184/1392/1184
f 1176/1394/1176 931/1103/931 1175/1093/1175
f 1186/1106/1186 932/1107/932 1176/1394/1176
f 1020/1201/1020 1172/1248/1172 1548/1202/1546
f 1080/1303/1080 1229/1281/1228 1219/1395/1218
f 445/1396/445 1087/1397/1087 1103/1398/1103
f 1028/1214/1028 1178/1399/1178 1221/1234/1220
f 215/1177/215 988/1176/988 208/1154/208
f 934/1108/934 1182/1400/1182 1183/1401/1183
f 925/1095/925 934/1108/934 1183/1401/1183
f 1033/1220/1033 1181/1402/1181 1224/1240/1223
f 933/1110/933 1226/1403/1225 1182/1400/1182
f 973/1156/973 484/1379/484 492/1393/492
f 1079/1301/1079 1078/1300/1078 1227/1279/1226
f 80/900/80 1144/1359/1144 73/931/73
f 944/1404/944 1186/1106/1186 195/1123/195
f 1432/1405/1430 1231/1406/1230 1230/1407/1229
f 1433/1408/1431 1232/1409/1231 1231/1406/1230
f 1437/1410/1435 1232/1409/1231 1435/1411/1433
f 1437/1412/1435 1234/1413/1233 1233/1414/1232
f 1439/1415/1437 1235/1416/1234 1234/1417/1233
f 1441/1418/1439 1236/1419/1235 1235/1420/1234
f 1443/1421/1441 1237/1422/1236 1236/1419/1235
f 1447/1423/1445 1237/1422/1236 1445/1424/1443
f 1449/1425/1447 1238/1426/1237 1447/1423/1445
f 1449/1427/1447 1240/1428/1239 1239/1429/1238
f 1453/1430/1451 1240/1428/1239 1451/1431/1449
f 1455/1432/1453 1242/1433/1241 1241/1434/1240
f 1627/1435/1625 1642/1436/1640 1624/1437/1622
f 1459/1438/1457 1250/1439/1249 1627/1440/1625
f 1461/1441/1459 1251/1442/1250 1459/1438/1457
f 1461/1441/1459 1253/1443/1252 1252/1444/1251
f 1463/1445/1461 1254/1446/1253 1253/1443/1252
f 1467/1447/1465 1254/1446/1253 1465/1448/1463
f 1469/1449/1467 1255/1450/1254 1467/1451/1465
f 1469/1452/1467 1257/1453/1256 1256/1454/1255
f 1471/1455/1469 1258/1456/1257 1257/1453/1256
f 1475/1457/1473 1258/1458/1257 1473/1459/1471
f 1475/1457/1473 1260/1460/1259 1259/1461/1258
f 1477/1462/1475 1261/1463/1260 1260/1460/1259
f 1479/1464/1477 1230/1407/1229 1261/1463/1260
f 1347/1465/1345 1291/1466/1290 1293/1467/1292
f 1336/1468/1334 1291/1466/1290 1342/1469/1340
f 1333/1470/1331 1289/1471/1288 1336/1468/1334
f 1333/1472/1331 1285/1473/1284 1287/1474/1286
f 1308/1475/1307 1285/1476/1284 1305/1477/1304
f 1308/1478/1307 1281/1479/1280 1283/1480/1282
f 1311/1481/1310 1279/1482/1278 1281/1479/1280
f 1314/1483/1313 1277/1484/1276 1279/1482/1278
f 1320/1485/1319 1277/1484/1276 1317/1486/1316
f 1323/1487/1322 1275/1488/1274 1320/1485/1319
f 1326/1489/1325 1273/1490/1272 1323/1487/1322
f 1329/1491/1328 1269/1492/1268 1271/1493/1270
f 1614/1494/1612 1610/1495/1608 1623/1496/1621
f 1348/1497/1346 1267/1498/1266 1614/1499/1612
f 1351/1500/1349 1265/1501/1264 1348/1497/1346
f 1351/1500/1349 1249/1502/1248 1263/1503/1262
f 1354/1504/1352 1247/1505/1246 1249/1502/1248
f 1360/1506/1358 1247/1505/1246 1357/1507/1355
f 1363/1508/1361 1245/1509/1244 1360/1506/1358
f 1363/1508/1361 1296/1510/1295 1243/1511/1242
f 1369/1512/1367 1296/1513/1295 1366/1514/1364
f 1369/1515/1367 1300/1516/1299 1298/1517/1297
f 1372/1518/1370 1302/1519/1301 1300/1516/1299
f 1378/1520/1376 1302/1521/1301 1375/1522/1373
f 1378/1520/1376 1293/1467/1292 1304/1523/1303
f 1231/1406/1230 1428/1524/1426 1429/1525/1427
f 1232/1409/1231 1426/1526/1424 1428/1524/1426
f 1233/1527/1232 1424/1528/1422 1426/1526/1424
f 1234/1529/1233 1422/1530/1420 1424/1531/1422
f 1235/1420/1234 1420/1532/1418 1422/1530/1420
f 1236/1419/1235 1418/1533/1416 1420/1532/1418
f 1237/1422/1236 1416/1534/1414 1418/1533/1416
f 1416/1534/1414 1239/1535/1238 1414/1536/1412
f 1414/1536/1412 1240/1537/1239 1412/1538/1410
f 1412/1538/1410 1241/1539/1240 1410/1540/1408
f 1241/1434/1240 1644/1541/1642 1408/1542/1406
f 1652/1543/1650 1643/1544/1641 1650/1545/1648
f 1643/1544/1641 1251/1546/1250 1404/1547/1402
f 1404/1548/1402 1252/1444/1251 1402/1549/1400
f 1402/1549/1400 1253/1443/1252 1400/1550/1398
f 1400/1550/1398 1254/1446/1253 1398/1551/1396
f 1398/1551/1396 1255/1552/1254 1396/1553/1394
f 1396/1554/1394 1256/1555/1255 1394/1556/1392
f 1256/1454/1255 1392/1557/1390 1394/1558/1392
f 1257/1453/1256 1390/1559/1388 1392/1557/1390
f 1258/1458/1257 1388/1560/1386 1390/1561/1388
f 1259/1562/1258 1386/1563/1384 1388/1564/1386
f 1260/1565/1259 1384/1566/1382 1386/1563/1384
f 1261/1463/1260 1382/1567/1380 1384/1568/1382
f 1230/1407/1229 1429/1525/1427 1382/1567/1380
f 1294/1569/1293 1380/1570/1378 1303/1571/1302
f 1380/1570/1378 1346/1572/1344 1379/1573/1377
f 1379/1573/1377 1347/1465/1345 1378/1520/1376
f 1301/1574/1300 1380/1570/1378 1377/1575/1375
f 1377/1575/1375 1379/1573/1377 1376/1576/1374
f 1376/1576/1374 1378/1520/1376 1375/1522/1373
f 1299/1577/1298 1377/1578/1375 1374/1579/1372
f 1374/1579/1372 1376/1580/1374 1373/1581/1371
f 1373/1582/1371 1375/1522/1373 1372/1583/1370
f 1299/1584/1298 1371/1585/1369 1297/1586/1296
f 1374/1587/1372 1370/1588/1368 1371/1585/1369
f 1370/1589/1368 1372/1518/1370 1369/1515/1367
f 1297/1586/1296 1368/1590/1366 1295/1591/1294
f 1371/1592/1369 1367/1593/1365 1368/1594/1366
f 1367/1593/1365 1369/1515/1367 1366/1595/1364
f 1295/1596/1294 1365/1597/1363 1244/1598/1243
f 1365/1597/1363 1367/1593/1365 1364/1599/1362
f 1364/1599/1362 1366/1595/1364 1363/1508/1361
f 1246/1600/1245 1365/1597/1363 1362/1601/1360
f 1362/1601/1360 1364/1599/1362 1361/1602/1359
f 1361/1602/1359 1363/1508/1361 1360/1506/1358
f 1248/1603/1247 1362/1601/1360 1359/1604/1357
f 1362/1601/1360 1358/1605/1356 1359/1604/1357
f 1361/1602/1359 1357/1507/1355 1358/1605/1356
f 1248/1603/1247 1356/1606/1354 1262/1607/1261
f 1359/1604/1357 1355/1608/1353 1356/1606/1354
f 1358/1605/1356 1354/1504/1352 1355/1608/1353
f 1264/1609/1263 1356/1606/1354 1353/1610/1351
f 1353/1610/1351 1355/1608/1353 1352/1611/1350
f 1352/1611/1350 1354/1504/1352 1351/1500/1349
f 1266/1612/1265 1353/1610/1351 1350/1613/1348
f 1353/1610/1351 1349/1614/1347 1350/1613/1348
f 1352/1611/1350 1348/1497/1346 1349/1614/1347
f 1266/1612/1265 1341/1615/1339 1609/1616/1607
f 1350/1613/1348 1340/1617/1338 1616/1618/1614
f 1349/1614/1347 1339/1619/1337 1615/1620/1613
f 1622/1621/1620 1341/1622/1339 1617/1623/1615
f 1616/1624/1614 1618/1625/1616 1621/1626/1619
f 1615/1627/1613 1619/1628/1617 1620/1629/1618
f 1270/1630/1269 1608/1631/1606 1324/1632/1323
f 1327/1633/1326 1613/1634/1611 1325/1635/1324
f 1328/1636/1327 1329/1491/1328 1326/1489/1325
f 1272/1637/1271 1321/1638/1320 1274/1639/1273
f 1324/1632/1323 1322/1640/1321 1321/1638/1320
f 1325/1635/1324 1323/1487/1322 1322/1640/1321
f 1274/1639/1273 1318/1641/1317 1276/1642/1275
f 1318/1641/1317 1322/1640/1321 1319/1643/1318
f 1319/1643/1318 1323/1487/1322 1320/1485/1319
f 1276/1642/1275 1315/1644/1314 1278/1645/1277
f 1315/1644/1314 1319/1643/1318 1316/1646/1315
f 1319/1643/1318 1317/1486/1316 1316/1646/1315
f 1280/1647/1279 1315/1644/1314 1312/1648/1311
f 1315/1644/1314 1313/1649/1312 1312/1648/1311
f 1313/1649/1312 1317/1486/1316 1314/1483/1313
f 1282/1650/1281 1312/1648/1311 1309/1651/1308
f 1309/1651/1308 1313/1649/1312 1310/1652/1309
f 1310/1652/1309 1314/1483/1313 1311/1481/1310
f 1282/1650/1281 1306/1653/1305 1284/1654/1283
f 1309/1651/1308 1307/1655/1306 1306/1653/1305
f 1310/1652/1309 1308/1478/1307 1307/1655/1306
f 1284/1654/1283 1332/1656/1330 1286/1657/1285
f 1306/1653/1305 1331/1658/1329 1332/1656/1330
f 1331/1658/1329 1308/1478/1307 1305/1659/1304
f 1286/1660/1285 1335/1661/1333 1288/1662/1287
f 1332/1663/1330 1334/1664/1332 1335/1661/1333
f 1331/1665/1329 1333/1470/1331 1334/1664/1332
f 1290/1666/1289 1335/1661/1333 1338/1667/1336
f 1335/1661/1333 1337/1668/1335 1338/1667/1336
f 1337/1668/1335 1333/1470/1331 1336/1468/1334
f 1292/1669/1291 1338/1667/1336 1344/1670/1342
f 1344/1670/1342 1337/1668/1335 1343/1671/1341
f 1337/1668/1335 1342/1469/1340 1343/1671/1341
f 1294/1569/1293 1344/1670/1342 1345/1672/1343
f 1345/1672/1343 1343/1671/1341 1346/1572/1344
f 1346/1572/1344 1342/1469/1340 1347/1465/1345
f 1294/1569/1293 1430/1673/1428 1292/1669/1291
f 1382/1567/1380 1430/1673/1428 1381/1674/1379
f 1303/1571/1302 1381/1674/1379 1294/1569/1293
f 1383/1675/1381 1382/1567/1380 1381/1674/1379
f 1301/1574/1300 1383/1675/1381 1303/1571/1302
f 1385/1676/1383 1384/1566/1382 1383/1677/1381
f 1299/1577/1298 1385/1676/1383 1301/1678/1300
f 1388/1564/1386 1385/1676/1383 1387/1679/1385
f 1297/1586/1296 1387/1680/1385 1299/1584/1298
f 1389/1681/1387 1388/1560/1386 1387/1680/1385
f 1295/1591/1294 1389/1681/1387 1297/1586/1296
f 1391/1682/1389 1390/1559/1388 1389/1683/1387
f 1244/1598/1243 1391/1682/1389 1295/1596/1294
f 1394/1558/1392 1391/1682/1389 1393/1684/1391
f 1246/1600/1245 1393/1684/1391 1244/1598/1243
f 1395/1685/1393 1394/1558/1392 1393/1684/1391
f 1248/1603/1247 1395/1685/1393 1246/1600/1245
f 1397/1686/1395 1396/1553/1394 1395/1685/1393
f 1399/1687/1397 1248/1603/1247 1262/1607/1261
f 1400/1550/1398 1397/1686/1395 1399/1687/1397
f 1401/1688/1399 1262/1607/1261 1264/1609/1263
f 1402/1549/1400 1399/1687/1397 1401/1688/1399
f 1403/1689/1401 1264/1609/1263 1266/1612/1265
f 1404/1548/1402 1401/1688/1399 1403/1689/1401
f 1645/1690/1643 1403/1691/1401 1266/1692/1265
f 1646/1693/1644 1404/1547/1402 1403/1691/1401
f 1647/1694/1645 1645/1690/1643 1607/1695/1605
f 1650/1545/1648 1646/1693/1644 1653/1696/1651
f 1409/1697/1407 1647/1694/1645 1270/1698/1269
f 1410/1699/1408 1648/1700/1646 1407/1701/1405
f 1411/1702/1409 1272/1637/1271 1274/1639/1273
f 1412/1538/1410 1409/1703/1407 1411/1702/1409
f 1413/1704/1411 1274/1639/1273 1276/1642/1275
f 1414/1536/1412 1411/1702/1409 1413/1704/1411
f 1278/1645/1277 1413/1704/1411 1276/1642/1275
f 1415/1705/1413 1414/1536/1412 1413/1704/1411
f 1417/1706/1415 1278/1645/1277 1280/1647/1279
f 1418/1533/1416 1415/1705/1413 1417/1706/1415
f 1282/1650/1281 1417/1706/1415 1280/1647/1279
f 1420/1532/1418 1417/1706/1415 1419/1707/1417
f 1284/1654/1283 1419/1707/1417 1282/1650/1281
f 1421/1708/1419 1420/1532/1418 1419/1707/1417
f 1286/1660/1285 1421/1709/1419 1284/1710/1283
f 1423/1711/1421 1422/1712/1420 1421/1709/1419
f 1288/1713/1287 1423/1714/1421 1286/1715/1285
f 1425/1716/1423 1424/1528/1422 1423/1711/1421
f 1290/1666/1289 1425/1716/1423 1288/1662/1287
f 1427/1717/1425 1426/1526/1424 1425/1716/1423
f 1292/1669/1291 1427/1717/1425 1290/1666/1289
f 1430/1673/1428 1428/1524/1426 1427/1717/1425
f 1542/1718/1540 1431/1719/1429 1480/1720/1478
f 1605/1721/1603 1432/1405/1430 1479/1464/1477
f 1541/1722/1539 1480/1723/1478 1478/1724/1476
f 1603/1725/1601 1479/1726/1477 1477/1727/1475
f 1540/1728/1538 1478/1729/1476 1476/1730/1474
f 1601/1731/1599 1477/1462/1475 1475/1457/1473
f 1540/1728/1538 1474/1732/1472 1539/1733/1537
f 1601/1731/1599 1473/1459/1471 1599/1734/1597
f 1539/1733/1537 1472/1735/1470 1538/1736/1536
f 1597/1737/1595 1473/1738/1471 1471/1455/1469
f 1538/1739/1536 1470/1740/1468 1537/1741/1535
f 1597/1742/1595 1469/1743/1467 1595/1744/1593
f 1536/1745/1534 1470/1740/1468 1468/1746/1466
f 1595/1747/1593 1467/1447/1465 1593/1748/1591
f 1536/1745/1534 1466/1749/1464 1535/1750/1533
f 1593/1748/1591 1465/1448/1463 1591/1751/1589
f 1534/1752/1532 1466/1749/1464 1464/1753/1462
f 1591/1751/1589 1463/1445/1461 1589/1754/1587
f 1534/1752/1532 1462/1755/1460 1533/1756/1531
f 1589/1757/1587 1461/1758/1459 1587/1759/1585
f 1533/1756/1531 1460/1760/1458 1532/1761/1530
f 1587/1762/1585 1459/1438/1457 1585/1763/1583
f 1532/1764/1530 1458/1765/1456 1531/1766/1529
f 1585/1763/1583 1457/1767/1455 1633/1768/1631
f 1531/1766/1529 1629/1769/1627 1456/1770/1454
f 1633/1771/1631 1630/1772/1628 1639/1773/1637
f 1530/1774/1528 1454/1775/1452 1529/1776/1527
f 1581/1777/1579 1455/1778/1453 1453/1779/1451
f 1529/1780/1527 1452/1781/1450 1528/1782/1526
f 1577/1783/1575 1453/1779/1451 1451/1784/1449
f 1528/1785/1526 1450/1786/1448 1527/1787/1525
f 1575/1788/1573 1451/1784/1449 1449/1425/1447
f 1526/1789/1524 1450/1786/1448 1448/1790/1446
f 1573/1791/1571 1449/1425/1447 1447/1423/1445
f 1526/1792/1524 1446/1793/1444 1525/1794/1523
f 1571/1795/1569 1447/1423/1445 1445/1424/1443
f 1525/1794/1523 1444/1796/1442 1524/1797/1522
f 1569/1798/1567 1445/1424/1443 1443/1421/1441
f 1523/1799/1521 1444/1800/1442 1442/1801/1440
f 1567/1802/1565 1443/1421/1441 1441/1418/1439
f 1522/1803/1520 1442/1804/1440 1440/1805/1438
f 1565/1806/1563 1441/1807/1439 1439/1415/1437
f 1521/1808/1519 1440/1805/1438 1438/1809/1436
f 1563/1810/1561 1439/1415/1437 1437/1410/1435
f 1521/1808/1519 1436/1811/1434 1520/1812/1518
f 1561/1813/1559 1437/1410/1435 1435/1411/1433
f 1520/1812/1518 1434/1814/1432 1519/1815/1517
f 1559/1816/1557 1435/1411/1433 1433/1408/1431
f 1519/1815/1517 1431/1719/1429 1518/1817/1516
f 1558/1818/1556 1433/1408/1431 1432/1405/1430
f 1497/1819/1495 1549/1820/1547 1546/1821/1544
f 1491/1822/1489 1551/1823/1549 1492/1824/1490
f 1484/1825/1482 1513/1826/1511 1485/1827/1483
f 1498/1828/1496 1546/1829/1544 1506/1830/1504
f 1552/1831/1550 1492/1824/1490 1551/1823/1549
f 1486/1832/1484 1513/1826/1511 1511/1833/1509
f 1499/1834/1497 1506/1830/1504 1544/1835/1542
f 1548/1836/1546 1514/1837/1512 1515/1838/1513
f 1486/1839/1484 1512/1840/1510 1487/1841/1485
f 1500/1842/1498 1544/1835/1542 1507/1843/1505
f 1493/1844/1491 1548/1836/1546 1547/1845/1545
f 1487/1846/1485 1516/1847/1514 1488/1848/1486
f 1501/1849/1499 1507/1850/1505 1508/1851/1506
f 1494/1852/1492 1547/1853/1545 1550/1854/1548
f 1488/1848/1486 1517/1855/1515 1489/1856/1487
f 1501/1849/1499 1509/1857/1507 1502/1858/1500
f 1481/1859/1479 1556/1860/1554 1482/1861/1480
f 1495/1862/1493 1550/1863/1548 1543/1864/1541
f 1489/1865/1487 1553/1866/1551 1490/1867/1488
f 1502/1858/1500 1505/1868/1503 1503/1869/1501
f 1483/1870/1481 1556/1860/1554 1555/1871/1553
f 1496/1872/1494 1543/1864/1541 1549/1820/1547
f 1490/1867/1488 1554/1873/1552 1491/1822/1489
f 1481/1859/1479 1505/1868/1503 1504/1874/1502
f 1484/1825/1482 1555/1871/1553 1510/1875/1508
f 1482/1861/1480 1518/1817/1516 1481/1859/1479
f 1483/1870/1481 1519/1815/1517 1482/1861/1480
f 1484/1825/1482 1520/1812/1518 1483/1870/1481
f 1485/1827/1483 1521/1808/1519 1484/1825/1482
f 1485/1827/1483 1523/1876/1521 1522/1803/1520
f 1486/1839/1484 1524/1877/1522 1523/1878/1521
f 1488/1848/1486 1524/1879/1522 1487/1846/1485
f 1488/1848/1486 1526/1789/1524 1525/1880/1523
f 1489/1856/1487 1527/1787/1525 1526/1789/1524
f 1491/1881/1489 1527/1787/1525 1490/1882/1488
f 1492/1824/1490 1528/1782/1526 1491/1822/1489
f 1492/1883/1490 1530/1884/1528 1529/1885/1527
f 1548/1836/1546 1530/1774/1528 1552/1886/1550
f 1493/1844/1491 1531/1766/1529 1548/1836/1546
f 1493/1887/1491 1533/1756/1531 1532/1761/1530
f 1495/1862/1493 1533/1888/1531 1494/1889/1492
f 1496/1872/1494 1534/1890/1532 1495/1862/1493
f 1497/1891/1495 1535/1750/1533 1496/1892/1494
f 1497/1891/1495 1537/1741/1535 1536/1745/1534
f 1498/1828/1496 1538/1739/1536 1537/1741/1535
f 1500/1893/1498 1538/1894/1536 1499/1895/1497
f 1501/1849/1499 1539/1733/1537 1500/1896/1498
f 1502/1858/1500 1540/1728/1538 1501/1849/1499
f 1503/1897/1501 1541/1722/1539 1502/1898/1500
f 1481/1859/1479 1542/1718/1540 1503/1869/1501
f 1610/1899/1608 1300/1900/1299 1285/1901/1284
f 1544/1835/1542 1506/1830/1504 1545/1902/1543
f 1506/1830/1504 1546/1829/1544 1545/1902/1543
f 1431/1719/1429 1560/1903/1558 1557/1904/1555
f 1557/1904/1555 1559/1816/1557 1558/1818/1556
f 1434/1814/1432 1562/1905/1560 1560/1903/1558
f 1560/1903/1558 1561/1813/1559 1559/1816/1557
f 1436/1811/1434 1564/1906/1562 1562/1905/1560
f 1562/1905/1560 1563/1810/1561 1561/1813/1559
f 1438/1809/1436 1566/1907/1564 1564/1906/1562
f 1564/1906/1562 1565/1806/1563 1563/1810/1561
f 1440/1908/1438 1568/1909/1566 1566/1910/1564
f 1566/1907/1564 1567/1911/1565 1565/1806/1563
f 1442/1801/1440 1570/1912/1568 1568/1909/1566
f 1568/1909/1566 1569/1798/1567 1567/1802/1565
f 1444/1800/1442 1572/1913/1570 1570/1912/1568
f 1570/1912/1568 1571/1795/1569 1569/1798/1567
f 1446/1914/1444 1574/1915/1572 1572/1913/1570
f 1572/1913/1570 1573/1791/1571 1571/1795/1569
f 1448/1790/1446 1576/1916/1574 1574/1915/1572
f 1574/1915/1572 1575/1788/1573 1573/1791/1571
f 1450/1786/1448 1578/1917/1576 1576/1916/1574
f 1576/1916/1574 1577/1783/1575 1575/1788/1573
f 1452/1918/1450 1580/1919/1578 1578/1917/1576
f 1578/1917/1576 1579/1920/1577 1577/1783/1575
f 1456/1921/1454 1582/1922/1580 1580/1919/1578
f 1582/1922/1580 1632/1923/1630 1579/1920/1577
f 1628/1924/1626 1635/1925/1633 1638/1926/1636
f 1634/1927/1632 1636/1928/1634 1637/1929/1635
f 1460/1930/1458 1584/1931/1582 1628/1924/1626
f 1586/1932/1584 1583/1933/1581 1634/1934/1632
f 1462/1755/1460 1586/1932/1584 1460/1760/1458
f 1588/1935/1586 1585/1763/1583 1586/1932/1584
f 1464/1753/1462 1588/1935/1586 1462/1755/1460
f 1590/1936/1588 1587/1759/1585 1588/1937/1586
f 1466/1749/1464 1590/1938/1588 1464/1753/1462
f 1592/1939/1590 1589/1754/1587 1590/1938/1588
f 1468/1746/1466 1592/1939/1590 1466/1749/1464
f 1594/1940/1592 1591/1751/1589 1592/1939/1590
f 1470/1740/1468 1594/1940/1592 1468/1746/1466
f 1596/1941/1594 1593/1748/1591 1594/1940/1592
f 1472/1942/1470 1596/1941/1594 1470/1740/1468
f 1598/1943/1596 1595/1747/1593 1596/1941/1594
f 1472/1942/1470 1600/1944/1598 1598/1943/1596
f 1598/1943/1596 1599/1945/1597 1597/1737/1595
f 1474/1732/1472 1602/1946/1600 1600/1947/1598
f 1602/1946/1600 1599/1734/1597 1600/1947/1598
f 1476/1730/1474 1604/1948/1602 1602/1946/1600
f 1602/1946/1600 1603/1949/1601 1601/1731/1599
f 1478/1950/1476 1606/1951/1604 1604/1952/1602
f 1604/1952/1602 1605/1953/1603 1603/1725/1601
f 1480/1720/1478 1557/1904/1555 1606/1954/1604
f 1606/1954/1604 1558/1818/1556 1605/1721/1603
f 1612/1955/1610 1619/1628/1617 1329/1956/1328
f 1328/1957/1327 1620/1629/1618 1612/1955/1610
f 1340/1958/1338 1620/1629/1618 1618/1625/1616
f 1613/1959/1611 1618/1625/1616 1328/1957/1327
f 1617/1623/1615 1613/1959/1611 1327/1960/1326
f 1617/1623/1615 1616/1624/1614 1621/1626/1619
f 1622/1621/1620 1327/1960/1326 1608/1961/1606
f 1651/1962/1649 1622/1621/1620 1608/1961/1606
f 1641/1963/1639 1609/1964/1607 1622/1621/1620
f 1611/1965/1609 1610/1495/1608 1269/1966/1268
f 1329/1956/1328 1623/1496/1621 1611/1965/1609
f 1339/1967/1337 1623/1496/1621 1619/1628/1617
f 1637/1929/1635 1581/1968/1579 1632/1969/1630
f 1635/1925/1633 1632/1969/1630 1582/1970/1580
f 1584/1931/1582 1637/1929/1635 1635/1925/1633
f 1638/1926/1636 1582/1970/1580 1626/1971/1624
f 1629/1769/1627 1626/1971/1624 1456/1770/1454
f 1458/1765/1456 1638/1926/1636 1629/1769/1627
f 1639/1773/1637 1455/1432/1453 1631/1972/1629
f 1636/1928/1634 1631/1972/1629 1581/1968/1579
f 1583/1973/1581 1639/1773/1637 1636/1928/1634
f 1640/1974/1638 1652/1543/1650 1242/1433/1241
f 1455/1432/1453 1640/1974/1638 1625/1975/1623
f 1457/1976/1455 1640/1974/1638 1630/1772/1628
f 1653/1696/1651 1405/1977/1403 1649/1978/1647
f 1648/1700/1646 1649/1978/1647 1407/1701/1405
f 1648/1700/1646 1650/1545/1648 1653/1696/1651
f 1552/1979/1550 228/1980/228 450/1981/450
f 1551/1823/1549 699/1982/699 228/1983/228
f 1551/1823/1549 243/1984/243 699/1982/699
f 243/1984/243 1551/1823/1549 700/1985/700
f 1554/1873/1552 244/1986/244 700/1985/700
f 244/1986/244 1554/1873/1552 701/1987/701
f 1553/1866/1551 245/1988/245 701/1987/701
f 245/1988/245 1553/1866/1551 702/1989/702
f 1517/1990/1515 246/1991/246 702/1989/702
f 1517/1990/1515 703/1992/703 246/1991/246
f 1516/1993/1514 230/1994/230 703/1992/703
f 1516/1993/1514 711/1995/711 230/1994/230
f 1512/1840/1510 239/1996/239 711/1995/711
f 1511/1997/1509 239/1996/239 1512/1840/1510
f 1511/1997/1509 240/1998/240 696/1999/696
f 1511/1997/1509 697/2000/697 240/1998/240
f 1513/2001/1511 241/2002/241 697/2000/697
f 1513/2003/1511 698/2004/698 241/2005/241
f 1510/2006/1508 242/2007/242 698/2008/698
f 1510/1875/1508 712/2009/712 242/2010/242
f 1555/1871/1553 226/2011/226 712/2009/712
f 1556/1860/1554 226/2011/226 1555/1871/1553
f 1556/1860/1554 238/2012/238 694/2013/694
f 1504/1874/1502 238/2012/238 1556/1860/1554
f 1504/1874/1502 236/2014/236 695/2015/695
f 1504/1874/1502 693/2016/693 236/2014/236
f 1504/1874/1502 237/2017/237 693/2016/693
f 1505/1868/1503 710/2018/710 237/2017/237
f 1505/1868/1503 227/2019/227 710/2018/710
f 1509/1857/1507 704/2020/704 227/2019/227
f 1551/1823/1549 1554/1873/1552 700/1985/700
f 1508/2021/1506 705/2022/705 247/2023/247
f 1507/1843/1505 705/2022/705 1508/2021/1506
f 1507/1843/1505 706/2024/706 248/2025/248
f 1544/1835/1542 706/2024/706 1507/1843/1505
f 1544/1835/1542 707/2026/707 249/2027/249
f 1545/1902/1543 707/2026/707 1544/1835/1542
f 1545/1902/1543 1546/1829/1544 250/2028/250
f 1546/1829/1544 1549/2029/1547 231/2030/231
f 1553/1866/1551 1517/1990/1515 702/1989/702
f 1549/2029/1547 689/2031/689 232/2032/232
f 1549/2029/1547 1543/2033/1541 689/2031/689
f 1509/1857/1507 1508/1851/1506 247/2034/247
f 1543/2033/1541 234/2035/234 690/2036/690
f 1550/1854/1548 234/2035/234 1543/2033/1541
f 1550/1854/1548 235/2037/235 691/2038/691
f 1547/1853/1545 235/2037/235 1550/1854/1548
f 1547/1845/1545 229/2039/229 692/2040/692
f 1549/2029/1547 688/2041/688 231/2030/231
f 1548/1202/1546 484/1379/484 686/2042/686
f 1552/2043/1550 1551/2044/1549 228/2045/228
f 1546/1829/1544 713/2046/713 250/2028/250
f 1543/2033/1541 233/2047/233 689/2031/689
f 1554/1873/1552 1553/1866/1551 701/1987/701
f 1517/1990/1515 1516/1993/1514 703/1992/703
f 1516/1993/1514 1512/1840/1510 711/1995/711
f 1511/1997/1509 696/1999/696 239/1996/239
f 1511/1997/1509 1513/2001/1511 697/2000/697
f 1513/2048/1511 1510/2006/1508 698/2008/698
f 1510/1875/1508 1555/1871/1553 712/2009/712
f 1556/1860/1554 694/2013/694 226/2011/226
f 1504/1874/1502 695/2015/695 238/2012/238
f 1504/1874/1502 1505/1868/1503 237/2017/237
f 1505/1868/1503 1509/1857/1507 227/2019/227
f 704/2020/704 1509/1857/1507 247/2034/247
f 1507/1843/1505 248/2025/248 705/2022/705
f 1544/1835/1542 249/2027/249 706/2024/706
f 1545/1902/1543 250/2028/250 707/2026/707
f 1546/1829/1544 231/2030/231 713/2046/713
f 1549/2029/1547 232/2032/232 688/2041/688
f 1543/2033/1541 690/2036/690 233/2047/233
f 1550/1854/1548 691/2038/691 234/2035/234
f 1547/1845/1545 692/2040/692 235/2049/235
f 686/2042/686 229/2050/229 1548/1202/1546
f 229/2039/229 1547/1845/1545 1548/1836/1546
f 922/1/922 256/2051/256 8/2/8
f 257/4/257 9/1074/9 258/5/258
f 920/7/920 252/1071/252 4/8/4
f 919/10/919 253/1068/253 5/11/5
f 918/13/918 254/1065/254 6/14/6
f 917/16/917 255/1079/255 7/17/7
f 916/19/916 264/1056/264 14/20/14
f 915/22/915 265/1055/265 15/23/15
f 266/25/266 16/1054/16 269/26/269
f 913/28/913 261/1063/261 11/29/11
f 912/31/912 262/2052/262 12/32/12
f 911/34/911 263/2053/263 13/35/13
f 910/37/910 273/1045/273 17/38/17
f 909/40/909 274/1044/274 18/41/18
f 908/43/908 275/1041/275 19/44/19
f 907/46/907 276/1048/276 20/47/20
f 906/49/906 277/1047/277 21/50/21
f 905/52/905 278/1046/278 22/53/22
f 904/55/904 288/1034/288 26/56/26
f 289/58/289 27/1033/27 291/59/291
f 902/61/902 290/1031/290 28/62/28
f 901/64/901 285/1040/285 23/65/23
f 900/67/900 286/1039/286 24/68/24
f 899/70/899 287/1036/287 25/71/25
f 898/73/898 298/1027/298 29/74/29
f 897/76/897 299/1025/299 30/77/30
f 896/79/896 300/1024/300 31/80/31
f 895/82/895 301/1021/301 32/83/32
f 894/85/894 302/1030/302 33/86/33
f 893/88/893 303/1029/303 34/89/34
f 892/91/892 315/1015/315 39/92/39
f 316/94/316 40/1014/40 317/95/317
f 890/97/890 311/1026/311 35/98/35
f 889/100/889 312/1020/312 36/101/36
f 888/103/888 313/1018/313 37/104/37
f 887/106/887 314/1016/314 38/107/38
f 886/109/886 325/1001/325 42/110/42
f 885/112/885 326/998/326 43/113/43
f 884/115/884 327/995/327 44/116/44
f 883/118/883 328/993/328 45/119/45
f 329/121/329 46/994/46 334/122/334
f 881/124/881 324/1004/324 41/125/41
f 880/127/880 341/980/341 53/128/53
f 879/130/879 336/975/336 48/131/48
f 878/133/878 337/992/337 49/134/49
f 877/136/877 338/989/338 50/137/50
f 876/139/876 339/984/339 51/140/51
f 340/142/340 52/982/52 347/143/347
f 874/145/874 349/961/349 56/146/56
f 873/148/873 350/2054/350 57/149/57
f 872/151/872 351/954/351 58/152/58
f 352/154/352 59/949/59 357/155/357
f 870/157/870 353/972/353 60/158/60
f 869/160/869 348/966/348 55/161/55
f 365/163/365 66/947/66 367/164/367
f 867/166/867 360/929/360 61/167/61
f 866/169/866 361/928/361 62/170/62
f 865/172/865 362/946/362 63/173/63
f 864/175/864 363/943/363 64/176/64
f 863/178/863 364/2055/364 65/179/65
f 862/181/862 375/920/375 69/182/69
f 861/184/861 376/916/376 70/185/70
f 860/187/860 377/914/377 71/188/71
f 378/190/378 72/2056/72 382/191/382
f 858/193/858 373/924/373 67/194/67
f 857/196/857 374/923/374 68/197/68
f 856/199/856 385/898/385 74/200/74
f 855/202/855 386/897/386 75/203/75
f 854/205/854 387/909/387 76/206/76
f 388/208/388 77/906/77 394/209/394
f 852/211/852 389/903/389 78/212/78
f 851/214/851 390/902/390 79/215/79
f 850/217/850 399/2057/399 83/218/83
f 400/220/400 84/890/84 403/221/403
f 848/223/848 401/882/401 85/224/85
f 847/226/847 402/881/402 86/227/86
f 846/229/846 397/894/397 81/230/81
f 845/232/845 398/893/398 82/233/82
f 844/235/844 409/870/409 88/236/88
f 843/238/843 410/869/410 89/239/89
f 842/241/842 411/868/411 90/242/90
f 412/244/412 91/877/91 418/245/418
f 840/247/840 413/876/413 92/248/92
f 414/250/414 93/875/93 420/251/420
f 838/253/838 424/860/424 98/254/98
f 425/256/425 99/857/99 427/257/427
f 426/259/426 100/855/100 429/260/429
f 421/262/421 95/865/95 430/263/430
f 834/265/834 422/864/422 96/266/96
f 833/268/833 423/863/423 97/269/97
f 433/271/433 101/853/101 440/272/440
f 434/274/434 102/852/102 439/275/439
f 435/277/435 103/851/103 441/278/441
f 436/280/436 104/850/104 442/281/442
f 828/283/828 437/856/437 105/284/105
f 438/286/438 106/293/106 444/287/444
f 437/856/437 106/293/106 449/2058/449
f 449/2058/449 230/2059/230 711/2060/711
f 239/2061/239 696/2062/696 240/2063/240
f 449/2058/449 711/2060/711 239/2061/239
f 105/284/105 437/856/437 449/2058/449
f 226/2064/226 708/2065/708 105/284/105
f 712/2066/712 226/2064/226 105/284/105
f 105/284/105 449/2058/449 239/2061/239
f 240/2063/240 697/2067/697 241/289/241
f 105/284/105 239/2061/239 240/2063/240
f 242/290/242 712/2066/712 105/284/105
f 241/289/241 698/2068/698 242/290/242
f 105/284/105 240/2063/240 241/289/241
f 1552/291/1550 228/2069/228 699/2070/699
f 106/293/106 438/286/438 1552/291/1550
f 703/2071/703 230/2059/230 449/2058/449
f 1552/291/1550 699/2070/699 243/2072/243
f 1552/291/1550 243/2072/243 700/2073/700
f 703/2071/703 449/2058/449 106/293/106
f 246/2074/246 703/2071/703 106/293/106
f 1552/291/1550 700/2073/700 244/2075/244
f 1552/291/1550 244/2075/244 701/2076/701
f 702/2077/702 246/2074/246 106/293/106
f 1552/291/1550 701/2076/701 245/292/245
f 245/292/245 702/2077/702 106/293/106
f 446/294/446 107/844/107 451/295/451
f 447/297/447 108/843/108 452/298/452
f 448/300/448 109/842/109 453/301/453
f 685/303/685 110/841/110 454/304/454
f 455/306/455 111/839/111 459/307/459
f 456/309/456 112/838/112 458/310/458
f 457/312/457 113/837/113 460/313/460
f 462/315/462 115/824/115 469/316/469
f 463/318/463 116/823/116 470/319/470
f 464/321/464 117/836/117 471/322/471
f 474/324/474 122/819/122 480/325/480
f 475/327/475 123/818/123 479/328/479
f 814/330/814 476/2078/476 124/331/124
f 813/333/813 477/813/477 125/334/125
f 812/336/812 478/826/478 126/337/126
f 473/339/473 121/820/121 485/340/485
f 810/342/810 491/805/491 132/343/132
f 486/345/486 127/803/127 494/346/494
f 487/348/487 128/802/128 495/349/495
f 488/351/488 129/811/129 496/352/496
f 489/354/489 130/808/130 497/355/497
f 805/357/805 490/807/490 131/358/131
f 500/360/500 134/798/134 506/361/506
f 501/363/501 135/797/135 505/364/505
f 502/366/502 136/794/136 507/367/507
f 503/369/503 137/793/137 508/370/508
f 800/372/800 504/801/504 138/373/138
f 499/375/499 133/799/133 511/376/511
f 517/378/517 144/788/144 519/379/519
f 512/381/512 139/787/139 520/382/520
f 513/384/513 140/786/140 521/385/521
f 514/387/514 141/785/141 522/388/522
f 515/390/515 142/790/142 523/391/523
f 516/393/516 143/789/143 524/394/524
f 527/396/527 147/773/147 532/397/532
f 528/399/528 148/772/148 531/400/531
f 529/402/529 149/771/149 533/403/533
f 789/405/789 530/769/530 150/406/150
f 525/408/525 145/2079/145 536/409/536
f 526/411/526 146/779/146 537/412/537
f 538/414/538 151/764/151 544/415/544
f 539/417/539 152/763/152 545/418/545
f 540/420/540 153/2080/153 546/421/546
f 541/423/541 154/760/154 547/424/547
f 542/426/542 155/768/155 548/427/548
f 781/429/781 543/767/543 156/430/156
f 553/432/553 161/758/161 557/433/557
f 554/435/554 162/748/162 556/436/556
f 555/438/555 163/747/163 558/439/558
f 550/441/550 158/757/158 559/442/559
f 551/444/551 159/756/159 560/445/560
f 552/447/552 160/755/160 561/448/561
f 562/450/562 165/734/165 568/451/568
f 563/453/563 166/733/166 569/454/569
f 564/456/564 167/730/167 570/457/570
f 565/459/565 168/729/168 571/460/571
f 566/462/566 169/2081/169 572/463/572
f 769/465/769 567/736/567 170/466/170
f 577/468/577 174/727/174 581/469/581
f 767/471/767 578/718/578 175/472/175
f 766/474/766 579/716/579 176/475/176
f 574/477/574 171/726/171 584/478/584
f 575/480/575 172/725/172 585/481/585
f 576/483/576 173/722/173 586/484/586
f 587/486/587 177/712/177 594/487/594
f 588/489/588 178/711/178 593/490/593
f 589/492/589 179/708/179 595/493/595
f 590/495/590 180/707/180 596/496/596
f 591/498/591 181/706/181 597/499/597
f 757/501/757 592/714/592 182/502/182
f 756/504/756 603/694/603 187/505/187
f 604/507/604 188/693/188 605/508/605
f 599/510/599 183/703/183 607/511/607
f 600/513/600 184/702/184 608/514/608
f 601/516/601 185/699/185 609/517/609
f 602/519/602 186/697/186 610/520/610
f 611/522/611 189/689/189 618/523/618
f 612/525/612 190/688/190 617/526/617
f 613/528/613 191/686/191 619/529/619
f 614/531/614 192/682/192 620/532/620
f 615/534/615 193/681/193 621/535/621
f 616/537/616 194/691/194 622/538/622
f 627/540/627 200/678/200 630/541/630
f 743/543/743 628/677/628 201/544/201
f 623/546/623 196/675/196 631/547/631
f 624/549/624 197/674/197 632/550/632
f 625/552/625 198/680/198 633/553/633
f 626/555/626 199/679/199 634/556/634
f 636/558/636 203/670/203 642/559/642
f 637/561/637 204/669/204 641/562/641
f 638/564/638 205/668/205 643/565/643
f 639/567/639 206/667/206 644/568/644
f 734/570/734 640/673/640 207/571/207
f 635/573/635 202/671/202 646/574/646
f 652/576/652 214/664/214 653/577/653
f 647/579/647 209/662/209 654/580/654
f 730/582/730 648/661/648 210/583/210
f 649/585/649 211/660/211 656/586/656
f 728/588/728 650/666/650 212/589/212
f 727/591/727 651/665/651 213/592/213
f 726/594/726 661/655/661 218/595/218
f 725/597/725 662/653/662 219/598/219
f 724/600/724 663/651/663 220/601/220
f 664/603/664 221/649/221 668/604/668
f 722/606/722 659/659/659 216/607/216
f 721/609/721 660/657/660 217/610/217
f 720/612/720 675/658/675 222/613/222
f 719/615/719 676/656/676 1/616/1
f 718/618/718 671/654/671 223/619/223
f 717/621/717 677/652/677 224/622/224
f 716/624/716 251/650/251 2/625/2
f 678/627/678 3/1083/3 684/628/684
f 714/630/714 465/835/465 118/631/118
f 692/2082/692 229/2083/229 686/2084/686
f 686/2084/686 484/822/484 467/633/467
f 467/633/467 120/829/120 687/2085/687
f 687/2085/687 231/2086/231 688/2087/688
f 687/2085/687 688/2087/688 232/2088/232
f 692/2082/692 686/2084/686 467/633/467
f 234/635/234 691/2089/691 235/2090/235
f 235/2090/235 692/2082/692 467/633/467
f 467/633/467 687/2085/687 232/2088/232
f 467/633/467 232/2088/232 689/2091/689
f 234/635/234 235/2090/235 467/633/467
f 233/634/233 690/2092/690 234/635/234
f 467/633/467 689/2091/689 233/634/233
f 710/2093/710 227/644/227 709/636/709
f 709/636/709 114/2094/114 461/2095/461
f 461/2095/461 110/2096/110 685/846/685
f 685/846/685 226/2097/226 694/2098/694
f 685/846/685 694/2098/694 238/2099/238
f 709/636/709 461/2095/461 685/846/685
f 237/2100/237 710/2093/710 709/636/709
f 693/2101/693 237/2100/237 709/636/709
f 709/636/709 685/846/685 238/2099/238
f 709/636/709 238/2099/238 695/637/695
f 236/638/236 693/2101/693 709/636/709
f 713/2102/713 231/2086/231 687/2085/687
f 687/2085/687 120/829/120 466/832/466
f 466/832/466 119/642/119 468/639/468
f 468/639/468 227/644/227 704/2103/704
f 247/2104/247 705/2105/705 248/2106/248
f 468/639/468 704/2103/704 247/2104/247
f 687/2085/687 466/832/466 468/639/468
f 250/641/250 713/2102/713 687/2085/687
f 249/640/249 707/2107/707 250/641/250
f 248/2106/248 706/2108/706 249/640/249
f 468/639/468 247/2104/247 248/2106/248
f 250/641/250 687/2085/687 468/639/468
f 468/639/468 248/2106/248 249/640/249
f 119/642/119 465/834/465 714/643/714
f 468/639/468 714/643/714 709/636/709
f 714/630/714 472/632/472 114/645/114
f 1211/648/1210 225/647/225 715/629/715
f 715/629/715 684/628/684 221/649/221
f 684/628/684 3/1083/3 251/650/251
f 684/628/684 716/624/716 663/651/663
f 663/651/663 716/624/716 683/626/683
f 683/626/683 2/625/2 677/652/677
f 220/601/220 683/626/683 717/621/717
f 662/653/662 717/621/717 674/623/674
f 674/623/674 224/622/224 671/654/671
f 219/598/219 674/623/674 718/618/718
f 661/655/661 718/618/718 673/620/673
f 673/620/673 223/619/223 676/656/676
f 218/595/218 673/620/673 719/615/719
f 660/657/660 719/615/719 682/617/682
f 682/617/682 1/616/1 675/658/675
f 217/610/217 682/617/682 720/612/720
f 659/659/659 720/612/720 672/614/672
f 666/596/666 218/595/218 660/657/660
f 211/660/211 666/596/666 721/609/721
f 648/661/648 721/609/721 670/611/670
f 670/611/670 217/610/217 659/659/659
f 210/583/210 670/611/670 722/606/722
f 647/579/647 722/606/722 669/608/669
f 1211/648/1210 664/603/664 723/605/723
f 723/605/723 668/604/668 214/664/214
f 221/649/221 663/651/663 724/600/724
f 668/604/668 724/600/724 651/665/651
f 651/665/651 724/600/724 667/602/667
f 667/602/667 220/601/220 662/653/662
f 213/592/213 667/602/667 725/597/725
f 650/666/650 725/597/725 665/599/665
f 665/599/665 219/598/219 661/655/661
f 212/589/212 665/599/665 726/594/726
f 649/585/649 726/594/726 666/596/666
f 214/664/214 651/665/651 727/591/727
f 653/577/653 727/591/727 639/567/639
f 639/567/639 727/591/727 658/593/658
f 658/593/658 213/592/213 650/666/650
f 658/593/658 728/588/728 638/564/638
f 728/588/728 657/590/657 205/668/205
f 212/589/212 649/585/649 729/587/729
f 657/590/657 729/587/729 637/561/637
f 729/587/729 656/586/656 204/669/204
f 656/586/656 211/660/211 648/661/648
f 656/586/656 730/582/730 636/558/636
f 730/582/730 655/584/655 203/670/203
f 655/584/655 210/583/210 647/579/647
f 655/584/655 731/581/731 635/573/635
f 731/581/731 654/580/654 202/671/202
f 215/663/215 652/576/652 732/578/732
f 732/578/732 653/577/653 207/571/207
f 203/670/203 635/573/635 733/575/733
f 642/559/642 733/575/733 623/546/623
f 733/575/733 646/574/646 196/675/196
f 208/672/208 640/673/640 734/570/734
f 628/677/628 734/570/734 645/572/645
f 207/571/207 639/567/639 735/569/735
f 645/572/645 735/569/735 627/540/627
f 735/569/735 644/568/644 200/678/200
f 206/667/206 638/564/638 736/566/736
f 644/568/644 736/566/736 626/555/626
f 736/566/736 643/565/643 199/679/199
f 205/668/205 637/561/637 737/563/737
f 643/565/643 737/563/737 625/552/625
f 737/563/737 641/562/641 198/680/198
f 204/669/204 636/558/636 738/560/738
f 641/562/641 738/560/738 624/549/624
f 738/560/738 642/559/642 197/674/197
f 200/678/200 626/555/626 739/557/739
f 630/541/630 739/557/739 614/531/614
f 739/557/739 634/556/634 192/682/192
f 199/679/199 625/552/625 740/554/740
f 634/683/634 740/685/740 613/528/613
f 740/685/740 633/2109/633 191/686/191
f 198/680/198 624/549/624 741/551/741
f 633/553/633 741/551/741 612/525/612
f 741/551/741 632/550/632 190/688/190
f 197/674/197 623/546/623 742/548/742
f 632/550/632 742/548/742 611/522/611
f 742/548/742 631/547/631 189/689/189
f 1164/676/1164 628/677/628 743/543/743
f 616/537/616 743/543/743 629/545/629
f 201/544/201 627/540/627 744/542/744
f 629/545/629 744/542/744 615/534/615
f 744/542/744 630/541/630 193/681/193
f 195/690/195 616/537/616 745/539/745
f 745/539/745 622/538/622 188/693/188
f 622/538/622 194/691/194 615/534/615
f 188/693/188 622/538/622 746/536/746
f 746/536/746 621/535/621 187/505/187
f 193/681/193 614/531/614 747/533/747
f 621/535/621 747/533/747 602/695/602
f 747/696/747 620/698/620 186/697/186
f 192/684/192 613/528/613 748/530/748
f 620/698/620 748/530/748 601/516/601
f 748/530/748 619/529/619 185/699/185
f 191/687/191 612/525/612 749/527/749
f 619/529/619 749/2110/749 600/701/600
f 749/527/749 617/526/617 184/702/184
f 190/688/190 611/522/611 750/524/750
f 617/526/617 750/524/750 599/510/599
f 750/524/750 618/523/618 183/703/183
f 187/505/187 602/695/602 751/704/751
f 606/506/606 751/704/751 590/705/590
f 751/521/751 610/520/610 180/707/180
f 186/697/186 601/516/601 752/518/752
f 610/520/610 752/518/752 589/492/589
f 752/518/752 609/517/609 179/708/179
f 185/699/185 600/701/600 753/709/753
f 609/517/609 753/709/753 588/710/588
f 753/515/753 608/514/608 178/711/178
f 184/702/184 599/510/599 754/512/754
f 608/514/608 754/512/754 587/486/587
f 754/512/754 607/511/607 177/712/177
f 1176/713/1176 1186/692/1186 604/507/604
f 1176/713/1176 755/509/755 592/714/592
f 755/509/755 605/508/605 182/502/182
f 605/508/605 188/693/188 603/694/603
f 605/508/605 756/504/756 591/498/591
f 756/504/756 606/506/606 181/706/181
f 1175/715/1175 757/501/757 579/716/579
f 579/716/579 757/501/757 598/503/598
f 598/503/598 182/502/182 591/498/591
f 176/475/176 598/503/598 758/500/758
f 758/500/758 597/499/597 175/472/175
f 181/706/181 590/705/590 759/719/759
f 597/499/597 759/719/759 577/468/577
f 759/497/759 596/496/596 174/720/174
f 180/707/180 589/492/589 760/494/760
f 596/496/596 760/494/760 576/483/576
f 760/494/760 595/493/595 173/722/173
f 179/708/179 588/710/588 761/723/761
f 595/493/595 761/723/761 575/724/575
f 761/491/761 593/490/593 172/725/172
f 178/711/178 587/486/587 762/488/762
f 593/490/593 762/488/762 574/477/574
f 762/488/762 594/487/594 171/726/171
f 174/727/174 576/2111/576 763/728/763
f 581/469/581 763/728/763 564/456/564
f 763/728/763 586/732/586 167/730/167
f 173/731/173 575/480/575 764/482/764
f 586/732/586 764/482/764 563/453/563
f 764/482/764 585/481/585 166/733/166
f 172/725/172 574/477/574 765/479/765
f 585/481/585 765/479/765 562/450/562
f 765/479/765 584/478/584 165/734/165
f 1156/735/1156 583/717/583 766/474/766
f 567/736/567 766/474/766 582/476/582
f 582/476/582 176/475/176 578/718/578
f 582/476/582 767/471/767 566/737/566
f 767/471/767 580/473/580 169/738/169
f 175/472/175 577/468/577 768/470/768
f 580/473/580 768/470/768 565/459/565
f 768/470/768 581/469/581 168/729/168
f 1156/739/1156 567/2112/567 769/740/769
f 555/743/555 769/465/769 573/467/573
f 170/466/170 566/737/566 770/745/770
f 573/746/573 770/464/770 554/435/554
f 770/464/770 572/463/572 162/748/162
f 169/738/169 565/459/565 771/461/771
f 572/463/572 771/2113/771 553/432/553
f 771/461/771 571/460/571 161/750/161
f 168/729/168 564/456/564 772/458/772
f 571/460/571 772/458/772 552/447/552
f 772/752/772 570/2114/570 160/753/160
f 167/730/167 563/453/563 773/455/773
f 570/457/570 773/455/773 551/444/551
f 773/455/773 569/454/569 159/756/159
f 166/733/166 562/450/562 774/452/774
f 569/454/569 774/452/774 550/441/550
f 774/452/774 568/451/568 158/757/158
f 161/758/161 552/2115/552 775/759/775
f 557/433/557 775/759/775 540/420/540
f 775/449/775 561/448/561 153/761/153
f 160/755/160 551/444/551 776/446/776
f 561/448/561 776/446/776 539/417/539
f 776/446/776 560/445/560 152/763/152
f 159/756/159 550/441/550 777/443/777
f 560/445/560 777/443/777 538/414/538
f 777/443/777 559/442/559 151/764/151
f 157/766/157 164/765/164 778/440/778
f 778/440/778 558/439/558 156/430/156
f 163/747/163 554/435/554 779/437/779
f 558/439/558 779/437/779 542/426/542
f 779/437/779 556/436/556 155/768/155
f 162/748/162 553/432/553 780/434/780
f 556/436/556 780/434/780 541/423/541
f 780/434/780 557/433/557 154/760/154
f 157/766/157 781/429/781 530/769/530
f 781/429/781 549/431/549 150/406/150
f 156/430/156 542/426/542 782/428/782
f 549/431/549 782/428/782 529/402/529
f 782/428/782 548/427/548 149/771/149
f 155/768/155 541/423/541 783/425/783
f 548/427/548 783/425/783 528/399/528
f 783/425/783 547/424/547 148/772/148
f 154/760/154 540/420/540 784/422/784
f 547/424/547 784/422/784 527/396/527
f 784/422/784 546/421/546 147/773/147
f 153/774/153 539/2116/539 785/775/785
f 546/421/546 785/2117/785 526/777/526
f 785/778/785 545/2118/545 146/779/146
f 152/763/152 538/414/538 786/416/786
f 545/418/545 786/416/786 525/780/525
f 786/416/786 544/415/544 145/782/145
f 147/773/147 526/777/526 787/783/787
f 532/784/532 787/413/787 513/384/513
f 787/413/787 537/412/537 140/786/140
f 146/779/146 525/408/525 788/410/788
f 537/412/537 788/410/788 512/381/512
f 788/410/788 536/409/536 139/787/139
f 789/405/789 534/407/534 144/788/144
f 150/406/150 529/402/529 790/404/790
f 534/407/534 790/404/790 516/393/516
f 790/404/790 533/403/533 143/789/143
f 149/771/149 528/399/528 791/401/791
f 533/403/533 791/401/791 515/390/515
f 791/401/791 531/400/531 142/790/142
f 148/772/148 527/396/527 792/398/792
f 531/400/531 792/398/792 514/791/514
f 792/398/792 532/397/532 141/792/141
f 519/379/519 144/788/144 516/393/516
f 519/379/519 793/395/793 503/369/503
f 793/395/793 524/394/524 137/793/137
f 143/789/143 515/390/515 794/392/794
f 524/394/524 794/392/794 502/366/502
f 794/392/794 523/391/523 136/794/136
f 142/790/142 514/791/514 795/795/795
f 523/391/523 795/795/795 501/796/501
f 795/389/795 522/388/522 135/797/135
f 141/785/141 513/384/513 796/386/796
f 522/388/522 796/386/796 500/360/500
f 796/386/796 521/385/521 134/798/134
f 140/786/140 512/381/512 797/383/797
f 521/385/521 797/383/797 499/375/499
f 797/383/797 520/382/520 133/799/133
f 518/800/518 535/770/535 517/378/517
f 798/380/798 519/379/519 138/373/138
f 134/798/134 499/375/499 799/377/799
f 506/361/506 799/377/799 486/345/486
f 799/377/799 511/376/511 127/803/127
f 510/804/510 518/800/518 504/801/504
f 510/804/510 800/372/800 491/805/491
f 800/372/800 509/374/509 132/343/132
f 138/373/138 503/369/503 801/371/801
f 509/374/509 801/371/801 490/807/490
f 490/807/490 801/371/801 508/370/508
f 137/793/137 502/366/502 802/368/802
f 131/358/131 508/370/508 802/368/802
f 802/368/802 507/367/507 130/808/130
f 136/794/136 501/796/501 803/809/803
f 507/367/507 803/809/803 488/810/488
f 803/365/803 505/364/505 129/811/129
f 135/797/135 500/360/500 804/362/804
f 505/364/505 804/362/804 487/348/487
f 804/362/804 506/361/506 128/802/128
f 493/344/493 132/343/132 490/807/490
f 126/812/126 493/344/493 805/357/805
f 477/813/477 805/357/805 498/359/498
f 498/359/498 131/358/131 489/354/489
f 498/359/498 806/356/806 476/814/476
f 806/356/806 497/355/497 124/815/124
f 130/816/130 488/351/488 807/353/807
f 497/817/497 807/353/807 475/327/475
f 807/353/807 496/352/496 123/818/123
f 129/811/129 487/348/487 808/350/808
f 496/352/496 808/350/808 474/324/474
f 808/350/808 495/349/495 122/819/122
f 128/802/128 486/345/486 809/347/809
f 495/349/495 809/347/809 473/339/473
f 809/347/809 494/346/494 121/820/121
f 492/806/492 810/342/810 478/821/478
f 478/821/478 810/342/810 493/344/493
f 122/819/122 473/339/473 811/341/811
f 480/325/480 811/341/811 462/315/462
f 811/341/811 485/340/485 115/824/115
f 467/633/467 812/827/812 483/828/483
f 483/338/483 126/337/126 477/830/477
f 120/829/120 483/828/483 813/333/813
f 813/333/813 482/335/482 119/642/119
f 125/334/125 476/814/476 814/833/814
f 482/335/482 814/833/814 465/834/465
f 814/330/814 481/332/481 118/631/118
f 124/331/124 475/327/475 815/329/815
f 481/332/481 815/329/815 464/321/464
f 815/329/815 479/328/479 117/836/117
f 123/818/123 474/324/474 816/326/816
f 479/328/479 816/326/816 463/318/463
f 816/326/816 480/325/480 116/823/116
f 118/631/118 464/321/464 817/323/817
f 472/632/472 817/323/817 457/312/457
f 817/323/817 471/322/471 113/837/113
f 117/836/117 463/318/463 818/320/818
f 471/322/471 818/320/818 456/309/456
f 818/320/818 470/319/470 112/838/112
f 116/823/116 462/315/462 819/317/819
f 470/319/470 819/317/819 455/306/455
f 819/317/819 469/316/469 111/839/111
f 461/840/461 114/645/114 457/312/457
f 461/840/461 820/314/820 448/300/448
f 820/314/820 460/313/460 109/842/109
f 113/837/113 456/309/456 821/311/821
f 460/313/460 821/311/821 447/297/447
f 821/311/821 458/310/458 108/843/108
f 112/838/112 455/306/455 822/308/822
f 458/310/458 822/308/822 446/294/446
f 822/308/822 459/307/459 107/844/107
f 708/845/708 226/2097/226 685/846/685
f 708/845/708 823/847/823 436/848/436
f 823/305/823 454/304/454 104/850/104
f 110/841/110 448/300/448 824/302/824
f 454/304/454 824/302/824 435/277/435
f 824/302/824 453/301/453 103/851/103
f 109/842/109 447/297/447 825/299/825
f 453/301/453 825/299/825 434/274/434
f 825/299/825 452/298/452 102/852/102
f 108/843/108 446/294/446 826/296/826
f 452/298/452 826/296/826 433/271/433
f 826/296/826 451/295/451 101/853/101
f 445/854/445 1552/291/1550 438/286/438
f 827/288/827 444/287/444 100/855/100
f 444/287/444 106/293/106 437/856/437
f 100/855/100 444/287/444 828/283/828
f 425/256/425 828/283/828 443/285/443
f 443/858/443 105/849/105 436/848/436
f 443/285/443 829/2119/829 424/860/424
f 829/282/829 442/281/442 98/861/98
f 104/850/104 435/277/435 830/279/830
f 442/281/442 830/279/830 423/863/423
f 830/279/830 441/278/441 97/269/97
f 103/851/103 434/274/434 831/276/831
f 441/278/441 831/276/831 422/864/422
f 422/864/422 831/276/831 439/275/439
f 102/852/102 433/271/433 832/273/832
f 439/275/439 832/273/832 421/262/421
f 832/273/832 440/272/440 95/865/95
f 428/866/428 98/861/98 423/863/423
f 91/867/91 428/866/428 833/268/833
f 411/868/411 833/268/833 432/270/432
f 432/270/432 97/269/97 422/864/422
f 90/242/90 432/270/432 834/265/834
f 410/869/410 834/265/834 431/267/431
f 96/266/96 421/262/421 835/264/835
f 89/239/89 431/267/431 835/264/835
f 835/264/835 430/263/430 88/236/88
f 445/854/445 426/259/426 836/261/836
f 836/261/836 429/260/429 93/875/93
f 429/260/429 100/855/100 425/256/425
f 429/260/429 837/258/837 413/876/413
f 837/258/837 427/257/427 92/248/92
f 427/257/427 99/857/99 424/860/424
f 92/248/92 427/257/427 838/253/838
f 838/253/838 428/255/428 91/877/91
f 87/879/87 94/872/94 839/878/839
f 839/252/839 420/251/420 86/227/86
f 93/875/93 413/876/413 840/247/840
f 420/251/420 840/247/840 401/882/401
f 401/882/401 840/247/840 419/249/419
f 419/883/419 92/2120/92 412/884/412
f 419/883/419 841/885/841 400/220/400
f 841/246/841 418/245/418 84/887/84
f 418/889/418 91/867/91 411/868/411
f 84/890/84 418/889/418 842/241/842
f 399/891/399 842/241/842 417/243/417
f 417/243/417 90/242/90 410/869/410
f 83/892/83 417/243/417 843/238/843
f 398/893/398 843/238/843 416/240/416
f 416/240/416 89/239/89 409/870/409
f 82/233/82 416/240/416 844/235/844
f 397/894/397 844/235/844 415/237/415
f 404/895/404 83/892/83 398/893/398
f 76/896/76 404/895/404 845/232/845
f 386/897/386 845/232/845 408/234/408
f 408/234/408 82/233/82 397/894/397
f 75/203/75 408/234/408 846/229/846
f 385/898/385 846/229/846 407/231/407
f 80/900/80 87/879/87 847/899/847
f 390/902/390 847/226/847 406/228/406
f 406/228/406 86/227/86 401/882/401
f 79/215/79 406/228/406 848/223/848
f 389/903/389 848/223/848 405/225/405
f 85/886/85 400/220/400 849/222/849
f 405/904/405 849/222/849 388/208/388
f 849/222/849 403/221/403 77/906/77
f 403/221/403 84/890/84 399/891/399
f 77/906/77 403/221/403 850/907/850
f 387/909/387 850/217/850 404/219/404
f 80/910/80 390/902/390 851/214/851
f 378/912/378 851/214/851 396/216/396
f 396/216/396 79/215/79 389/903/389
f 72/913/72 396/216/396 852/211/852
f 377/914/377 852/211/852 395/213/395
f 395/915/395 78/905/78 388/208/388
f 395/915/395 853/210/853 376/916/376
f 853/210/853 394/209/394 70/185/70
f 394/209/394 77/906/77 387/908/387
f 70/185/70 394/209/394 854/918/854
f 375/920/375 854/205/854 393/207/393
f 393/921/393 76/896/76 386/897/386
f 69/922/69 393/921/393 855/202/855
f 374/923/374 855/202/855 392/204/392
f 392/204/392 75/203/75 385/898/385
f 68/197/68 392/204/392 856/199/856
f 373/924/373 856/199/856 391/201/391
f 380/183/380 69/182/69 374/925/374
f 63/173/63 380/183/380 857/926/857
f 361/928/361 857/196/857 384/198/384
f 384/198/384 68/197/68 373/924/373
f 62/170/62 384/198/384 858/193/858
f 360/929/360 858/193/858 383/195/383
f 73/931/73 859/2121/859 365/932/365
f 859/934/859 382/937/382 66/935/66
f 382/937/382 72/913/72 377/914/377
f 382/937/382 860/187/860 364/938/364
f 364/938/364 860/187/860 381/189/381
f 381/189/381 71/188/71 376/940/376
f 381/189/381 861/941/861 363/942/363
f 861/184/861 379/186/379 64/176/64
f 379/186/379 70/185/70 375/919/375
f 64/176/64 379/186/379 862/944/862
f 362/946/362 862/181/862 380/183/380
f 66/947/66 364/2055/364 863/178/863
f 367/164/367 863/178/863 352/154/352
f 863/178/863 372/180/372 59/949/59
f 372/950/372 65/939/65 363/942/363
f 59/949/59 372/180/372 864/952/864
f 864/175/864 371/177/371 58/152/58
f 371/177/371 64/176/64 362/945/362
f 58/152/58 371/177/371 865/955/865
f 350/957/350 865/172/865 370/174/370
f 370/174/370 63/173/63 361/927/361
f 57/960/57 370/2122/370 866/169/866
f 349/961/349 866/169/866 369/171/369
f 62/962/62 360/2123/360 867/963/867
f 56/965/56 369/964/369 867/963/867
f 348/967/348 867/166/867 368/168/368
f 868/971/868 367/2124/367 60/158/60
f 355/973/355 56/965/56 348/966/348
f 49/974/49 355/973/355 869/160/869
f 336/975/336 869/160/869 359/162/359
f 1152/976/1152 366/933/366 353/970/353
f 1152/976/1152 870/977/870 341/978/341
f 341/980/341 870/2125/870 358/981/358
f 60/948/60 352/154/352 871/156/871
f 358/981/358 871/156/871 340/142/340
f 871/156/871 357/155/357 52/982/52
f 357/155/357 59/949/59 351/953/351
f 52/982/52 357/155/357 872/983/872
f 339/984/339 872/983/872 356/985/356
f 356/153/356 58/152/58 350/956/350
f 51/987/51 356/153/356 873/986/873
f 338/989/338 873/148/873 354/150/354
f 354/990/354 57/960/57 349/961/349
f 50/991/50 354/990/354 874/145/874
f 337/992/337 874/145/874 355/147/355
f 53/128/53 340/142/340 875/144/875
f 342/129/342 875/144/875 328/993/328
f 875/144/875 347/143/347 45/119/45
f 347/143/347 52/982/52 339/984/339
f 45/119/45 347/143/347 876/139/876
f 327/995/327 876/139/876 346/141/346
f 346/996/346 51/987/51 338/988/338
f 44/116/44 346/141/346 877/136/877
f 326/998/326 877/136/877 345/138/345
f 345/999/345 50/991/50 337/992/337
f 43/1000/43 345/999/345 878/133/878
f 325/1001/325 878/133/878 344/135/344
f 344/1002/344 49/974/49 336/975/336
f 42/1003/42 344/1002/344 879/130/879
f 324/1004/324 879/130/879 343/132/343
f 54/1005/54 341/980/341 880/127/880
f 880/127/880 342/129/342 46/994/46
f 331/1007/331 42/1003/42 324/1004/324
f 36/1008/36 331/2126/331 881/1009/881
f 311/1011/311 881/124/881 335/126/335
f 319/1013/319 47/1006/47 882/123/882
f 882/123/882 334/122/334 40/1014/40
f 334/122/334 46/994/46 328/993/328
f 334/122/334 883/118/883 315/1015/315
f 883/118/883 333/120/333 39/92/39
f 333/120/333 45/119/45 327/995/327
f 39/92/39 333/120/333 884/115/884
f 314/1016/314 884/115/884 332/117/332
f 332/117/332 44/116/44 326/998/326
f 38/107/38 332/117/332 885/112/885
f 313/1018/313 885/2127/885 330/1019/330
f 330/1019/330 43/1000/43 325/1001/325
f 37/104/37 330/1019/330 886/109/886
f 312/1020/312 886/109/886 331/111/331
f 318/93/318 39/92/39 314/1016/314
f 318/93/318 887/106/887 301/1021/301
f 301/1021/301 887/106/887 323/108/323
f 323/108/323 38/107/38 313/1017/313
f 32/83/32 323/108/323 888/1022/888
f 300/1024/300 888/103/888 322/105/322
f 322/105/322 37/104/37 312/1020/312
f 31/80/31 322/105/322 889/100/889
f 299/1025/299 889/100/889 321/102/321
f 321/102/321 36/101/36 311/1026/311
f 30/77/30 321/102/321 890/97/890
f 298/1027/298 890/97/890 320/99/320
f 310/1028/310 319/1013/319 891/96/891
f 891/96/891 317/95/317 34/89/34
f 317/95/317 40/1014/40 315/1015/315
f 317/95/317 892/91/892 302/1030/302
f 302/1030/302 892/91/892 318/93/318
f 310/1028/310 893/88/893 290/1031/290
f 290/1031/290 893/88/893 309/90/309
f 309/90/309 34/89/34 302/1030/302
f 28/62/28 309/90/309 894/85/894
f 289/58/289 894/85/894 308/87/308
f 33/86/33 301/1021/301 895/82/895
f 308/87/308 895/82/895 288/1034/288
f 288/1034/288 895/82/895 307/84/307
f 307/84/307 32/83/32 300/1023/300
f 26/56/26 307/84/307 896/1035/896
f 287/1037/287 896/79/896 306/81/306
f 306/81/306 31/80/31 299/1025/299
f 25/1038/25 306/81/306 897/76/897
f 286/1039/286 897/76/897 304/78/304
f 304/78/304 30/77/30 298/1027/298
f 24/68/24 304/78/304 898/73/898
f 285/1040/285 898/73/898 305/75/305
f 292/57/292 26/56/26 287/1036/287
f 20/47/20 292/57/292 899/70/899
f 275/1041/275 899/70/899 297/72/297
f 297/1042/297 25/1038/25 286/1039/286
f 19/1043/19 297/1042/297 900/67/900
f 274/1044/274 900/67/900 296/69/296
f 296/69/296 24/68/24 285/1040/285
f 18/41/18 296/69/296 901/64/901
f 273/1045/273 901/64/901 295/66/295
f 278/1046/278 902/61/902 293/63/293
f 293/63/293 28/62/28 289/58/289
f 22/53/22 293/63/293 903/60/903
f 277/1047/277 903/60/903 291/59/291
f 291/59/291 27/1033/27 288/1034/288
f 291/59/291 904/55/904 276/1048/276
f 276/1048/276 904/55/904 292/57/292
f 1187/1049/1187 294/1032/294 278/1046/278
f 905/1051/905 284/2128/284 16/1053/16
f 284/54/284 22/53/22 277/1047/277
f 16/1054/16 284/54/284 906/49/906
f 265/1055/265 906/49/906 283/51/283
f 283/51/283 21/50/21 276/1048/276
f 15/23/15 283/51/283 907/46/907
f 264/1056/264 907/46/907 282/48/282
f 282/48/282 20/47/20 275/1041/275
f 14/20/14 282/48/282 908/43/908
f 263/1057/263 908/43/908 281/45/281
f 281/1059/281 19/1043/19 274/1044/274
f 13/1060/13 281/1059/281 909/40/909
f 262/1061/262 909/40/909 280/42/280
f 280/42/280 18/41/18 273/1045/273
f 12/1062/12 280/42/280 910/37/910
f 261/1063/261 910/37/910 279/39/279
f 268/21/268 14/20/14 263/1057/263
f 7/17/7 268/2129/268 911/34/911
f 254/1065/254 911/34/911 272/36/272
f 272/1066/272 13/1060/13 262/1061/262
f 6/14/6 272/36/272 912/31/912
f 253/1068/253 912/31/912 271/33/271
f 271/33/271 12/32/12 261/1069/261
f 5/11/5 271/33/271 913/1070/913
f 252/1071/252 913/1070/913 270/1072/270
f 1187/1049/1187 266/25/266 914/27/914
f 914/27/914 269/26/269 9/1074/9
f 16/1054/16 265/1055/265 915/22/915
f 269/26/269 915/22/915 256/1075/256
f 256/1075/256 915/22/915 267/24/267
f 267/24/267 15/23/15 264/1056/264
f 8/1076/8 267/24/267 916/19/916
f 255/1077/255 916/19/916 268/21/268
f 259/3/259 8/2/8 255/1079/255
f 2/625/2 259/3/259 917/16/917
f 677/652/677 917/16/917 681/18/681
f 681/18/681 7/17/7 254/1065/254
f 224/622/224 681/18/681 918/13/918
f 671/654/671 918/13/918 680/15/680
f 680/15/680 6/14/6 253/1068/253
f 223/619/223 680/15/680 919/10/919
f 676/656/676 919/10/919 260/12/260
f 260/12/260 5/11/5 252/1071/252
f 1/616/1 260/12/260 920/7/920
f 675/658/675 920/7/920 679/9/679
f 225/1080/225 10/1073/10 921/6/921
f 921/1082/921 258/1085/258 3/1083/3
f 9/1074/9 256/1075/256 922/1084/922
f 258/1085/258 922/1/922 251/650/251
f 251/650/251 922/1/922 259/3/259
f 164/1086/164 923/1090/923 928/1087/928
f 924/1089/924 929/1092/929 928/1087/928
f 583/1091/583 930/1094/930 929/1092/929
f 1175/1093/1175 931/1103/931 930/1094/930
f 925/1095/925 926/1098/926 936/1096/936
f 926/1098/926 927/1088/927 937/1099/937
f 927/1088/927 928/1087/928 938/1100/938
f 929/1092/929 939/1102/939 938/1100/938
f 929/1092/929 930/1094/930 940/1101/940
f 931/1103/931 941/1105/941 940/1101/940
f 931/1103/931 932/1107/932 942/1104/942
f 1186/1106/1186 943/1119/943 942/1104/942
f 934/1108/934 947/1111/947 946/1109/946
f 935/1097/935 948/1113/948 947/1111/947
f 935/1097/935 936/1096/936 949/1112/949
f 936/1096/936 937/1099/937 950/1114/950
f 938/1100/938 951/1115/951 950/1114/950
f 939/1102/939 952/1117/952 951/1115/951
f 939/1102/939 940/1101/940 953/1116/953
f 941/1105/941 954/1118/954 953/1116/953
f 942/1104/942 955/1120/955 954/1118/954
f 943/1119/943 956/1122/956 955/1120/955
f 943/1119/943 944/1404/944 957/1121/957
f 957/1121/957 944/1404/944 195/1123/195
f 195/1123/195 1164/1140/1164 958/1124/958
f 945/1125/945 946/1109/946 960/1126/960
f 947/1111/947 961/1128/961 960/1126/960
f 948/1113/948 962/1130/962 961/1128/961
f 948/1113/948 949/1112/949 963/1129/963
f 949/1112/949 950/1114/950 964/1131/964
f 951/1115/951 965/1132/965 964/1131/964
f 952/1117/952 966/1134/966 965/1132/965
f 952/1117/952 953/1116/953 967/1133/967
f 954/1118/954 968/1135/968 967/1133/967
f 955/1120/955 969/1136/969 968/1135/968
f 956/1122/956 970/1137/970 969/1136/969
f 957/1121/957 971/1139/971 970/1137/970
f 957/1121/957 958/1124/958 972/1138/972
f 1164/1140/1164 208/1154/208 972/1138/972
f 960/1126/960 975/1142/975 974/1141/974
f 961/1128/961 976/1143/976 975/1142/975
f 962/1130/962 977/1145/977 976/1143/976
f 962/1130/962 963/1129/963 978/1144/978
f 963/1129/963 964/1131/964 979/1146/979
f 964/1131/964 965/1132/965 980/1147/980
f 966/1134/966 981/1149/981 980/1147/980
f 966/1134/966 967/1133/967 982/1148/982
f 968/1135/968 983/1150/983 982/1148/982
f 969/1136/969 984/1151/984 983/1150/983
f 970/1137/970 985/1152/985 984/1151/984
f 971/1139/971 986/1153/986 985/1152/985
f 972/1138/972 987/1155/987 986/1153/986
f 208/1154/208 988/1176/988 987/1155/987
f 973/1156/973 974/1141/974 990/1157/990
f 974/1141/974 975/1142/975 991/1159/991
f 976/1143/976 992/1160/992 991/1159/991
f 977/1145/977 993/1161/993 992/1160/992
f 978/1144/978 994/1163/994 993/1161/993
f 978/1144/978 979/1146/979 995/1162/995
f 979/1146/979 980/1147/980 996/1164/996
f 996/1164/996 980/1147/980 981/1149/981
f 981/1149/981 1189/1167/1189 1166/1165/1166
f 1189/1167/1189 981/1149/981 982/1148/982
f 982/1148/982 1173/2130/1173 1190/1166/1190
f 1190/1166/1190 1191/1374/1191 1189/1167/1189
f 1173/2130/1173 982/1148/982 983/1150/983
f 983/1150/983 998/1170/998 1170/1190/1170
f 983/1150/983 1170/1190/1170 1192/1168/1192
f 1193/1169/1193 1173/2130/1173 983/1150/983
f 984/1151/984 999/1171/999 998/1170/998
f 985/1152/985 1000/1172/1000 999/1171/999
f 986/1153/986 1001/1173/1001 1000/1172/1000
f 987/1155/987 1002/1175/1002 1001/1173/1001
f 987/1155/987 988/1176/988 1003/1174/1003
f 989/1158/989 990/1157/990 1005/1178/1005
f 990/1157/990 991/1159/991 1006/1180/1006
f 992/1160/992 1007/1181/1007 1006/1180/1006
f 993/1161/993 1008/1182/1008 1007/1181/1007
f 994/1163/994 1009/1183/1009 1008/1182/1008
f 995/1162/995 1010/1185/1010 1009/1183/1009
f 1010/1185/1010 995/1162/995 996/1164/996
f 996/1164/996 1174/1378/1174 1199/1184/1198
f 1199/1184/1198 1213/2131/1212 1010/1185/1010
f 996/1164/996 1166/1165/1166 1203/1186/1202
f 1204/1187/1203 1174/1378/1174 996/1164/996
f 997/1188/997 1013/1192/1013 1012/1189/1012
f 1013/1192/1013 997/1188/997 1170/1190/1170
f 1170/1190/1170 998/1170/998 1014/1191/1014
f 1208/1194/1207 998/1170/998 999/1171/999
f 999/1171/999 1015/1196/1015 1206/1193/1205
f 1206/1193/1205 1207/1380/1206 1208/1194/1207
f 999/1171/999 1000/1172/1000 1016/1195/1016
f 1001/1173/1001 1017/1197/1017 1016/1195/1016
f 1002/1175/1002 1018/1198/1018 1017/1197/1017
f 1003/1174/1003 1019/1200/1019 1018/1198/1018
f 1003/1174/1003 215/1177/215 1211/1199/1210
f 1004/1179/1004 1021/1203/1021 1020/1201/1020
f 1005/1178/1005 1022/1204/1022 1021/1203/1021
f 1006/1180/1006 1023/1205/1023 1022/1204/1022
f 1007/1181/1007 1024/1207/1024 1023/1205/1023
f 1007/1181/1007 1008/1182/1008 1025/1206/1025
f 1008/1182/1008 1009/1183/1009 1026/1208/1026
f 1009/1183/1009 1010/1185/1010 1027/1209/1027
f 1027/1209/1027 1010/1185/1010 1213/2131/1212
f 1027/1209/1027 1213/2131/1212 1214/1210/1213
f 1215/1211/1214 1161/1386/1161 1027/1209/1027
f 1011/1212/1011 1012/1189/1012 1029/1213/1029
f 1013/1192/1013 1030/1216/1030 1029/1213/1029
f 1013/1192/1013 1014/1191/1014 1031/1215/1031
f 1014/1191/1014 1015/1196/1015 1032/1217/1032
f 1218/1390/1217 1015/1196/1015 1016/1195/1016
f 1016/1195/1016 1033/1220/1033 1163/1218/1163
f 1217/1219/1216 1218/1390/1217 1016/1195/1016
f 1017/1197/1017 1034/1221/1034 1033/1220/1033
f 1018/1198/1018 1035/1222/1035 1034/1221/1034
f 1019/1200/1019 1036/1224/1036 1035/1222/1035
f 1019/1200/1019 1211/1199/1210 1037/1223/1037
f 1021/1203/1021 1039/1227/1039 1038/1226/1038
f 1022/1204/1022 1040/1228/1040 1039/1227/1039
f 1023/1205/1023 1041/1229/1041 1040/1228/1040
f 1024/1207/1024 1042/1230/1042 1041/1229/1041
f 1025/1206/1025 1043/1231/1043 1042/1230/1042
f 1026/1208/1026 1044/1233/1044 1043/1231/1043
f 1026/1208/1026 1027/1209/1027 1045/1232/1045
f 1045/1232/1045 1027/1209/1027 1161/1386/1161
f 1045/1232/1045 1161/1386/1161 1221/1234/1220
f 1222/1235/1221 1178/1399/1178 1045/1232/1045
f 1029/1213/1029 1047/1238/1047 1046/1236/1046
f 1029/1213/1029 1030/1216/1030 1048/1237/1048
f 1031/1215/1031 1049/1239/1049 1048/1237/1048
f 1032/1217/1032 1050/1241/1050 1049/1239/1049
f 1050/1241/1050 1032/1217/1032 1163/1218/1163
f 1163/1218/1163 1225/2132/1224 1224/1240/1223
f 1224/1240/1223 1181/1402/1181 1050/1241/1050
f 1034/1221/1034 1052/1243/1052 1051/1242/1051
f 1035/1222/1035 1053/1244/1053 1052/1243/1052
f 1036/1224/1036 1054/1246/1054 1053/1244/1053
f 1036/1224/1036 1037/1223/1037 1055/1245/1055
f 1038/1226/1038 1039/1227/1039 1056/1247/1056
f 1040/1228/1040 1057/1249/1057 1056/1247/1056
f 1041/1229/1041 1058/1250/1058 1057/1249/1057
f 1042/1230/1042 1059/1252/1059 1058/1250/1058
f 1042/1230/1042 1043/1231/1043 1060/1251/1060
f 1044/1233/1044 1061/1253/1061 1060/1251/1060
f 1045/1232/1045 1062/1256/1062 1061/1253/1061
f 1062/1256/1062 1045/1232/1045 1178/1399/1178
f 1062/1256/1062 1178/1399/1178 1195/1375/1195
f 1197/1255/1196 1188/1258/1188 1062/1256/1062
f 1062/1256/1062 1195/1375/1195 1196/1254/1196
f 1046/1236/1046 1047/1238/1047 1063/1257/1063
f 1047/1238/1047 1048/1237/1048 1064/1259/1064
f 1048/1237/1048 1049/1239/1049 1065/1260/1065
f 1065/1260/1065 1049/1239/1049 1050/1241/1050
f 1050/1241/1050 1154/1263/1154 1200/1261/1199
f 1200/1261/1199 1157/2133/1157 1065/1260/1065
f 1050/1241/1050 1181/1402/1181 1201/1262/1200
f 1052/1243/1052 1068/1265/1068 1067/1264/1067
f 1053/1244/1053 1069/1266/1069 1068/1265/1068
f 1054/1246/1054 1070/1268/1070 1069/1266/1069
f 1054/1246/1054 1055/1245/1055 10/1267/10
f 1056/1247/1056 1071/1271/1071 1552/1270/1550
f 1057/1249/1057 1072/1272/1072 1071/1271/1071
f 1058/1250/1058 1073/1273/1073 1072/1272/1072
f 1059/1252/1059 1074/1274/1074 1073/1273/1073
f 1060/1251/1060 1075/1275/1075 1074/1274/1074
f 1061/1253/1061 1076/1276/1076 1075/1275/1075
f 1062/1256/1062 1077/1277/1077 1076/1276/1076
f 1188/1258/1188 1078/1300/1078 1077/1277/1077
f 1227/1279/1226 1188/1258/1188 1063/1257/1063
f 1063/1257/1063 1229/1281/1228 1228/1278/1227
f 1229/1281/1228 1063/1257/1063 1064/1259/1064
f 1064/1259/1064 1168/1283/1168 1220/1280/1219
f 1220/1280/1219 1219/1395/1218 1229/1281/1228
f 1168/1283/1168 1064/1259/1064 1065/1260/1065
f 1065/1260/1065 1180/1285/1180 1210/1282/1209
f 1210/1282/1209 1209/1384/1208 1168/1283/1168
f 1065/1260/1065 1157/2133/1157 1212/1284/1211
f 1067/1264/1067 1083/1289/1083 1082/1286/1082
f 1067/1264/1067 1068/1265/1068 1084/1288/1084
f 1068/1265/1068 1069/1266/1069 1085/1290/1085
f 1069/1266/1069 1070/1268/1070 1086/1291/1086
f 1070/1268/1070 10/1267/10 1177/1292/1177
f 1071/1271/1071 1072/1272/1072 1088/1293/1088
f 1073/1273/1073 1089/1295/1089 1088/1293/1088
f 1074/1274/1074 1090/1296/1090 1089/1295/1089
f 1075/1275/1075 1091/1297/1091 1090/1296/1090
f 1076/1276/1076 1092/1299/1092 1091/1297/1091
f 1076/1276/1076 1077/1277/1077 1093/1298/1093
f 1078/1300/1078 1094/1302/1094 1093/1298/1093
f 1079/1301/1079 1095/1304/1095 1094/1302/1094
f 1080/1303/1080 1096/1306/1096 1095/1304/1095
f 1080/1303/1080 1081/1307/1081 1097/1305/1097
f 1081/1307/1081 1082/1286/1082 1098/1308/1098
f 1082/1286/1082 1083/1289/1083 1099/1309/1099
f 1083/1289/1083 1084/1288/1084 1100/1310/1100
f 1084/1288/1084 1085/1290/1085 1101/1311/1101
f 1086/1291/1086 1102/1313/1102 1101/1311/1101
f 1086/1291/1086 1177/1292/1177 1187/1312/1187
f 1087/1294/1087 1088/1293/1088 1104/1314/1104
f 1089/1295/1089 1105/1316/1105 1104/1314/1104
f 1090/1296/1090 1106/1317/1106 1105/1316/1105
f 1091/1297/1091 1107/1319/1107 1106/1317/1106
f 1091/1297/1091 1092/1299/1092 1108/1318/1108
f 1092/1299/1092 1093/1298/1093 1109/1320/1109
f 1094/1302/1094 1110/1321/1110 1109/1320/1109
f 1095/1304/1095 1111/1322/1111 1110/1321/1110
f 1096/1306/1096 1112/1324/1112 1111/1322/1111
f 1096/1306/1096 1097/1305/1097 1113/1323/1113
f 1097/1305/1097 1098/1308/1098 1114/1325/1114
f 1098/1308/1098 1099/1309/1099 1115/1326/1115
f 1099/1309/1099 1100/1310/1100 1116/1327/1116
f 1100/1310/1100 1101/1311/1101 1117/1328/1117
f 1117/1328/1117 1101/1311/1101 1102/1313/1102
f 1102/1313/1102 1165/1330/1165 294/1329/294
f 1105/1316/1105 1119/1332/1119 1118/1331/1118
f 1106/1317/1106 1120/1333/1120 1119/1332/1119
f 1107/1319/1107 1121/1335/1121 1120/1333/1120
f 1107/1319/1107 1108/1318/1108 1122/1334/1122
f 1108/1318/1108 1109/1320/1109 1123/1336/1123
f 1109/1320/1109 1110/1321/1110 1124/1337/1124
f 1110/1321/1110 1111/1322/1111 1125/1338/1125
f 1112/1324/1112 1126/1340/1126 1125/1338/1125
f 1112/1324/1112 1113/1323/1113 1127/1339/1127
f 1114/1325/1114 1128/1341/1128 1127/1339/1127
f 1115/1326/1115 1129/1342/1129 1128/1341/1128
f 1116/1327/1116 1130/1343/1130 1129/1342/1129
f 1117/1328/1117 1131/1344/1131 1130/1343/1130
f 94/872/94 1118/1331/1118 1119/1332/1119
f 1119/1332/1119 1132/1345/1132 87/879/87
f 1120/1333/1120 1133/1346/1133 1132/1345/1132
f 1121/1335/1121 1134/1347/1134 1133/1346/1133
f 1122/1334/1122 1135/1349/1135 1134/1347/1134
f 1122/1334/1122 1123/1336/1123 1136/1348/1136
f 1123/1336/1123 1124/1337/1124 1137/1350/1137
f 1125/1338/1125 1138/1352/1138 1137/1350/1137
f 1125/1338/1125 1126/1340/1126 1139/1351/1139
f 1126/1340/1126 1127/1339/1127 1140/1353/1140
f 1128/1341/1128 1141/1354/1141 1140/1353/1140
f 1129/1342/1129 1142/1356/1142 1141/1354/1141
f 1129/1342/1129 1130/1343/1130 1143/1355/1143
f 1143/1355/1143 1130/1343/1130 1131/1344/1131
f 1131/1344/1131 1155/1358/1155 1223/1357/1222
f 1133/1346/1133 80/900/80 87/879/87
f 1134/1347/1134 1144/1359/1144 80/900/80
f 1135/1349/1135 1145/1360/1145 1144/1359/1144
f 1136/1348/1136 1146/1362/1146 1145/1360/1145
f 1136/1348/1136 1137/1350/1137 1147/1361/1147
f 1137/1350/1137 1138/1352/1138 1148/1363/1148
f 1138/1352/1138 1139/1351/1139 1149/1364/1149
f 1139/1351/1139 1140/1353/1140 1150/1365/1150
f 1140/1353/1140 1141/1354/1141 1151/1366/1151
f 1151/1366/1151 1141/1354/1141 1142/1356/1142
f 1142/1356/1142 319/1368/319 1194/1367/1194
f 1143/1355/1143 1223/1357/1222 319/1368/319
f 1145/1360/1145 1146/1362/1146 1202/1369/1201
f 1146/1362/1146 1147/1361/1147 366/933/366
f 1147/1361/1147 1148/1363/1148 1152/976/1152
f 1149/1364/1149 54/979/54 1152/976/1152
f 1150/1365/1150 47/1370/47 54/979/54
f 1158/1371/1158 366/933/366 1152/976/1152
f 1152/976/1152 1159/1373/1159 1205/1372/1204
f 1190/1166/1190 1173/2130/1173 997/1188/997
f 997/1188/997 1189/1167/1189 1191/1374/1191
f 1192/1168/1192 1170/1190/1170 997/1188/997
f 997/1188/997 1173/2130/1173 1193/1169/1193
f 1195/1375/1195 1178/1399/1178 1046/1236/1046
f 1046/1236/1046 1188/1258/1188 1197/1255/1196
f 1197/1255/1196 1196/1254/1196 1195/1375/1195
f 945/1125/945 1153/1382/1153 1198/1376/1197
f 1104/1314/1104 1118/1331/1118 94/872/94
f 1160/1377/1160 1179/2134/1179 933/1110/933
f 933/1110/933 946/1109/946 945/1125/945
f 1011/1212/1011 1213/2131/1212 1199/1184/1198
f 1066/1287/1066 1157/2133/1157 1200/1261/1199
f 1201/1262/1200 1181/1402/1181 1051/1242/1051
f 1051/1242/1051 1067/1264/1067 1066/1287/1066
f 1066/1287/1066 1154/1263/1154 1201/1262/1200
f 484/1379/484 989/1158/989 1004/1179/1004
f 1203/1186/1202 1166/1165/1166 1189/1167/1189
f 1189/1167/1189 1012/1189/1012 1011/1212/1011
f 1011/1212/1011 1174/1378/1174 1204/1187/1203
f 1204/1187/1203 1203/1186/1202 1189/1167/1189
f 1206/1193/1205 1015/1196/1015 1014/1191/1014
f 1014/1191/1014 998/1170/998 1208/1194/1207
f 1207/1380/1206 1206/1193/1205 1014/1191/1014
f 1153/1382/1153 945/1125/945 959/1127/959
f 1210/1282/1209 1180/1285/1180 1081/1307/1081
f 1081/1307/1081 1080/1303/1080 1168/1283/1168
f 1209/1384/1208 1210/1282/1209 1081/1307/1081
f 1212/1284/1211 1157/2133/1157 1066/1287/1066
f 1066/1287/1066 1082/1286/1082 1081/1307/1081
f 1081/1307/1081 1180/1285/1180 1212/1284/1211
f 1552/1270/1550 1071/1271/1071 1087/1294/1087
f 1214/1210/1213 1213/2131/1212 1011/1212/1011
f 1011/1212/1011 1028/1214/1028 1161/1386/1161
f 1161/1386/1161 1215/1211/1214 1214/1210/1213
f 924/1089/924 923/1090/923 1156/1381/1156
f 1216/1389/1215 1169/1391/1169 926/1098/926
f 926/1098/926 925/1095/925 1167/1387/1167
f 1217/1219/1216 1163/1218/1163 1032/1217/1032
f 1032/1217/1032 1015/1196/1015 1218/1390/1217
f 1169/1391/1169 1185/2135/1185 164/1086/164
f 164/1086/164 927/1088/927 926/1098/926
f 1184/1392/1184 1171/1383/1171 959/1127/959
f 959/1127/959 974/1141/974 973/1156/973
f 1176/1394/1176 932/1107/932 931/1103/931
f 1020/1201/1020 1038/1226/1038 1172/1248/1172
f 1220/1280/1219 1168/1283/1168 1080/1303/1080
f 1080/1303/1080 1079/1301/1079 1229/1281/1228
f 1219/1395/1218 1220/1280/1219 1080/1303/1080
f 1221/1234/1220 1161/1386/1161 1028/1214/1028
f 1028/1214/1028 1046/1236/1046 1178/1399/1178
f 1178/1399/1178 1222/1235/1221 1221/1234/1220
f 934/1108/934 933/1110/933 1182/1400/1182
f 1183/1401/1183 1162/1388/1162 925/1095/925
f 925/1095/925 935/1097/935 934/1108/934
f 1225/2132/1224 1163/1218/1163 1033/1220/1033
f 1033/1220/1033 1051/1242/1051 1181/1402/1181
f 1224/1240/1223 1225/2132/1224 1033/1220/1033
f 933/1110/933 1179/2134/1179 1226/1403/1225
f 973/1156/973 989/1158/989 484/1379/484
f 1228/1278/1227 1229/1281/1228 1079/1301/1079
f 1078/1300/1078 1188/1258/1188 1227/1279/1226
f 1227/1279/1226 1228/1278/1227 1079/1301/1079
f 944/1404/944 943/1119/943 1186/1106/1186
f 1432/1405/1430 1433/1408/1431 1231/1406/1230
f 1433/1408/1431 1435/1411/1433 1232/1409/1231
f 1437/1410/1435 1233/1527/1232 1232/1409/1231
f 1437/1412/1435 1439/2136/1437 1234/1413/1233
f 1439/1415/1437 1441/1807/1439 1235/1416/1234
f 1441/1418/1439 1443/1421/1441 1236/1419/1235
f 1443/1421/1441 1445/1424/1443 1237/1422/1236
f 1447/1423/1445 1238/1426/1237 1237/1422/1236
f 1449/1425/1447 1239/1535/1238 1238/1426/1237
f 1449/1427/1447 1451/1431/1449 1240/1428/1239
f 1453/1430/1451 1241/2137/1240 1240/1428/1239
f 1241/1434/1240 1453/2138/1451 1455/1432/1453
f 1455/1432/1453 1625/1975/1623 1242/1433/1241
f 1624/1437/1622 1640/1974/1638 1627/1435/1625
f 1627/1435/1625 1250/2139/1249 1642/1436/1640
f 1627/1440/1625 1457/1767/1455 1459/1438/1457
f 1459/1438/1457 1251/1442/1250 1250/1439/1249
f 1461/1441/1459 1252/1444/1251 1251/1442/1250
f 1461/1441/1459 1463/1445/1461 1253/1443/1252
f 1463/1445/1461 1465/1448/1463 1254/1446/1253
f 1467/1447/1465 1255/1552/1254 1254/1446/1253
f 1469/1449/1467 1256/2140/1255 1255/1450/1254
f 1469/1452/1467 1471/1455/1469 1257/1453/1256
f 1471/1455/1469 1473/1738/1471 1258/1456/1257
f 1475/1457/1473 1259/1461/1258 1258/1458/1257
f 1475/1457/1473 1477/1462/1475 1260/1460/1259
f 1477/1462/1475 1479/1464/1477 1261/1463/1260
f 1479/1464/1477 1432/1405/1430 1230/1407/1229
f 1347/1465/1345 1342/1469/1340 1291/1466/1290
f 1336/1468/1334 1289/1471/1288 1291/1466/1290
f 1333/1470/1331 1287/2141/1286 1289/1471/1288
f 1333/1472/1331 1305/2142/1304 1285/1473/1284
f 1308/1475/1307 1283/2143/1282 1285/1476/1284
f 1308/1478/1307 1311/1481/1310 1281/1479/1280
f 1311/1481/1310 1314/1483/1313 1279/1482/1278
f 1314/1483/1313 1317/1486/1316 1277/1484/1276
f 1320/1485/1319 1275/1488/1274 1277/1484/1276
f 1323/1487/1322 1273/1490/1272 1275/1488/1274
f 1326/1489/1325 1271/1493/1270 1273/1490/1272
f 1271/1493/1270 1326/1489/1325 1329/1491/1328
f 1329/1491/1328 1611/2144/1609 1269/1492/1268
f 1614/1494/1612 1267/2145/1266 1610/1495/1608
f 1614/1499/1612 1339/1619/1337 1348/1497/1346
f 1348/1497/1346 1265/1501/1264 1267/1498/1266
f 1351/1500/1349 1263/1503/1262 1265/1501/1264
f 1351/1500/1349 1354/1504/1352 1249/1502/1248
f 1354/1504/1352 1357/1507/1355 1247/1505/1246
f 1360/1506/1358 1245/1509/1244 1247/1505/1246
f 1363/1508/1361 1243/1511/1242 1245/1509/1244
f 1363/1508/1361 1366/1595/1364 1296/1510/1295
f 1369/1512/1367 1298/2146/1297 1296/1513/1295
f 1369/1515/1367 1372/1518/1370 1300/1516/1299
f 1372/1518/1370 1375/2147/1373 1302/1519/1301
f 1378/1520/1376 1304/1523/1303 1302/1521/1301
f 1378/1520/1376 1347/1465/1345 1293/1467/1292
f 1231/1406/1230 1232/1409/1231 1428/1524/1426
f 1232/1409/1231 1233/1527/1232 1426/1526/1424
f 1233/1527/1232 1234/1417/1233 1424/1528/1422
f 1234/1529/1233 1235/1420/1234 1422/1530/1420
f 1235/1420/1234 1236/1419/1235 1420/1532/1418
f 1236/1419/1235 1237/1422/1236 1418/1533/1416
f 1237/1422/1236 1238/1426/1237 1416/1534/1414
f 1416/1534/1414 1238/1426/1237 1239/1535/1238
f 1414/1536/1412 1239/1535/1238 1240/1537/1239
f 1412/1538/1410 1240/1537/1239 1241/1539/1240
f 1408/1542/1406 1410/1699/1408 1241/1434/1240
f 1241/1434/1240 1242/1433/1241 1644/1541/1642
f 1650/1545/1648 1408/1542/1406 1644/1541/1642
f 1644/1541/1642 1242/1433/1241 1652/1543/1650
f 1652/1543/1650 1624/1437/1622 1642/1436/1640
f 1642/1436/1640 1250/2139/1249 1643/1544/1641
f 1643/1544/1641 1406/2148/1404 1650/1545/1648
f 1650/1545/1648 1644/1541/1642 1652/1543/1650
f 1652/1543/1650 1642/1436/1640 1643/1544/1641
f 1404/1547/1402 1406/2148/1404 1643/1544/1641
f 1643/1544/1641 1250/2139/1249 1251/1546/1250
f 1404/1548/1402 1251/1442/1250 1252/1444/1251
f 1402/1549/1400 1252/1444/1251 1253/1443/1252
f 1400/1550/1398 1253/1443/1252 1254/1446/1253
f 1398/1551/1396 1254/1446/1253 1255/1552/1254
f 1396/1554/1394 1255/2149/1254 1256/1555/1255
f 1256/1454/1255 1257/1453/1256 1392/1557/1390
f 1257/1453/1256 1258/1456/1257 1390/1559/1388
f 1258/1458/1257 1259/1461/1258 1388/1560/1386
f 1259/1562/1258 1260/1565/1259 1386/1563/1384
f 1260/1565/1259 1261/2150/1260 1384/1566/1382
f 1261/1463/1260 1230/1407/1229 1382/1567/1380
f 1230/1407/1229 1231/1406/1230 1429/1525/1427
f 1294/1569/1293 1345/1672/1343 1380/1570/1378
f 1380/1570/1378 1345/1672/1343 1346/1572/1344
f 1379/1573/1377 1346/1572/1344 1347/1465/1345
f 1301/1574/1300 1303/1571/1302 1380/1570/1378
f 1377/1575/1375 1380/1570/1378 1379/1573/1377
f 1376/1576/1374 1379/1573/1377 1378/1520/1376
f 1299/1577/1298 1301/1678/1300 1377/1578/1375
f 1374/1579/1372 1377/1578/1375 1376/1580/1374
f 1373/1582/1371 1376/1576/1374 1375/1522/1373
f 1299/1584/1298 1374/1587/1372 1371/1585/1369
f 1374/1587/1372 1373/1582/1371 1370/1588/1368
f 1370/1589/1368 1373/2151/1371 1372/1518/1370
f 1297/1586/1296 1371/1585/1369 1368/1590/1366
f 1371/1592/1369 1370/1589/1368 1367/1593/1365
f 1367/1593/1365 1370/1589/1368 1369/1515/1367
f 1295/1596/1294 1368/1594/1366 1365/1597/1363
f 1365/1597/1363 1368/1594/1366 1367/1593/1365
f 1364/1599/1362 1367/1593/1365 1366/1595/1364
f 1246/1600/1245 1244/1598/1243 1365/1597/1363
f 1362/1601/1360 1365/1597/1363 1364/1599/1362
f 1361/1602/1359 1364/1599/1362 1363/1508/1361
f 1248/1603/1247 1246/1600/1245 1362/1601/1360
f 1362/1601/1360 1361/1602/1359 1358/1605/1356
f 1361/1602/1359 1360/1506/1358 1357/1507/1355
f 1248/1603/1247 1359/1604/1357 1356/1606/1354
f 1359/1604/1357 1358/1605/1356 1355/1608/1353
f 1358/1605/1356 1357/1507/1355 1354/1504/1352
f 1264/1609/1263 1262/1607/1261 1356/1606/1354
f 1353/1610/1351 1356/1606/1354 1355/1608/1353
f 1352/1611/1350 1355/1608/1353 1354/1504/1352
f 1266/1612/1265 1264/1609/1263 1353/1610/1351
f 1353/1610/1351 1352/1611/1350 1349/1614/1347
f 1352/1611/1350 1351/1500/1349 1348/1497/1346
f 1609/1616/1607 1268/2152/1267 1266/1612/1265
f 1266/1612/1265 1350/1613/1348 1341/1615/1339
f 1616/1618/1614 1341/1615/1339 1350/1613/1348
f 1350/1613/1348 1349/1614/1347 1340/1617/1338
f 1615/1620/1613 1340/1617/1338 1349/1614/1347
f 1349/1614/1347 1348/1497/1346 1339/1619/1337
f 1622/1621/1620 1609/1964/1607 1341/1622/1339
f 1616/1624/1614 1340/1958/1338 1618/1625/1616
f 1615/1627/1613 1339/1967/1337 1619/1628/1617
f 1324/1632/1323 1272/1637/1271 1270/1630/1269
f 1608/1631/1606 1327/1633/1326 1324/1632/1323
f 1325/1635/1324 1324/1632/1323 1327/1633/1326
f 1613/1634/1611 1328/1636/1327 1325/1635/1324
f 1326/1489/1325 1325/1635/1324 1328/1636/1327
f 1328/1636/1327 1612/2153/1610 1329/1491/1328
f 1272/1637/1271 1324/1632/1323 1321/1638/1320
f 1324/1632/1323 1325/1635/1324 1322/1640/1321
f 1325/1635/1324 1326/1489/1325 1323/1487/1322
f 1274/1639/1273 1321/1638/1320 1318/1641/1317
f 1318/1641/1317 1321/1638/1320 1322/1640/1321
f 1319/1643/1318 1322/1640/1321 1323/1487/1322
f 1276/1642/1275 1318/1641/1317 1315/1644/1314
f 1315/1644/1314 1318/1641/1317 1319/1643/1318
f 1319/1643/1318 1320/1485/1319 1317/1486/1316
f 1280/1647/1279 1278/1645/1277 1315/1644/1314
f 1315/1644/1314 1316/1646/1315 1313/1649/1312
f 1313/1649/1312 1316/1646/1315 1317/1486/1316
f 1282/1650/1281 1280/1647/1279 1312/1648/1311
f 1309/1651/1308 1312/1648/1311 1313/1649/1312
f 1310/1652/1309 1313/1649/1312 1314/1483/1313
f 1282/1650/1281 1309/1651/1308 1306/1653/1305
f 1309/1651/1308 1310/1652/1309 1307/1655/1306
f 1310/1652/1309 1311/1481/1310 1308/1478/1307
f 1284/1654/1283 1306/1653/1305 1332/1656/1330
f 1306/1653/1305 1307/1655/1306 1331/1658/1329
f 1331/1658/1329 1307/1655/1306 1308/1478/1307
f 1286/1660/1285 1332/1663/1330 1335/1661/1333
f 1332/1663/1330 1331/1665/1329 1334/1664/1332
f 1331/1665/1329 1305/2154/1304 1333/1470/1331
f 1290/1666/1289 1288/1662/1287 1335/1661/1333
f 1335/1661/1333 1334/1664/1332 1337/1668/1335
f 1337/1668/1335 1334/1664/1332 1333/1470/1331
f 1292/1669/1291 1290/1666/1289 1338/1667/1336
f 1344/1670/1342 1338/1667/1336 1337/1668/1335
f 1337/1668/1335 1336/1468/1334 1342/1469/1340
f 1294/1569/1293 1292/1669/1291 1344/1670/1342
f 1345/1672/1343 1344/1670/1342 1343/1671/1341
f 1346/1572/1344 1343/1671/1341 1342/1469/1340
f 1294/1569/1293 1381/1674/1379 1430/1673/1428
f 1382/1567/1380 1429/1525/1427 1430/1673/1428
f 1303/1571/1302 1383/1675/1381 1381/1674/1379
f 1383/1675/1381 1384/1568/1382 1382/1567/1380
f 1301/1574/1300 1385/2155/1383 1383/1675/1381
f 1385/1676/1383 1386/1563/1384 1384/1566/1382
f 1299/1577/1298 1387/1679/1385 1385/1676/1383
f 1388/1564/1386 1386/1563/1384 1385/1676/1383
f 1297/1586/1296 1389/1681/1387 1387/1680/1385
f 1389/1681/1387 1390/1561/1388 1388/1560/1386
f 1295/1591/1294 1391/2156/1389 1389/1681/1387
f 1391/1682/1389 1392/1557/1390 1390/1559/1388
f 1244/1598/1243 1393/1684/1391 1391/1682/1389
f 1394/1558/1392 1392/1557/1390 1391/1682/1389
f 1246/1600/1245 1395/1685/1393 1393/1684/1391
f 1395/1685/1393 1396/1553/1394 1394/1558/1392
f 1248/1603/1247 1397/1686/1395 1395/1685/1393
f 1397/1686/1395 1398/1551/1396 1396/1553/1394
f 1399/1687/1397 1397/1686/1395 1248/1603/1247
f 1400/1550/1398 1398/1551/1396 1397/1686/1395
f 1401/1688/1399 1399/1687/1397 1262/1607/1261
f 1402/1549/1400 1400/1550/1398 1399/1687/1397
f 1403/1689/1401 1401/1688/1399 1264/1609/1263
f 1404/1548/1402 1402/1549/1400 1401/1688/1399
f 1266/1692/1265 1268/2157/1267 1645/1690/1643
f 1645/1690/1643 1405/1977/1403 1403/1691/1401
f 1403/1691/1401 1405/1977/1403 1646/1693/1644
f 1646/1693/1644 1406/2148/1404 1404/1547/1402
f 1651/1962/1649 1270/1698/1269 1647/1694/1645
f 1647/1694/1645 1407/1701/1405 1649/1978/1647
f 1649/1978/1647 1405/1977/1403 1645/1690/1643
f 1645/1690/1643 1268/2157/1267 1641/1963/1639
f 1607/1695/1605 1651/1962/1649 1647/1694/1645
f 1645/1690/1643 1641/1963/1639 1607/1695/1605
f 1647/1694/1645 1649/1978/1647 1645/1690/1643
f 1650/1545/1648 1406/2148/1404 1646/1693/1644
f 1270/1698/1269 1272/2158/1271 1409/1697/1407
f 1409/1697/1407 1407/1701/1405 1647/1694/1645
f 1407/1701/1405 1409/1697/1407 1410/1699/1408
f 1410/1699/1408 1408/1542/1406 1648/1700/1646
f 1411/1702/1409 1409/1703/1407 1272/1637/1271
f 1412/1538/1410 1410/1540/1408 1409/1703/1407
f 1413/1704/1411 1411/1702/1409 1274/1639/1273
f 1414/1536/1412 1412/1538/1410 1411/1702/1409
f 1278/1645/1277 1415/1705/1413 1413/1704/1411
f 1415/1705/1413 1416/1534/1414 1414/1536/1412
f 1417/1706/1415 1415/1705/1413 1278/1645/1277
f 1418/1533/1416 1416/1534/1414 1415/1705/1413
f 1282/1650/1281 1419/1707/1417 1417/1706/1415
f 1420/1532/1418 1418/1533/1416 1417/1706/1415
f 1284/1654/1283 1421/1708/1419 1419/1707/1417
f 1421/1708/1419 1422/1530/1420 1420/1532/1418
f 1286/1660/1285 1423/1711/1421 1421/1709/1419
f 1423/1711/1421 1424/1528/1422 1422/1712/1420
f 1288/1713/1287 1425/2159/1423 1423/1714/1421
f 1425/1716/1423 1426/1526/1424 1424/1528/1422
f 1290/1666/1289 1427/1717/1425 1425/1716/1423
f 1427/1717/1425 1428/1524/1426 1426/1526/1424
f 1292/1669/1291 1430/1673/1428 1427/1717/1425
f 1430/1673/1428 1429/1525/1427 1428/1524/1426
f 1542/1718/1540 1518/1817/1516 1431/1719/1429
f 1605/1721/1603 1558/1818/1556 1432/1405/1430
f 1541/1722/1539 1542/2160/1540 1480/1723/1478
f 1603/1725/1601 1605/1953/1603 1479/1726/1477
f 1540/1728/1538 1541/2161/1539 1478/1729/1476
f 1601/1731/1599 1603/1949/1601 1477/1462/1475
f 1540/1728/1538 1476/1730/1474 1474/1732/1472
f 1601/1731/1599 1475/1457/1473 1473/1459/1471
f 1539/1733/1537 1474/1732/1472 1472/1735/1470
f 1597/1737/1595 1599/1945/1597 1473/1738/1471
f 1538/1739/1536 1472/1942/1470 1470/1740/1468
f 1597/1742/1595 1471/2162/1469 1469/1743/1467
f 1536/1745/1534 1537/1741/1535 1470/1740/1468
f 1595/1747/1593 1469/1452/1467 1467/1447/1465
f 1536/1745/1534 1468/1746/1466 1466/1749/1464
f 1593/1748/1591 1467/1447/1465 1465/1448/1463
f 1534/1752/1532 1535/1750/1533 1466/1749/1464
f 1591/1751/1589 1465/1448/1463 1463/1445/1461
f 1534/1752/1532 1464/1753/1462 1462/1755/1460
f 1589/1757/1587 1463/2163/1461 1461/1758/1459
f 1533/1756/1531 1462/1755/1460 1460/1760/1458
f 1587/1762/1585 1461/1441/1459 1459/1438/1457
f 1532/1764/1530 1460/1930/1458 1458/1765/1456
f 1633/1768/1631 1583/1933/1581 1585/1763/1583
f 1585/1763/1583 1459/1438/1457 1457/1767/1455
f 1456/1770/1454 1530/1774/1528 1531/1766/1529
f 1531/1766/1529 1458/1765/1456 1629/1769/1627
f 1633/1771/1631 1457/1976/1455 1630/1772/1628
f 1530/1774/1528 1456/1770/1454 1454/1775/1452
f 1453/1779/1451 1579/1920/1577 1581/1777/1579
f 1581/1777/1579 1631/2164/1629 1455/1778/1453
f 1529/1780/1527 1454/2165/1452 1452/1781/1450
f 1577/1783/1575 1579/1920/1577 1453/1779/1451
f 1528/1785/1526 1452/1918/1450 1450/1786/1448
f 1575/1788/1573 1577/1783/1575 1451/1784/1449
f 1526/1789/1524 1527/1787/1525 1450/1786/1448
f 1573/1791/1571 1575/1788/1573 1449/1425/1447
f 1526/1792/1524 1448/2166/1446 1446/1793/1444
f 1571/1795/1569 1573/1791/1571 1447/1423/1445
f 1525/1794/1523 1446/1793/1444 1444/1796/1442
f 1569/1798/1567 1571/1795/1569 1445/1424/1443
f 1523/1799/1521 1524/1879/1522 1444/1800/1442
f 1567/1802/1565 1569/1798/1567 1443/1421/1441
f 1522/1803/1520 1523/1876/1521 1442/1804/1440
f 1565/1806/1563 1567/1911/1565 1441/1807/1439
f 1521/1808/1519 1522/1803/1520 1440/1805/1438
f 1563/1810/1561 1565/1806/1563 1439/1415/1437
f 1521/1808/1519 1438/1809/1436 1436/1811/1434
f 1561/1813/1559 1563/1810/1561 1437/1410/1435
f 1520/1812/1518 1436/1811/1434 1434/1814/1432
f 1559/1816/1557 1561/1813/1559 1435/1411/1433
f 1519/1815/1517 1434/1814/1432 1431/1719/1429
f 1558/1818/1556 1559/1816/1557 1433/1408/1431
f 1497/1819/1495 1496/1872/1494 1549/1820/1547
f 1491/1822/1489 1554/1873/1552 1551/1823/1549
f 1484/1825/1482 1510/1875/1508 1513/1826/1511
f 1498/1828/1496 1497/1891/1495 1546/1829/1544
f 1486/1832/1484 1485/1827/1483 1513/1826/1511
f 1499/1834/1497 1498/1828/1496 1506/1830/1504
f 1548/1836/1546 1552/1886/1550 1514/1837/1512
f 1486/1839/1484 1511/1997/1509 1512/1840/1510
f 1500/1842/1498 1499/1834/1497 1544/1835/1542
f 1487/1846/1485 1512/2167/1510 1516/1847/1514
f 1501/1849/1499 1500/1896/1498 1507/1850/1505
f 1494/1852/1492 1493/1887/1491 1547/1853/1545
f 1488/1848/1486 1516/1847/1514 1517/1855/1515
f 1501/1849/1499 1508/1851/1506 1509/1857/1507
f 1481/1859/1479 1504/1874/1502 1556/1860/1554
f 1495/1862/1493 1494/1889/1492 1550/1863/1548
f 1489/1865/1487 1517/1990/1515 1553/1866/1551
f 1502/1858/1500 1509/1857/1507 1505/1868/1503
f 1483/1870/1481 1482/1861/1480 1556/1860/1554
f 1496/1872/1494 1495/1862/1493 1543/1864/1541
f 1490/1867/1488 1553/1866/1551 1554/1873/1552
f 1481/1859/1479 1503/1869/1501 1505/1868/1503
f 1484/1825/1482 1483/1870/1481 1555/1871/1553
f 1482/1861/1480 1519/1815/1517 1518/1817/1516
f 1483/1870/1481 1520/1812/1518 1519/1815/1517
f 1484/1825/1482 1521/1808/1519 1520/1812/1518
f 1485/1827/1483 1522/1803/1520 1521/1808/1519
f 1485/1827/1483 1486/1832/1484 1523/1876/1521
f 1486/1839/1484 1487/1841/1485 1524/1877/1522
f 1488/1848/1486 1525/1880/1523 1524/1879/1522
f 1488/1848/1486 1489/1856/1487 1526/1789/1524
f 1489/1856/1487 1490/1882/1488 1527/1787/1525
f 1491/1881/1489 1528/1785/1526 1527/1787/1525
f 1492/1824/1490 1529/1780/1527 1528/1782/1526
f 1492/1883/1490 1552/2168/1550 1530/1884/1528
f 1548/1836/1546 1531/1766/1529 1530/1774/1528
f 1493/1844/1491 1532/1764/1530 1531/1766/1529
f 1493/1887/1491 1494/1852/1492 1533/1756/1531
f 1495/1862/1493 1534/1890/1532 1533/1888/1531
f 1496/1872/1494 1535/2169/1533 1534/1890/1532
f 1497/1891/1495 1536/1745/1534 1535/1750/1533
f 1497/1891/1495 1498/1828/1496 1537/1741/1535
f 1498/1828/1496 1499/1834/1497 1538/1739/1536
f 1500/1893/1498 1539/2170/1537 1538/1894/1536
f 1501/1849/1499 1540/1728/1538 1539/1733/1537
f 1502/1858/1500 1541/2161/1539 1540/1728/1538
f 1503/1897/1501 1542/2160/1540 1541/1722/1539
f 1481/1859/1479 1518/1817/1516 1542/1718/1540
f 1271/2171/1270 1269/2172/1268 1610/1899/1608
f 1610/1899/1608 1267/2173/1266 1265/2174/1264
f 1610/1899/1608 1265/2174/1264 1263/2175/1262
f 1273/2176/1272 1271/2171/1270 1610/1899/1608
f 1277/2177/1276 1275/2178/1274 1273/2176/1272
f 1281/2179/1280 1279/2180/1278 1277/2177/1276
f 1285/1901/1284 1283/2181/1282 1281/2179/1280
f 1289/2182/1288 1287/2183/1286 1285/1901/1284
f 1304/2184/1303 1293/2185/1292 1291/2186/1290
f 1291/2186/1290 1289/2182/1288 1285/1901/1284
f 1285/1901/1284 1281/2179/1280 1277/2177/1276
f 1277/2177/1276 1273/2176/1272 1610/1899/1608
f 1610/1899/1608 1263/2175/1262 1249/2187/1248
f 1249/2187/1248 1247/2188/1246 1245/2189/1244
f 1245/2189/1244 1243/2190/1242 1296/2191/1295
f 1245/2189/1244 1296/2191/1295 1298/2192/1297
f 1610/1899/1608 1249/2187/1248 1245/2189/1244
f 1285/1901/1284 1277/2177/1276 1610/1899/1608
f 1304/2184/1303 1291/2186/1290 1285/1901/1284
f 1300/1900/1299 1302/2193/1301 1304/2184/1303
f 1610/1899/1608 1245/2189/1244 1298/2192/1297
f 1300/1900/1299 1304/2184/1303 1285/1901/1284
f 1610/1899/1608 1298/2192/1297 1300/1900/1299
f 1431/1719/1429 1434/1814/1432 1560/1903/1558
f 1557/1904/1555 1560/1903/1558 1559/1816/1557
f 1434/1814/1432 1436/1811/1434 1562/1905/1560
f 1560/1903/1558 1562/1905/1560 1561/1813/1559
f 1436/1811/1434 1438/1809/1436 1564/1906/1562
f 1562/1905/1560 1564/1906/1562 1563/1810/1561
f 1438/1809/1436 1440/1805/1438 1566/1907/1564
f 1564/1906/1562 1566/1907/1564 1565/1806/1563
f 1440/1908/1438 1442/1801/1440 1568/1909/1566
f 1566/1907/1564 1568/2194/1566 1567/1911/1565
f 1442/1801/1440 1444/1800/1442 1570/1912/1568
f 1568/1909/1566 1570/1912/1568 1569/1798/1567
f 1444/1800/1442 1446/1914/1444 1572/1913/1570
f 1570/1912/1568 1572/1913/1570 1571/1795/1569
f 1446/1914/1444 1448/1790/1446 1574/1915/1572
f 1572/1913/1570 1574/1915/1572 1573/1791/1571
f 1448/1790/1446 1450/1786/1448 1576/1916/1574
f 1574/1915/1572 1576/1916/1574 1575/1788/1573
f 1450/1786/1448 1452/1918/1450 1578/1917/1576
f 1576/1916/1574 1578/1917/1576 1577/1783/1575
f 1452/1918/1450 1454/2195/1452 1580/1919/1578
f 1578/1917/1576 1580/1919/1578 1579/1920/1577
f 1580/1919/1578 1454/2195/1452 1456/1921/1454
f 1456/1921/1454 1626/2196/1624 1582/1922/1580
f 1579/1920/1577 1580/1919/1578 1582/1922/1580
f 1632/1923/1630 1581/1777/1579 1579/1920/1577
f 1628/1924/1626 1584/1931/1582 1635/1925/1633
f 1634/1927/1632 1583/1973/1581 1636/1928/1634
f 1628/1924/1626 1458/1765/1456 1460/1930/1458
f 1460/1930/1458 1586/2197/1584 1584/1931/1582
f 1634/1934/1632 1584/2198/1582 1586/1932/1584
f 1586/1932/1584 1585/1763/1583 1583/1933/1581
f 1462/1755/1460 1588/1935/1586 1586/1932/1584
f 1588/1935/1586 1587/1762/1585 1585/1763/1583
f 1464/1753/1462 1590/1938/1588 1588/1935/1586
f 1590/1936/1588 1589/1757/1587 1587/1759/1585
f 1466/1749/1464 1592/1939/1590 1590/1938/1588
f 1592/1939/1590 1591/1751/1589 1589/1754/1587
f 1468/1746/1466 1594/1940/1592 1592/1939/1590
f 1594/1940/1592 1593/1748/1591 1591/1751/1589
f 1470/1740/1468 1596/1941/1594 1594/1940/1592
f 1596/1941/1594 1595/1747/1593 1593/1748/1591
f 1472/1942/1470 1598/1943/1596 1596/1941/1594
f 1598/1943/1596 1597/1737/1595 1595/1747/1593
f 1472/1942/1470 1474/2199/1472 1600/1944/1598
f 1598/1943/1596 1600/1944/1598 1599/1945/1597
f 1474/1732/1472 1476/1730/1474 1602/1946/1600
f 1602/1946/1600 1601/1731/1599 1599/1734/1597
f 1476/1730/1474 1478/1729/1476 1604/1948/1602
f 1602/1946/1600 1604/1948/1602 1603/1949/1601
f 1478/1950/1476 1480/2200/1478 1606/1951/1604
f 1604/1952/1602 1606/1951/1604 1605/1953/1603
f 1480/1720/1478 1431/1719/1429 1557/1904/1555
f 1606/1954/1604 1557/1904/1555 1558/1818/1556
f 1612/1955/1610 1620/1629/1618 1619/1628/1617
f 1328/1957/1327 1618/1625/1616 1620/1629/1618
f 1340/1958/1338 1615/1627/1613 1620/1629/1618
f 1613/1959/1611 1621/1626/1619 1618/1625/1616
f 1617/1623/1615 1621/1626/1619 1613/1959/1611
f 1617/1623/1615 1341/1622/1339 1616/1624/1614
f 1622/1621/1620 1617/1623/1615 1327/1960/1326
f 1608/1961/1606 1270/1698/1269 1651/1962/1649
f 1651/1962/1649 1607/1695/1605 1622/1621/1620
f 1622/1621/1620 1607/1695/1605 1641/1963/1639
f 1641/1963/1639 1268/2157/1267 1609/1964/1607
f 1611/1965/1609 1623/1496/1621 1610/1495/1608
f 1329/1956/1328 1619/1628/1617 1623/1496/1621
f 1339/1967/1337 1614/1494/1612 1623/1496/1621
f 1637/1929/1635 1636/1928/1634 1581/1968/1579
f 1635/1925/1633 1637/1929/1635 1632/1969/1630
f 1584/1931/1582 1634/1927/1632 1637/1929/1635
f 1638/1926/1636 1635/1925/1633 1582/1970/1580
f 1629/1769/1627 1638/1926/1636 1626/1971/1624
f 1458/1765/1456 1628/1924/1626 1638/1926/1636
f 1639/1773/1637 1630/1772/1628 1455/1432/1453
f 1636/1928/1634 1639/1773/1637 1631/1972/1629
f 1583/1973/1581 1633/1771/1631 1639/1773/1637
f 1242/1433/1241 1625/1975/1623 1640/1974/1638
f 1640/1974/1638 1624/1437/1622 1652/1543/1650
f 1455/1432/1453 1630/1772/1628 1640/1974/1638
f 1457/1976/1455 1627/1435/1625 1640/1974/1638
f 1653/1696/1651 1646/1693/1644 1405/1977/1403
f 1648/1700/1646 1653/1696/1651 1649/1978/1647
f 1648/1700/1646 1408/1542/1406 1650/1545/1648
