# Blender 5.2.0 LTS
# www.blender.org
mtllib crystal.mtl
o crystal17_2_crystal_17_2_0
v -0.291946 0.848644 -0.996765
v 0.012471 0.876597 -0.884626
v -0.186214 0.241917 -0.731077
v -0.587874 0.771977 -0.884626
v -0.291946 0.848644 -0.996765
v -0.186214 0.241917 -0.731077
v -0.701961 0.691504 -0.613899
v -0.587874 0.771977 -0.884626
v -0.186214 0.241917 -0.731077
v -0.567378 0.654367 -0.343173
v -0.701961 0.691504 -0.613899
v -0.186214 0.241917 -0.731077
v -0.262961 0.682319 -0.231034
v -0.567378 0.654367 -0.343173
v -0.186214 0.241917 -0.731077
v 0.032966 0.758987 -0.343173
v -0.262961 0.682319 -0.231034
v -0.186214 0.241917 -0.731077
v 0.147054 0.839459 -0.613899
v 0.032966 0.758987 -0.343173
v -0.186214 0.241917 -0.731077
v 0.012471 0.876597 -0.884626
v 0.147054 0.839459 -0.613899
v -0.186214 0.241917 -0.731077
v -0.552197 4.301579 -0.248835
v -0.916592 4.433090 -0.258193
v -0.991042 4.860308 0.302551
v -0.916592 4.433090 -0.258193
v -1.130055 3.601828 -0.294438
v -0.991042 4.860308 0.302551
v -1.130055 3.601828 -0.294438
v -1.262230 3.508597 0.019210
v -0.991042 4.860308 0.302551
v -1.262230 3.508597 0.019210
v -1.127468 3.488946 0.400370
v -0.991042 4.860308 0.302551
v -0.910020 4.395373 0.547342
v -0.664678 3.632559 0.451663
v -0.540168 4.329217 0.499022
v -1.127468 3.488946 0.400370
v -0.910020 4.395373 0.547342
v -0.991042 4.860308 0.302551
v -0.910020 4.395373 0.547342
v -0.540168 4.329217 0.499022
v -0.991042 4.860308 0.302551
v 0.392612 1.097858 -0.323023
v 0.540522 1.097858 -0.323023
v 0.466567 2.996114 0.015651
v 0.466567 1.198844 -1.053006
v 0.762386 1.182274 -0.933231
v 0.466567 0.729185 -0.701216
v 0.170748 1.182274 -0.933231
v 0.466567 1.198844 -1.053006
v 0.466567 0.729185 -0.701216
v 0.048216 1.142271 -0.644069
v 0.170748 1.182274 -0.933231
v 0.466567 0.729185 -0.701216
v 0.170748 1.102268 -0.354908
v 0.048216 1.142271 -0.644069
v 0.466567 0.729185 -0.701216
v 0.884918 1.142271 -0.644069
v 0.762386 1.102268 -0.354908
v 0.466567 0.729185 -0.701216
v 0.762386 1.182274 -0.933231
v 0.884918 1.142271 -0.644069
v 0.466567 0.729185 -0.701216
v 0.762386 3.352860 -0.594748
v 0.466567 3.438600 -0.689131
v 0.466567 4.373040 -0.197121
v 0.466567 3.438600 -0.689131
v 0.170748 3.970410 -0.509316
v 0.466567 4.373040 -0.197121
v 0.170748 3.970410 -0.509316
v 0.048216 3.763416 -0.281457
v 0.466567 4.373040 -0.197121
v 0.170748 2.171206 -0.235680
v 0.345490 3.283330 -0.012244
v 0.051814 3.587771 -0.225593
v 0.466567 3.247760 0.009945
v 0.762386 3.556421 -0.053597
v 0.466567 4.373040 -0.197121
v 0.466567 0.996570 -0.351653
v 0.540522 1.097858 -0.323023
v 0.392612 1.097858 -0.323023
v 0.051814 3.587771 -0.225593
v 0.345490 3.283330 -0.012244
v 0.303448 3.997103 -0.133117
v 0.466567 2.996114 0.015651
v 0.540522 1.097858 -0.323023
v 0.762386 1.102268 -0.354908
v 0.742736 0.821500 -0.769719
v 1.038390 0.691205 -0.769719
v 0.748922 0.434953 -0.543201
v 0.576851 0.845674 -0.493520
v 0.742736 0.821500 -0.769719
v 0.748922 0.434953 -0.543201
v 0.706621 0.739551 -0.217320
v 0.576851 0.845674 -0.493520
v 0.748922 0.434953 -0.543201
v 1.002275 0.609255 -0.217320
v 0.706621 0.739551 -0.217320
v 0.748922 0.434953 -0.543201
v 1.168160 0.585083 -0.493520
v 1.002275 0.609255 -0.217320
v 0.748922 0.434953 -0.543201
v 1.038390 0.691205 -0.769719
v 1.168160 0.585083 -0.493520
v 0.748922 0.434953 -0.543201
v 1.694907 2.180912 -0.505795
v 1.607608 2.783985 -0.422035
v 1.916520 3.084354 -0.073820
v 1.664158 2.111138 0.048761
v 2.027224 2.534390 -0.057012
v 1.823925 2.655936 0.011052
v 2.027224 2.534390 -0.057012
v 1.694907 2.180912 -0.505795
v 1.916520 3.084354 -0.073820
v 1.823925 2.655936 0.011052
v 2.027224 2.534390 -0.057012
v 1.916520 3.084354 -0.073820
v 1.662797 2.726946 0.011052
v 1.823925 2.655936 0.011052
v 1.916520 3.084354 -0.073820
v 0.742736 0.821500 -0.769719
v 0.576851 0.845674 -0.493520
v 0.887118 1.576223 -0.296487
v 1.326062 2.347799 0.018541
v 1.368504 2.241433 0.048761
v 1.662797 2.726946 0.011052
v 0.576851 0.845674 -0.493520
v 0.706621 0.739551 -0.217320
v 0.887118 1.576223 -0.296487
v -0.733371 0.698493 -0.539063
v -0.443530 0.835733 -0.499753
v -0.470807 0.448789 -0.275482
v -0.896350 0.588898 -0.282517
v -0.733371 0.698493 -0.539063
v -0.470807 0.448789 -0.275482
v -0.769487 0.616544 0.013336
v -0.896350 0.588898 -0.282517
v -0.470807 0.448789 -0.275482
v -0.479645 0.753783 0.052646
v -0.769487 0.616544 0.013336
v -0.470807 0.448789 -0.275482
v -0.316666 0.863378 -0.203899
v -0.479645 0.753783 0.052646
v -0.470807 0.448789 -0.275482
v -0.443530 0.835733 -0.499753
v -0.316666 0.863378 -0.203899
v -0.470807 0.448789 -0.275482
v -1.164419 2.309104 -0.328306
v -1.683045 2.639458 -0.313205
v -1.752889 3.069138 0.029432
v -1.033277 2.309218 0.032112
v -1.245215 2.670650 0.001010
v -1.255717 2.653173 0.139460
v -1.662380 2.642889 0.126597
v -1.504419 2.717683 0.148020
v -1.752889 3.069138 0.029432
v -0.733371 0.698493 -0.539063
v -0.896350 0.588898 -0.282517
v -1.266519 1.302519 -0.132483
v -1.599335 2.139907 0.141852
v -1.496268 2.101956 0.186184
v -1.662380 2.642889 0.126597
v -0.896350 0.588898 -0.282517
v -0.769487 0.616544 0.013336
v -1.266519 1.302519 -0.132483
v -1.469168 2.817467 0.090051
v -1.164419 2.309104 -0.328306
v -1.752889 3.069138 0.029432
v -1.504419 2.717683 0.148020
v -1.469168 2.817467 0.090051
v -1.752889 3.069138 0.029432
v -0.479645 0.753783 0.052646
v -0.316666 0.863378 -0.203899
v -0.780199 1.245911 0.106589
v -0.769487 0.616544 0.013336
v -0.479645 0.753783 0.052646
v -0.780199 1.245911 0.106589
v -1.504419 2.717683 0.148020
v -1.376761 2.707747 0.133949
v -1.469168 2.817467 0.090051
v -1.469168 2.817467 0.090051
v -1.245215 2.670650 0.001010
v -1.164419 2.309104 -0.328306
v 0.128951 0.573789 -1.046368
v 0.444155 0.580966 -0.975773
v 0.219221 0.325037 -0.684788
v -0.089854 0.622716 -0.813734
v 0.128951 0.573789 -1.046368
v 0.219221 0.325037 -0.684788
v 0.006545 0.678819 -0.510505
v -0.089854 0.622716 -0.813734
v 0.219221 0.325037 -0.684788
v 0.321747 0.685995 -0.439909
v 0.006545 0.678819 -0.510505
v 0.219221 0.325037 -0.684788
v 0.540553 0.637068 -0.672544
v 0.321747 0.685995 -0.439909
v 0.219221 0.325037 -0.684788
v 0.444155 0.580966 -0.975773
v 0.540553 0.637068 -0.672544
v 0.219221 0.325037 -0.684788
v 0.476711 2.200456 -1.285757
v 0.171840 2.074045 -1.454730
v 0.277122 2.572054 -1.236085
v 0.557957 2.249826 -0.914191
v 0.541996 2.007473 -1.067495
v 0.511461 2.670240 -0.934162
v 0.149776 2.829051 -1.032189
v 0.321558 2.832961 -0.993715
v 0.277122 2.572054 -1.236085
v 0.128951 0.573789 -1.046368
v -0.089854 0.622716 -0.813734
v -0.098963 1.435395 -0.904622
v -0.029569 2.374730 -0.895712
v 0.039367 2.311545 -0.823022
v 0.149776 2.829051 -1.032189
v -0.089854 0.622716 -0.813734
v 0.006545 0.678819 -0.510505
v -0.098963 1.435395 -0.904622
v 0.465327 2.455302 -1.132691
v 0.476711 2.200456 -1.285757
v 0.277122 2.572054 -1.236085
v 0.321558 2.832961 -0.993715
v 0.465327 2.455302 -1.132691
v 0.277122 2.572054 -1.236085
v 0.321747 0.685995 -0.439909
v 0.540553 0.637068 -0.672544
v 0.280303 1.251152 -0.559544
v 0.006545 0.678819 -0.510505
v 0.321747 0.685995 -0.439909
v 0.280303 1.251152 -0.559544
v 0.321558 2.832961 -0.993715
v 0.430711 2.766543 -0.977352
v 0.465327 2.455302 -1.132691
v 0.465327 2.455302 -1.132691
v 0.541996 2.007473 -1.067495
v 0.476711 2.200456 -1.285757
v 0.149776 2.829051 -1.032189
v 0.316338 2.669410 -0.912373
v 0.321558 2.832961 -0.993715
v 0.260369 0.813499 -0.498510
v 0.575571 0.820676 -0.427915
v 0.398164 0.419986 -0.334418
v 0.049317 0.696561 -0.283636
v 0.260369 0.813499 -0.498510
v 0.398164 0.419986 -0.334418
v 0.153469 0.586799 0.001833
v 0.049317 0.696561 -0.283636
v 0.398164 0.419986 -0.334418
v 0.468671 0.593975 0.072428
v 0.153469 0.586799 0.001833
v 0.398164 0.419986 -0.334418
v 0.679723 0.710913 -0.142446
v 0.468671 0.593975 0.072428
v 0.398164 0.419986 -0.334418
v 0.575571 0.820676 -0.427915
v 0.679723 0.710913 -0.142446
v 0.398164 0.419986 -0.334418
v 0.396842 2.328055 0.216879
v 0.101282 2.278780 -0.001511
v 0.156664 2.580333 0.459901
v 0.490242 2.172899 0.554965
v 0.495888 2.056698 0.292367
v 0.392432 2.523588 0.771199
v 0.009738 2.662107 0.769035
v 0.181521 2.666018 0.807508
v 0.156664 2.580333 0.459901
v 0.260369 0.813499 -0.498510
v 0.049317 0.696561 -0.283636
v -0.062326 1.413836 0.092983
v -0.106366 2.189921 0.624958
v -0.026722 2.106498 0.651898
v 0.009738 2.662107 0.769035
v 0.049317 0.696561 -0.283636
v 0.153469 0.586799 0.001833
v -0.062326 1.413836 0.092983
v 0.330026 2.496599 0.429920
v 0.396842 2.328055 0.216879
v 0.156664 2.580333 0.459901
v 0.181521 2.666018 0.807508
v 0.330026 2.496599 0.429920
v 0.156664 2.580333 0.459901
v 0.468671 0.593975 0.072428
v 0.679723 0.710913 -0.142446
v 0.353368 1.119590 0.286591
v 0.298574 2.616352 0.786892
v 0.356459 2.224419 0.734094
v 0.392432 2.523588 0.771199
v -0.026722 2.106498 0.651898
v 0.082546 2.106561 0.709732
v 0.009738 2.662107 0.769035
v 0.153469 0.586799 0.001833
v 0.468671 0.593975 0.072428
v 0.353368 1.119590 0.286591
v 0.181521 2.666018 0.807508
v 0.298574 2.616352 0.786892
v 0.330026 2.496599 0.429920
v 0.330026 2.496599 0.429920
v 0.495888 2.056698 0.292367
v 0.396842 2.328055 0.216879
v -0.158546 0.430204 0.127577
v -0.017006 0.470986 0.141007
v -0.594280 1.779718 1.436199
v -0.171208 0.924086 -0.424206
v 0.125562 0.927960 -0.305705
v -0.012997 0.360688 -0.380756
v -0.440598 0.764831 -0.359430
v -0.171208 0.924086 -0.424206
v -0.012997 0.360688 -0.380756
v -0.524805 0.543486 -0.149324
v -0.440598 0.764831 -0.359430
v -0.012997 0.360688 -0.380756
v -0.374501 0.389712 0.083035
v -0.524805 0.543486 -0.149324
v -0.012997 0.360688 -0.380756
v 0.275867 0.774186 -0.073347
v 0.191660 0.552841 0.136759
v -0.012997 0.360688 -0.380756
v 0.125562 0.927960 -0.305705
v 0.275867 0.774186 -0.073347
v -0.012997 0.360688 -0.380756
v -0.488884 2.310789 0.955994
v -0.803125 2.348318 0.895888
v -1.080854 2.701535 1.869033
v -0.803125 2.348318 0.895888
v -1.225989 2.422987 1.309048
v -1.080854 2.701535 1.869033
v -1.225989 2.422987 1.309048
v -1.232125 2.435320 1.560223
v -1.080854 2.701535 1.869033
v -0.665119 1.176655 0.756167
v -0.792757 1.990052 1.555774
v -1.175230 2.266373 1.513268
v -0.665247 1.983164 1.566322
v -0.505077 2.181477 1.519285
v -1.080854 2.701535 1.869033
v -0.061548 0.385362 0.055962
v -0.017006 0.470986 0.141007
v -0.158546 0.430204 0.127577
v -1.080854 2.701535 1.869033
v -0.792757 1.990052 1.555774
v -0.665247 1.983164 1.566322
v -1.232125 2.435320 1.560223
v -1.175230 2.266373 1.513268
v -1.080854 2.701535 1.869033
v -1.175230 2.266373 1.513268
v -0.792757 1.990052 1.555774
v -1.080854 2.701535 1.869033
v -0.594280 1.779718 1.436199
v -0.017006 0.470986 0.141007
v 0.191660 0.552841 0.136759
v 0.322169 0.734679 -0.058835
v 0.577134 0.666120 -0.064335
v 0.365623 0.380925 0.025397
v 0.171562 0.666655 0.147145
v 0.322169 0.734679 -0.058835
v 0.365623 0.380925 0.025397
v 0.275920 0.530076 0.347626
v 0.171562 0.666655 0.147145
v 0.365623 0.380925 0.025397
v 0.530885 0.461517 0.342127
v 0.275920 0.530076 0.347626
v 0.365623 0.380925 0.025397
v 0.681491 0.529539 0.136146
v 0.530885 0.461517 0.342127
v 0.365623 0.380925 0.025397
v 0.577134 0.666120 -0.064335
v 0.681491 0.529539 0.136146
v 0.365623 0.380925 0.025397
v 0.816320 1.903357 0.520988
v 0.625131 1.865974 0.435798
v 0.754527 1.928048 0.843625
v 0.601332 0.876152 0.559391
v 0.840599 1.286983 0.919513
v 0.659466 1.267138 0.967813
v 0.899607 1.236029 0.748961
v 0.927115 1.578771 0.580679
v 1.039473 1.918510 1.002466
v 0.322169 0.734679 -0.058835
v 0.171562 0.666655 0.147145
v 0.317418 1.214332 0.501502
v 0.555718 1.778146 0.968468
v 0.506133 1.284488 0.923868
v 0.803040 1.980848 1.132034
v 0.171562 0.666655 0.147145
v 0.275920 0.530076 0.347626
v 0.317418 1.214332 0.501502
v 0.925750 1.944719 0.743085
v 0.816320 1.903357 0.520988
v 0.754527 1.928048 0.843625
v 0.803040 1.980848 1.132034
v 0.925750 1.944719 0.743085
v 0.754527 1.928048 0.843625
v 0.530885 0.461517 0.342127
v 0.681491 0.529539 0.136146
v 0.601332 0.876152 0.559391
v 0.991844 2.009548 1.037704
v 0.840599 1.286983 0.919513
v 1.039473 1.918510 1.002466
v 0.506133 1.284488 0.923868
v 0.659466 1.267138 0.967813
v 0.803040 1.980848 1.132034
v 0.275920 0.530076 0.347626
v 0.530885 0.461517 0.342127
v 0.601332 0.876152 0.559391
v 0.803040 1.980848 1.132034
v 0.991844 2.009548 1.037704
v 0.925750 1.944719 0.743085
v 0.925750 1.944719 0.743085
v 0.927115 1.578771 0.580679
v 0.816320 1.903357 0.520988
v 0.659638 0.950127 -0.477131
v 0.897858 0.736721 -0.522928
v 0.524132 0.533824 -0.381756
v 0.487080 0.943480 -0.204061
v 0.659638 0.950127 -0.477131
v 0.524132 0.533824 -0.381756
v 0.552739 0.723427 0.023213
v 0.487080 0.943480 -0.204061
v 0.524132 0.533824 -0.381756
v 0.790958 0.510020 -0.022585
v 0.552739 0.723427 0.023213
v 0.524132 0.533824 -0.381756
v 0.963518 0.516667 -0.295654
v 0.790958 0.510020 -0.022585
v 0.524132 0.533824 -0.381756
v 0.897858 0.736721 -0.522928
v 0.963518 0.516667 -0.295654
v 0.524132 0.533824 -0.381756
v 1.996170 1.939624 0.182829
v 1.676876 1.987906 0.077494
v 2.055097 2.136175 0.644655
v 2.006487 1.519384 0.456981
v 1.866659 1.499403 0.206898
v 2.232695 1.780488 0.701853
v 1.664073 2.010898 0.473607
v 1.626197 1.892760 0.734652
v 2.055097 2.136175 0.644655
v 0.659638 0.950127 -0.477131
v 0.487080 0.943480 -0.204061
v 0.994366 1.438365 0.204031
v 1.626197 1.892760 0.734652
v 1.674657 1.732293 0.737251
v 2.055097 2.136175 0.644655
v 0.487080 0.943480 -0.204061
v 0.552739 0.723427 0.023213
v 0.994366 1.438365 0.204031
v 2.088243 1.889038 0.404455
v 1.996170 1.939624 0.182829
v 2.055097 2.136175 0.644655
v 0.790958 0.510020 -0.022585
v 0.963518 0.516667 -0.295654
v 1.124671 0.909988 0.230583
v 2.055097 2.136175 0.644655
v 1.993757 1.595411 0.673078
v 2.232695 1.780488 0.701853
v 0.552739 0.723427 0.023213
v 0.790958 0.510020 -0.022585
v 1.124671 0.909988 0.230583
v 0.552739 0.723427 0.023213
v 1.124671 0.909988 0.230583
v 1.674657 1.732293 0.737251
v 2.088243 1.889038 0.404455
v 1.866659 1.499403 0.206898
v 1.996170 1.939624 0.182829
v 2.055097 2.136175 0.644655
v 1.674657 1.732293 0.737251
v 1.866750 1.647879 0.774040
v 1.866750 1.647879 0.774040
v 0.963518 0.516667 -0.295654
v 1.866659 1.499403 0.206898
v 2.006487 1.519384 0.456981
v -0.694072 0.630275 0.073246
v -0.496173 0.741078 0.165732
v -0.504451 0.412751 0.252451
v -0.833542 0.488941 0.216661
v -0.694072 0.630275 0.073246
v -0.504451 0.412751 0.252451
v -0.775112 0.458411 0.452562
v -0.833542 0.488941 0.216661
v -0.504451 0.412751 0.252451
v -0.577213 0.569213 0.545047
v -0.775112 0.458411 0.452562
v -0.504451 0.412751 0.252451
v -0.437744 0.710547 0.401632
v -0.577213 0.569213 0.545047
v -0.504451 0.412751 0.252451
v -0.496173 0.741078 0.165732
v -0.437744 0.710547 0.401632
v -0.504451 0.412751 0.252451
v -1.193107 1.734443 0.466916
v -1.340831 1.596051 0.271883
v -1.472573 1.836578 0.589966
v -0.854066 0.897836 0.635283
v -1.319980 1.628342 0.865524
v -1.290700 1.279472 0.885690
v -1.136104 1.671288 0.744952
v -1.053589 1.584415 0.563142
v -1.349313 1.752044 0.885292
v -1.646568 1.749051 0.791335
v -1.538715 1.809437 0.841738
v -1.472573 1.836578 0.589966
v -0.694072 0.630275 0.073246
v -0.833542 0.488941 0.216661
v -1.194247 0.955405 0.408169
v -1.553046 1.489750 0.717467
v -1.354698 1.241521 0.828696
v -1.646568 1.749051 0.791335
v -0.833542 0.488941 0.216661
v -0.775112 0.458411 0.452562
v -1.194247 0.955405 0.408169
v -1.325130 1.835206 0.598800
v -1.193107 1.734443 0.466916
v -1.472573 1.836578 0.589966
v -1.538715 1.809437 0.841738
v -1.325130 1.835206 0.598800
v -1.472573 1.836578 0.589966
v -0.577213 0.569213 0.545047
v -0.437744 0.710547 0.401632
v -0.854066 0.897836 0.635283
v -1.354698 1.241521 0.828696
v -1.290700 1.279472 0.885690
v -1.646568 1.749051 0.791335
v -0.775112 0.458411 0.452562
v -0.577213 0.569213 0.545047
v -0.854066 0.897836 0.635283
v -1.538715 1.809437 0.841738
v -1.349313 1.752044 0.885292
v -1.325130 1.835206 0.598800
v -1.325130 1.835206 0.598800
v -1.053589 1.584415 0.563142
v -1.193107 1.734443 0.466916
v -1.319980 1.628342 0.865524
v -1.349313 1.752044 0.885292
v -1.538715 1.809437 0.841738
v -1.349313 1.752044 0.885292
v -1.053589 1.584415 0.563142
v -1.325130 1.835206 0.598800
v -0.459444 0.612806 0.324413
v -0.294285 0.853172 0.274967
v -0.176376 0.534992 0.197907
v -0.294285 0.460265 0.516643
v -0.459444 0.612806 0.324413
v -0.176376 0.534992 0.197907
v -0.129126 0.700632 0.467197
v -0.294285 0.460265 0.516643
v -0.176376 0.534992 0.197907
v -0.294285 0.853172 0.274967
v -0.129126 0.700632 0.467197
v -0.176376 0.534992 0.197907
v -0.806481 1.523131 1.047787
v -1.113357 1.076512 1.139662
v -0.924890 1.307740 1.454201
v -0.499604 1.239700 1.404966
v -0.806481 1.523131 1.047787
v -0.924890 1.307740 1.454201
v -0.435320 0.603916 0.754554
v -0.499604 1.239700 1.404966
v -0.801652 1.001791 1.382082
v -0.459444 0.612806 0.324413
v -0.294285 0.460265 0.516643
v -0.435320 0.603916 0.754554
v -0.702593 0.490301 -0.824359
v -0.539201 0.607270 -0.964416
v -0.392766 0.480281 -0.685458
v -0.712175 0.535295 -0.583779
v -0.702593 0.490301 -0.824359
v -0.392766 0.480281 -0.685458
v -0.558362 0.697259 -0.483257
v -0.712175 0.535295 -0.583779
v -0.392766 0.480281 -0.685458
v -0.394970 0.814227 -0.623314
v -0.558362 0.697259 -0.483257
v -0.392766 0.480281 -0.685458
v -0.385389 0.769234 -0.863893
v -0.394970 0.814227 -0.623314
v -0.392766 0.480281 -0.685458
v -0.539201 0.607270 -0.964416
v -0.385389 0.769234 -0.863893
v -0.392766 0.480281 -0.685458
v -1.368007 1.520900 -1.168293
v -1.519694 1.300383 -1.082414
v -1.592037 1.711646 -1.037523
v -0.711929 1.114331 -0.670829
v -1.278641 1.787796 -0.841149
v -1.119440 1.591450 -0.598090
v -1.186873 1.696879 -1.024192
v -1.157791 1.491294 -1.089767
v -1.340413 1.880922 -0.904907
v -1.627294 1.838758 -0.790372
v -1.538247 1.902504 -0.866701
v -1.592037 1.711646 -1.037523
v -0.702593 0.490301 -0.824359
v -0.712175 0.535295 -0.583779
v -1.109733 1.007840 -0.638750
v -1.483635 1.614174 -0.688568
v -1.182241 1.530889 -0.563843
v -1.627294 1.838758 -0.790372
v -0.712175 0.535295 -0.583779
v -0.558362 0.697259 -0.483257
v -1.109733 1.007840 -0.638750
v -1.463666 1.700915 -1.109809
v -1.368007 1.520900 -1.168293
v -1.592037 1.711646 -1.037523
v -1.538247 1.902504 -0.866701
v -1.463666 1.700915 -1.109809
v -1.592037 1.711646 -1.037523
v -0.394970 0.814227 -0.623314
v -0.385389 0.769234 -0.863893
v -0.711929 1.114331 -0.670829
v -1.182241 1.530889 -0.563843
v -1.119440 1.591450 -0.598090
v -1.627294 1.838758 -0.790372
v -0.558362 0.697259 -0.483257
v -0.394970 0.814227 -0.623314
v -0.711929 1.114331 -0.670829
v -1.538247 1.902504 -0.866701
v -1.340413 1.880922 -0.904907
v -1.463666 1.700915 -1.109809
v -1.463666 1.700915 -1.109809
v -1.157791 1.491294 -1.089767
v -1.368007 1.520900 -1.168293
v -1.278641 1.787796 -0.841149
v -1.340413 1.880922 -0.904907
v -1.538247 1.902504 -0.866701
v -1.340413 1.880922 -0.904907
v -1.157791 1.491294 -1.089767
v -1.463666 1.700915 -1.109809
v -0.143611 0.637216 0.364098
v 0.040451 0.822882 0.225723
v 0.011488 0.490770 0.126013
v 0.040451 0.429976 0.467400
v -0.143611 0.637216 0.364098
v 0.011488 0.490770 0.126013
v 0.224512 0.615642 0.329025
v 0.040451 0.429976 0.467400
v 0.011488 0.490770 0.126013
v 0.040451 0.822882 0.225723
v 0.224512 0.615642 0.329025
v 0.011488 0.490770 0.126013
v 0.508263 1.168294 1.288880
v 0.166264 1.553361 1.096936
v 0.195349 1.351962 1.526096
v 0.075094 0.590291 0.732402
v 0.508263 1.168294 1.288880
v 0.176666 1.029636 1.427352
v -0.143611 0.637216 0.364098
v 0.040451 0.429976 0.467400
v 0.075094 0.590291 0.732402
v -0.143611 0.637216 0.364098
v 0.075094 0.590291 0.732402
v -0.167706 1.065589 1.106559
v -0.842255 0.361276 -0.191760
v -0.855934 0.511378 -0.477541
v -0.432170 0.464966 -0.339565
v -0.660003 0.482562 0.045857
v -0.842255 0.361276 -0.191760
v -0.432170 0.464966 -0.339565
v -0.491430 0.753949 -0.002305
v -0.660003 0.482562 0.045857
v -0.432170 0.464966 -0.339565
v -1.388636 1.478813 0.016957
v -0.491430 0.753949 -0.002305
v -0.432170 0.464966 -0.339565
v -0.687361 0.782767 -0.525704
v -1.388636 1.478813 0.016957
v -0.432170 0.464966 -0.339565
v -0.855934 0.511378 -0.477541
v -0.687361 0.782767 -0.525704
v -0.432170 0.464966 -0.339565
v -2.272252 1.382786 0.143789
v -2.122608 1.109075 0.278193
v -2.351531 1.865219 0.367509
v -1.388636 1.478813 0.016957
v -1.838542 1.850997 0.353715
v -1.824006 1.658944 0.549312
v -2.037243 1.409520 0.523232
v -1.824006 1.658944 0.549312
v -2.351531 1.865219 0.367509
v -0.842255 0.361276 -0.191760
v -0.660003 0.482562 0.045857
v -1.251215 0.965160 0.339726
v -1.251215 0.965160 0.339726
v -0.491430 0.753949 -0.002305
v -1.824006 1.658944 0.549312
v -0.660003 0.482562 0.045857
v -0.491430 0.753949 -0.002305
v -1.251215 0.965160 0.339726
v -1.798841 1.539482 -0.105049
v -0.855934 0.511378 -0.477541
v -2.272252 1.382786 0.143789
v -2.229800 1.747847 0.133100
v -2.272252 1.382786 0.143789
v -2.351531 1.865219 0.367509
v -1.838542 1.850997 0.353715
v -2.229800 1.747847 0.133100
v -2.351531 1.865219 0.367509
v -0.491430 0.753949 -0.002305
v -1.388636 1.478813 0.016957
v -1.824006 1.658944 0.549312
v -1.388636 1.478813 0.016957
v -0.687361 0.782767 -0.525704
v -1.798841 1.539482 -0.105049
v -2.229800 1.747847 0.133100
v -1.798841 1.539482 -0.105049
v -2.272252 1.382786 0.143789
v -2.351531 1.865219 0.367509
v -1.824006 1.658944 0.549312
v -1.838542 1.850997 0.353715
v -0.687361 0.782767 -0.525704
v -1.388636 1.478813 0.016957
v -1.798841 1.539482 -0.105049
v -0.397645 0.528902 -0.230263
v -0.263299 0.710187 -0.134965
v -0.042365 0.400063 -0.171254
v -0.410610 0.312805 -0.115681
v -0.397645 0.528902 -0.230263
v -0.042365 0.400063 -0.171254
v -0.289227 0.277993 0.094198
v -0.410610 0.312805 -0.115681
v -0.042365 0.400063 -0.171254
v -0.154879 0.459277 0.189496
v -0.289227 0.277993 0.094198
v -0.042365 0.400063 -0.171254
v -0.141916 0.675375 0.074915
v -0.154879 0.459277 0.189496
v -0.042365 0.400063 -0.171254
v -0.263299 0.710187 -0.134965
v -0.141916 0.675375 0.074915
v -0.042365 0.400063 -0.171254
v -1.505838 1.209692 0.666505
v -1.594928 1.044000 0.450341
v -1.812594 1.145486 0.878915
v -0.611679 0.603358 0.454128
v -1.479513 0.992101 1.043333
v -1.222770 0.692181 0.926664
v -1.356498 1.138638 0.905914
v -1.257885 1.129286 0.678588
v -1.583241 1.085071 1.114800
v -1.881633 0.951645 1.077320
v -1.808415 1.050444 1.129256
v -1.812594 1.145486 0.878915
v -0.397645 0.528902 -0.230263
v -0.410610 0.312805 -0.115681
v -1.015967 0.523368 0.316329
v -1.640188 0.777369 0.889504
v -1.270163 0.635812 0.868368
v -1.881633 0.951645 1.077320
v -0.410610 0.312805 -0.115681
v -0.289227 0.277993 0.094198
v -1.015967 0.523368 0.316329
v -1.670154 1.214901 0.859225
v -1.505838 1.209692 0.666505
v -1.812594 1.145486 0.878915
v -1.808415 1.050444 1.129256
v -1.670154 1.214901 0.859225
v -1.812594 1.145486 0.878915
v -0.154879 0.459277 0.189496
v -0.141916 0.675375 0.074915
v -0.611679 0.603358 0.454128
v -1.270163 0.635812 0.868368
v -1.222770 0.692181 0.926664
v -1.881633 0.951645 1.077320
v -0.289227 0.277993 0.094198
v -0.154879 0.459277 0.189496
v -0.611679 0.603358 0.454128
v -1.808415 1.050444 1.129256
v -1.583241 1.085071 1.114800
v -1.670154 1.214901 0.859225
v -1.670154 1.214901 0.859225
v -1.257885 1.129286 0.678588
v -1.505838 1.209692 0.666505
v -1.479513 0.992101 1.043333
v -1.583241 1.085071 1.114800
v -1.808415 1.050444 1.129256
v -1.583241 1.085071 1.114800
v -1.257885 1.129286 0.678588
v -1.670154 1.214901 0.859225
v -0.376226 0.551714 0.641363
v -0.559886 0.432763 0.753031
v -0.400257 0.442146 0.579567
v -0.376226 0.551714 0.641363
v -0.400257 0.442146 0.579567
v -0.512348 0.429257 0.439382
v -0.529488 0.682734 0.640255
v -0.548374 0.561997 0.448422
v -0.693494 0.442204 0.610129
v -0.548374 0.561997 0.448422
v -0.512348 0.429257 0.439382
v -0.586098 0.694213 0.683885
v -0.090312 0.439886 0.876169
v -0.068043 0.436246 0.827250
v -0.097396 0.488867 0.804235
v -0.322550 0.439886 0.812513
v -0.351480 0.541978 0.757164
v -0.319635 0.488867 0.752452
v -0.203753 0.625634 0.686032
v -0.116117 0.715229 0.585857
v -0.195945 0.715229 0.524521
v -0.204620 0.426501 0.868321
v -0.232211 0.541978 0.789856
v -0.288298 0.426501 0.845386
v -0.090312 0.439886 0.876169
v -0.097396 0.488867 0.804235
v -0.086911 0.541978 0.806170
v -0.322550 0.439886 0.812513
v -0.319635 0.488867 0.752452
v -0.349542 0.436246 0.750093
v 0.329510 0.561429 0.793115
v 0.057350 0.393775 0.660050
v 0.384577 0.406999 0.717613
v 0.329510 0.561429 0.793115
v 0.384577 0.406999 0.717613
v 0.465727 0.388834 0.478004
v 0.214301 0.746094 0.610384
v 0.427607 0.575922 0.442121
v 0.125362 0.407083 0.392838
v 0.427607 0.575922 0.442121
v 0.465727 0.388834 0.478004
v 0.119481 0.762270 0.576371
v 0.648714 0.641262 0.333145
v 0.809502 0.789555 0.134011
v 0.752255 0.540639 0.169558
v 0.809502 0.396649 0.375688
v 0.648714 0.641262 0.333145
v 0.752255 0.540639 0.169558
v 0.970290 0.544942 0.176554
v 0.809502 0.396649 0.375688
v 0.752255 0.540639 0.169558
v 0.809502 0.789555 0.134011
v 0.970290 0.544942 0.176554
v 0.752255 0.540639 0.169558
v 1.167110 0.758199 0.551859
v 1.058180 1.158632 0.417674
v 1.115669 0.873683 0.711005
v 0.877977 0.457450 0.478907
v 1.167110 0.758199 0.551859
v 1.068268 0.630373 0.740720
v 0.648714 0.641262 0.333145
v 0.809502 0.396649 0.375688
v 0.877977 0.457450 0.478907
v 0.648714 0.641262 0.333145
v 0.877977 0.457450 0.478907
v 0.731747 0.822635 0.674048
v 0.304007 0.714999 0.210328
v 0.529750 0.698538 0.116712
v 0.346441 0.422026 0.043736
v 0.209682 0.527310 0.336309
v 0.304007 0.714999 0.210328
v 0.346441 0.422026 0.043736
v 0.341101 0.323163 0.368673
v 0.209682 0.527310 0.336309
v 0.346441 0.422026 0.043736
v 0.566844 0.306702 0.275057
v 0.341101 0.323163 0.368673
v 0.346441 0.422026 0.043736
v 0.661169 0.494390 0.149077
v 0.566844 0.306702 0.275057
v 0.346441 0.422026 0.043736
v 0.529750 0.698538 0.116712
v 0.661169 0.494390 0.149077
v 0.346441 0.422026 0.043736
v 1.002465 1.170403 1.173637
v 0.730816 1.242640 1.174646
v 0.991224 1.167248 1.495410
v 0.694421 0.474035 0.660423
v 1.070680 0.810268 1.401437
v 0.858361 0.567817 1.263189
v 1.132695 0.913349 1.212438
v 1.022091 0.988376 1.040541
v 1.150084 0.877445 1.477170
v 0.945711 0.973179 1.692260
v 1.068738 0.964208 1.641240
v 0.991224 1.167248 1.495410
v 0.304007 0.714999 0.210328
v 0.209682 0.527310 0.336309
v 0.440269 0.713767 0.880769
v 0.779055 0.854195 1.493491
v 0.769904 0.592368 1.282081
v 0.945711 0.973179 1.692260
v 0.209682 0.527310 0.336309
v 0.341101 0.323163 0.368673
v 0.440269 0.713767 0.880769
v 1.071111 1.146639 1.372884
v 1.002465 1.170403 1.173637
v 0.991224 1.167248 1.495410
v 1.068738 0.964208 1.641240
v 1.071111 1.146639 1.372884
v 0.991224 1.167248 1.495410
v 0.566844 0.306702 0.275057
v 0.661169 0.494390 0.149077
v 0.694421 0.474035 0.660423
v 0.769904 0.592368 1.282081
v 0.858361 0.567817 1.263189
v 0.945711 0.973179 1.692260
v 0.341101 0.323163 0.368673
v 0.566844 0.306702 0.275057
v 0.694421 0.474035 0.660423
v 1.068738 0.964208 1.641240
v 1.150084 0.877445 1.477170
v 1.071111 1.146639 1.372884
v 1.071111 1.146639 1.372884
v 1.022091 0.988376 1.040541
v 1.002465 1.170403 1.173637
v 1.070680 0.810268 1.401437
v 1.150084 0.877445 1.477170
v 1.068738 0.964208 1.641240
v 1.150084 0.877445 1.477170
v 1.022091 0.988376 1.040541
v 1.071111 1.146639 1.372884
v 0.012471 0.876597 -0.884626
v -0.291946 0.848644 -0.996765
v -0.916592 4.433090 -0.258193
v -0.552197 4.301579 -0.248835
v -0.291946 0.848644 -0.996765
v -0.587874 0.771977 -0.884626
v -1.130055 3.601828 -0.294438
v -0.916592 4.433090 -0.258193
v -0.587874 0.771977 -0.884626
v -0.701961 0.691504 -0.613899
v -1.262230 3.508597 0.019210
v -1.130055 3.601828 -0.294438
v -0.701961 0.691504 -0.613899
v -0.567378 0.654367 -0.343173
v -1.127468 3.488946 0.400370
v -1.262230 3.508597 0.019210
v -0.580396 2.503870 0.240292
v -0.664678 3.632559 0.451663
v -0.910020 4.395373 0.547342
v -1.127468 3.488946 0.400370
v -0.070744 2.124302 -0.326575
v -0.418430 4.130417 -0.054891
v -0.553755 4.531913 0.214667
v -0.500845 4.368777 0.352888
v -0.567378 0.654367 -0.343173
v -0.262961 0.682319 -0.231034
v -0.580396 2.503870 0.240292
v -1.127468 3.488946 0.400370
v -0.553755 4.531913 0.214667
v -0.418430 4.130417 -0.054891
v -0.552197 4.301579 -0.248835
v -0.991042 4.860308 0.302551
v -0.540168 4.329217 0.499022
v -0.500845 4.368777 0.352888
v -0.553755 4.531913 0.214667
v -0.991042 4.860308 0.302551
v 0.762386 1.182274 -0.933231
v 0.466567 1.198844 -1.053006
v 0.466567 3.438600 -0.689131
v 0.762386 3.352860 -0.594748
v 0.466567 1.198844 -1.053006
v 0.170748 1.182274 -0.933231
v 0.170748 3.970410 -0.509316
v 0.466567 3.438600 -0.689131
v 0.170748 1.182274 -0.933231
v 0.048216 1.142271 -0.644069
v 0.048216 3.763416 -0.281457
v 0.170748 3.970410 -0.509316
v 0.884918 2.203652 -0.497236
v 0.883550 3.510917 -0.416396
v 0.663498 4.080045 -0.237654
v 0.856079 3.547075 -0.168721
v 0.663498 4.080045 -0.237654
v 0.883550 3.510917 -0.416396
v 0.762386 3.352860 -0.594748
v 0.466567 4.373040 -0.197121
v 0.762386 3.556421 -0.053597
v 0.856079 3.547075 -0.168721
v 0.663498 4.080045 -0.237654
v 0.466567 4.373040 -0.197121
v 0.762386 1.102268 -0.354908
v 0.540522 1.097858 -0.323023
v 0.466567 0.996570 -0.351653
v 0.466567 0.729185 -0.701216
v 0.466567 2.996114 0.015651
v 0.762386 1.102268 -0.354908
v 0.762386 3.556421 -0.053597
v 0.466567 3.247760 0.009945
v 0.466567 0.996570 -0.351653
v 0.392612 1.097858 -0.323023
v 0.170748 1.102268 -0.354908
v 0.466567 0.729185 -0.701216
v 0.170748 1.102268 -0.354908
v 0.392612 1.097858 -0.323023
v 0.466567 2.996114 0.015651
v 0.170748 2.171206 -0.235680
v 0.303448 3.997103 -0.133117
v 0.345490 3.283330 -0.012244
v 0.466567 3.247760 0.009945
v 0.466567 4.373040 -0.197121
v 0.048216 3.763416 -0.281457
v 0.051814 3.587771 -0.225593
v 0.303448 3.997103 -0.133117
v 0.466567 4.373040 -0.197121
v 0.170748 2.171206 -0.235680
v 0.466567 2.996114 0.015651
v 0.466567 3.247760 0.009945
v 0.345490 3.283330 -0.012244
v 1.038390 0.691205 -0.769719
v 0.742736 0.821500 -0.769719
v 1.607608 2.783985 -0.422035
v 1.694907 2.180912 -0.505795
v 0.706621 0.739551 -0.217320
v 1.002275 0.609255 -0.217320
v 1.664158 2.111138 0.048761
v 1.368504 2.241433 0.048761
v 1.002275 0.609255 -0.217320
v 1.168160 0.585083 -0.493520
v 2.027224 2.534390 -0.057012
v 1.664158 2.111138 0.048761
v 1.168160 0.585083 -0.493520
v 1.038390 0.691205 -0.769719
v 1.694907 2.180912 -0.505795
v 2.027224 2.534390 -0.057012
v 1.326062 2.347799 0.018541
v 1.580759 2.923354 -0.051288
v 1.485816 2.808063 -0.254979
v 0.887118 1.576223 -0.296487
v 1.368504 2.241433 0.048761
v 1.664158 2.111138 0.048761
v 1.823925 2.655936 0.011052
v 1.662797 2.726946 0.011052
v 1.580759 2.923354 -0.051288
v 1.326062 2.347799 0.018541
v 1.662797 2.726946 0.011052
v 1.916520 3.084354 -0.073820
v 1.607608 2.783985 -0.422035
v 1.485816 2.808063 -0.254979
v 1.580759 2.923354 -0.051288
v 1.916520 3.084354 -0.073820
v 0.887118 1.576223 -0.296487
v 0.706621 0.739551 -0.217320
v 1.368504 2.241433 0.048761
v 1.326062 2.347799 0.018541
v 0.742736 0.821500 -0.769719
v 0.887118 1.576223 -0.296487
v 1.485816 2.808063 -0.254979
v 1.607608 2.783985 -0.422035
v -0.443530 0.835733 -0.499753
v -0.733371 0.698493 -0.539063
v -1.683045 2.639458 -0.313205
v -1.164419 2.309104 -0.328306
v -1.599335 2.139907 0.141852
v -1.854209 2.710213 0.037928
v -1.802657 2.563210 -0.160889
v -1.266519 1.302519 -0.132483
v -0.780199 1.245911 0.106589
v -1.182396 2.364339 0.197534
v -1.422492 2.557217 0.178539
v -1.396023 2.157767 0.232232
v -1.854209 2.710213 0.037928
v -1.599335 2.139907 0.141852
v -1.662380 2.642889 0.126597
v -1.752889 3.069138 0.029432
v -1.683045 2.639458 -0.313205
v -1.802657 2.563210 -0.160889
v -1.854209 2.710213 0.037928
v -1.752889 3.069138 0.029432
v -1.266519 1.302519 -0.132483
v -0.769487 0.616544 0.013336
v -1.496268 2.101956 0.186184
v -1.599335 2.139907 0.141852
v -0.733371 0.698493 -0.539063
v -1.266519 1.302519 -0.132483
v -1.802657 2.563210 -0.160889
v -1.683045 2.639458 -0.313205
v -1.255717 2.653173 0.139460
v -1.245215 2.670650 0.001010
v -1.469168 2.817467 0.090051
v -1.376761 2.707747 0.133949
v -0.769487 0.616544 0.013336
v -0.780199 1.245911 0.106589
v -1.396023 2.157767 0.232232
v -1.496268 2.101956 0.186184
v 0.444155 0.580966 -0.975773
v 0.128951 0.573789 -1.046368
v 0.171840 2.074045 -1.454730
v 0.476711 2.200456 -1.285757
v -0.029569 2.374730 -0.895712
v 0.020519 2.308819 -1.172628
v 0.016621 2.103117 -1.319147
v -0.098963 1.435395 -0.904622
v 0.280303 1.251152 -0.559544
v 0.436468 2.408011 -0.800800
v 0.316338 2.669410 -0.912373
v 0.149168 2.330609 -0.769500
v 0.020519 2.308819 -1.172628
v -0.029569 2.374730 -0.895712
v 0.149776 2.829051 -1.032189
v 0.277122 2.572054 -1.236085
v 0.171840 2.074045 -1.454730
v 0.016621 2.103117 -1.319147
v 0.020519 2.308819 -1.172628
v 0.277122 2.572054 -1.236085
v -0.098963 1.435395 -0.904622
v 0.006545 0.678819 -0.510505
v 0.039367 2.311545 -0.823022
v -0.029569 2.374730 -0.895712
v 0.128951 0.573789 -1.046368
v -0.098963 1.435395 -0.904622
v 0.016621 2.103117 -1.319147
v 0.171840 2.074045 -1.454730
v 0.511461 2.670240 -0.934162
v 0.541996 2.007473 -1.067495
v 0.465327 2.455302 -1.132691
v 0.430711 2.766543 -0.977352
v 0.039367 2.311545 -0.823022
v 0.149168 2.330609 -0.769500
v 0.006545 0.678819 -0.510505
v 0.280303 1.251152 -0.559544
v 0.149168 2.330609 -0.769500
v 0.039367 2.311545 -0.823022
v 0.316338 2.669410 -0.912373
v 0.434703 2.732907 -0.959618
v 0.430711 2.766543 -0.977352
v 0.321558 2.832961 -0.993715
v 0.575571 0.820676 -0.427915
v 0.260369 0.813499 -0.498510
v 0.101282 2.278780 -0.001511
v 0.396842 2.328055 0.216879
v -0.106366 2.189921 0.624958
v -0.062775 2.295819 0.359588
v -0.049248 2.207531 0.123329
v -0.062326 1.413836 0.092983
v 0.353368 1.119590 0.286591
v 0.356459 2.224419 0.734094
v 0.200188 2.177767 0.783893
v 0.082546 2.106561 0.709732
v -0.062775 2.295819 0.359588
v -0.106366 2.189921 0.624958
v 0.009738 2.662107 0.769035
v 0.156664 2.580333 0.459901
v 0.101282 2.278780 -0.001511
v -0.049248 2.207531 0.123329
v -0.062775 2.295819 0.359588
v 0.156664 2.580333 0.459901
v -0.062326 1.413836 0.092983
v 0.153469 0.586799 0.001833
v -0.026722 2.106498 0.651898
v -0.106366 2.189921 0.624958
v 0.260369 0.813499 -0.498510
v -0.062326 1.413836 0.092983
v -0.049248 2.207531 0.123329
v 0.101282 2.278780 -0.001511
v 0.392432 2.523588 0.771199
v 0.495888 2.056698 0.292367
v 0.330026 2.496599 0.429920
v 0.298574 2.616352 0.786892
v 0.153469 0.586799 0.001833
v 0.353368 1.119590 0.286591
v 0.082546 2.106561 0.709732
v -0.026722 2.106498 0.651898
v 0.200188 2.177767 0.783893
v 0.181521 2.666018 0.807508
v 0.200188 2.177767 0.783893
v 0.181521 2.666018 0.807508
v 0.125562 0.927960 -0.305705
v -0.171208 0.924086 -0.424206
v -0.803125 2.348318 0.895888
v -0.488884 2.310789 0.955994
v -0.171208 0.924086 -0.424206
v -0.440598 0.764831 -0.359430
v -1.225989 2.422987 1.309048
v -0.803125 2.348318 0.895888
v -0.440598 0.764831 -0.359430
v -0.524805 0.543486 -0.149324
v -1.232125 2.435320 1.560223
v -1.225989 2.422987 1.309048
v -0.010549 1.540247 0.618901
v -0.403773 2.374011 1.201414
v -0.760377 2.670259 1.636557
v -0.421493 2.261860 1.426165
v -0.760377 2.670259 1.636557
v -0.403773 2.374011 1.201414
v -0.488884 2.310789 0.955994
v -1.080854 2.701535 1.869033
v -0.505077 2.181477 1.519285
v -0.421493 2.261860 1.426165
v -0.760377 2.670259 1.636557
v -1.080854 2.701535 1.869033
v 0.191660 0.552841 0.136759
v -0.017006 0.470986 0.141007
v -0.061548 0.385362 0.055962
v -0.012997 0.360688 -0.380756
v -0.594280 1.779718 1.436199
v 0.191660 0.552841 0.136759
v -0.505077 2.181477 1.519285
v -0.665247 1.983164 1.566322
v -0.061548 0.385362 0.055962
v -0.158546 0.430204 0.127577
v -0.374501 0.389712 0.083035
v -0.012997 0.360688 -0.380756
v -0.374501 0.389712 0.083035
v -0.158546 0.430204 0.127577
v -0.594280 1.779718 1.436199
v -0.665119 1.176655 0.756167
v -0.665119 1.176655 0.756167
v -0.594280 1.779718 1.436199
v -0.665247 1.983164 1.566322
v -0.792757 1.990052 1.555774
v 0.577134 0.666120 -0.064335
v 0.322169 0.734679 -0.058835
v 0.625131 1.865974 0.435798
v 0.816320 1.903357 0.520988
v 0.555718 1.778146 0.968468
v 0.566927 1.878230 0.754775
v 0.515531 1.829808 0.560783
v 0.317418 1.214332 0.501502
v 0.566927 1.878230 0.754775
v 0.555718 1.778146 0.968468
v 0.803040 1.980848 1.132034
v 0.754527 1.928048 0.843625
v 0.625131 1.865974 0.435798
v 0.515531 1.829808 0.560783
v 0.566927 1.878230 0.754775
v 0.754527 1.928048 0.843625
v 0.317418 1.214332 0.501502
v 0.275920 0.530076 0.347626
v 0.506133 1.284488 0.923868
v 0.555718 1.778146 0.968468
v 0.322169 0.734679 -0.058835
v 0.317418 1.214332 0.501502
v 0.515531 1.829808 0.560783
v 0.625131 1.865974 0.435798
v 1.039473 1.918510 1.002466
v 0.927115 1.578771 0.580679
v 0.925750 1.944719 0.743085
v 0.991844 2.009548 1.037704
v 0.275920 0.530076 0.347626
v 0.601332 0.876152 0.559391
v 0.659466 1.267138 0.967813
v 0.506133 1.284488 0.923868
v 0.659466 1.267138 0.967813
v 0.803040 1.980848 1.132034
v 0.897858 0.736721 -0.522928
v 0.659638 0.950127 -0.477131
v 1.676876 1.987906 0.077494
v 1.996170 1.939624 0.182829
v 1.626197 1.892760 0.734652
v 1.664073 2.010898 0.473607
v 1.555215 1.999375 0.245982
v 0.994366 1.438365 0.204031
v 1.124671 0.909988 0.230583
v 1.993757 1.595411 0.673078
v 1.866750 1.647879 0.774040
v 1.674657 1.732293 0.737251
v 1.676876 1.987906 0.077494
v 1.555215 1.999375 0.245982
v 1.664073 2.010898 0.473607
v 2.055097 2.136175 0.644655
v 0.994366 1.438365 0.204031
v 0.552739 0.723427 0.023213
v 1.674657 1.732293 0.737251
v 1.626197 1.892760 0.734652
v 0.659638 0.950127 -0.477131
v 0.994366 1.438365 0.204031
v 1.555215 1.999375 0.245982
v 1.676876 1.987906 0.077494
v 0.897858 0.736721 -0.522928
v 1.996170 1.939624 0.182829
v 2.232695 1.780488 0.701853
v 1.866659 1.499403 0.206898
v 2.088243 1.889038 0.404455
v 2.055097 2.136175 0.644655
v -0.496173 0.741078 0.165732
v -0.694072 0.630275 0.073246
v -1.340831 1.596051 0.271883
v -1.193107 1.734443 0.466916
v -1.553046 1.489750 0.717467
v -1.514355 1.566817 0.516037
v -1.439552 1.502524 0.351913
v -1.194247 0.955405 0.408169
v -1.514355 1.566817 0.516037
v -1.553046 1.489750 0.717467
v -1.646568 1.749051 0.791335
v -1.472573 1.836578 0.589966
v -1.340831 1.596051 0.271883
v -1.439552 1.502524 0.351913
v -1.514355 1.566817 0.516037
v -1.472573 1.836578 0.589966
v -1.194247 0.955405 0.408169
v -0.775112 0.458411 0.452562
v -1.354698 1.241521 0.828696
v -1.553046 1.489750 0.717467
v -0.694072 0.630275 0.073246
v -1.194247 0.955405 0.408169
v -1.439552 1.502524 0.351913
v -1.340831 1.596051 0.271883
v -0.775112 0.458411 0.452562
v -0.854066 0.897836 0.635283
v -1.290700 1.279472 0.885690
v -1.354698 1.241521 0.828696
v -1.319980 1.628342 0.865524
v -1.538715 1.809437 0.841738
v -0.294285 0.853172 0.274967
v -0.459444 0.612806 0.324413
v -1.113357 1.076512 1.139662
v -0.806481 1.523131 1.047787
v -0.129126 0.700632 0.467197
v -0.294285 0.853172 0.274967
v -0.806481 1.523131 1.047787
v -0.499604 1.239700 1.404966
v -0.435320 0.603916 0.754554
v -0.801652 1.001791 1.382082
v -0.907468 1.183967 1.423456
v -0.955090 0.960994 1.315756
v -0.907468 1.183967 1.423456
v -0.801652 1.001791 1.382082
v -0.499604 1.239700 1.404966
v -0.924890 1.307740 1.454201
v -1.113357 1.076512 1.139662
v -0.955090 0.960994 1.315756
v -0.907468 1.183967 1.423456
v -0.924890 1.307740 1.454201
v -0.459444 0.612806 0.324413
v -0.435320 0.603916 0.754554
v -0.955090 0.960994 1.315756
v -1.113357 1.076512 1.139662
v -0.294285 0.460265 0.516643
v -0.129126 0.700632 0.467197
v -0.499604 1.239700 1.404966
v -0.435320 0.603916 0.754554
v -0.539201 0.607270 -0.964416
v -0.702593 0.490301 -0.824359
v -1.519694 1.300383 -1.082414
v -1.368007 1.520900 -1.168293
v -1.483635 1.614174 -0.688568
v -1.558745 1.496265 -0.857288
v -1.537349 1.319108 -0.926736
v -1.109733 1.007840 -0.638750
v -1.558745 1.496265 -0.857288
v -1.483635 1.614174 -0.688568
v -1.627294 1.838758 -0.790372
v -1.592037 1.711646 -1.037523
v -1.519694 1.300383 -1.082414
v -1.537349 1.319108 -0.926736
v -1.558745 1.496265 -0.857288
v -1.592037 1.711646 -1.037523
v -1.109733 1.007840 -0.638750
v -0.558362 0.697259 -0.483257
v -1.182241 1.530889 -0.563843
v -1.483635 1.614174 -0.688568
v -0.702593 0.490301 -0.824359
v -1.109733 1.007840 -0.638750
v -1.537349 1.319108 -0.926736
v -1.519694 1.300383 -1.082414
v -0.558362 0.697259 -0.483257
v -0.711929 1.114331 -0.670829
v -1.119440 1.591450 -0.598090
v -1.182241 1.530889 -0.563843
v -1.278641 1.787796 -0.841149
v -1.538247 1.902504 -0.866701
v 0.224512 0.615642 0.329025
v 0.040451 0.822882 0.225723
v 0.166264 1.553361 1.096936
v 0.508263 1.168294 1.288880
v -0.167706 1.065589 1.106559
v -0.030110 1.178213 1.402446
v -0.072196 1.333696 1.428594
v -0.057100 1.423223 1.298580
v 0.075094 0.590291 0.732402
v 0.176666 1.029636 1.427352
v 0.159945 1.231005 1.499929
v 0.005666 1.039657 1.443643
v 0.159945 1.231005 1.499929
v 0.176666 1.029636 1.427352
v 0.508263 1.168294 1.288880
v 0.195349 1.351962 1.526096
v 0.040451 0.429976 0.467400
v 0.224512 0.615642 0.329025
v 0.508263 1.168294 1.288880
v 0.075094 0.590291 0.732402
v -0.167706 1.065589 1.106559
v 0.075094 0.590291 0.732402
v 0.005666 1.039657 1.443643
v -0.030110 1.178213 1.402446
v 0.166264 1.553361 1.096936
v -0.057100 1.423223 1.298580
v -0.072196 1.333696 1.428594
v 0.195349 1.351962 1.526096
v -0.855934 0.511378 -0.477541
v -0.842255 0.361276 -0.191760
v -2.122608 1.109075 0.278193
v -2.272252 1.382786 0.143789
v -1.824006 1.658944 0.549312
v -2.037243 1.409520 0.523232
v -2.011383 1.171539 0.442656
v -1.251215 0.965160 0.339726
v -2.122608 1.109075 0.278193
v -2.011383 1.171539 0.442656
v -2.037243 1.409520 0.523232
v -2.351531 1.865219 0.367509
v -0.842255 0.361276 -0.191760
v -1.251215 0.965160 0.339726
v -2.011383 1.171539 0.442656
v -2.122608 1.109075 0.278193
v -0.263299 0.710187 -0.134965
v -0.397645 0.528902 -0.230263
v -1.594928 1.044000 0.450341
v -1.505838 1.209692 0.666505
v -1.640188 0.777369 0.889504
v -1.692726 0.895827 0.712694
v -1.612521 0.900138 0.512728
v -1.015967 0.523368 0.316329
v -1.692726 0.895827 0.712694
v -1.640188 0.777369 0.889504
v -1.881633 0.951645 1.077320
v -1.812594 1.145486 0.878915
v -1.594928 1.044000 0.450341
v -1.612521 0.900138 0.512728
v -1.692726 0.895827 0.712694
v -1.812594 1.145486 0.878915
v -1.015967 0.523368 0.316329
v -0.289227 0.277993 0.094198
v -1.270163 0.635812 0.868368
v -1.640188 0.777369 0.889504
v -0.397645 0.528902 -0.230263
v -1.015967 0.523368 0.316329
v -1.612521 0.900138 0.512728
v -1.594928 1.044000 0.450341
v -0.289227 0.277993 0.094198
v -0.611679 0.603358 0.454128
v -1.222770 0.692181 0.926664
v -1.270163 0.635812 0.868368
v -1.479513 0.992101 1.043333
v -1.808415 1.050444 1.129256
v -0.556403 0.688224 0.513695
v -0.662989 0.704792 0.613920
v -0.662989 0.704792 0.613920
v -0.693494 0.442204 0.610129
v -0.559886 0.432763 0.753031
v -0.586098 0.694213 0.683885
v -0.559886 0.432763 0.753031
v -0.693494 0.442204 0.610129
v -0.512348 0.429257 0.439382
v -0.400257 0.442146 0.579567
v -0.662989 0.704792 0.613920
v -0.586098 0.694213 0.683885
v -0.529488 0.682734 0.640255
v -0.556403 0.688224 0.513695
v -0.529488 0.682734 0.640255
v -0.556403 0.688224 0.513695
v -0.090312 0.439886 0.876169
v -0.086911 0.541978 0.806170
v -0.149649 0.541978 0.788973
v -0.124937 0.426501 0.890162
v -0.040292 0.436246 0.658486
v -0.050597 0.436246 0.655662
v -0.097752 0.544014 0.664146
v -0.055521 0.537673 0.675721
v -0.104406 0.583623 0.745807
v -0.024458 0.625634 0.711663
v -0.121192 0.625634 0.685149
v -0.167144 0.583623 0.728611
v -0.331601 0.436246 0.684638
v -0.292527 0.505039 0.708430
v -0.293286 0.521354 0.656316
v -0.313502 0.436246 0.618606
v -0.103881 0.505039 0.751006
v -0.067315 0.436246 0.757078
v -0.049217 0.436246 0.691045
v -0.065151 0.521354 0.709716
v -0.009413 0.667657 0.659716
v -0.106897 0.683984 0.632996
v -0.283946 0.537673 0.622241
v -0.304578 0.436246 0.586046
v -0.040292 0.436246 0.658486
v -0.055521 0.537673 0.675721
v -0.119923 0.436246 0.599745
v -0.199752 0.436246 0.538409
v -0.195649 0.556147 0.572246
v -0.130761 0.556147 0.622103
v -0.304578 0.436246 0.586046
v -0.283946 0.537673 0.622241
v -0.308727 0.667657 0.601188
v -0.323023 0.625634 0.653341
v -0.224381 0.583623 0.714346
v -0.301286 0.583623 0.715356
v -0.351480 0.541978 0.757164
v -0.322550 0.439886 0.812513
v -0.301286 0.583623 0.715356
v -0.292527 0.505039 0.708430
v -0.293286 0.521354 0.656316
v -0.323023 0.625634 0.653341
v -0.283946 0.537673 0.622241
v -0.308727 0.667657 0.601188
v -0.195649 0.556147 0.572246
v -0.283946 0.537673 0.622241
v -0.308727 0.667657 0.601188
v -0.195945 0.715229 0.524521
v -0.130761 0.556147 0.622103
v -0.116117 0.715229 0.585857
v -0.097752 0.544014 0.664146
v -0.106897 0.683984 0.632996
v -0.055521 0.537673 0.675721
v -0.009413 0.667657 0.659716
v -0.024458 0.625634 0.711663
v -0.065151 0.521354 0.709716
v -0.055521 0.537673 0.675721
v -0.009413 0.667657 0.659716
v -0.104406 0.583623 0.745807
v -0.103881 0.505039 0.751006
v 0.344038 0.753830 0.482219
v 0.144056 0.777181 0.431924
v 0.144056 0.777181 0.431924
v 0.125362 0.407083 0.392838
v 0.057350 0.393775 0.660050
v 0.119481 0.762270 0.576371
v 0.057350 0.393775 0.660050
v 0.125362 0.407083 0.392838
v 0.465727 0.388834 0.478004
v 0.384577 0.406999 0.717613
v 0.144056 0.777181 0.431924
v 0.119481 0.762270 0.576371
v 0.214301 0.746094 0.610384
v 0.344038 0.753830 0.482219
v 0.214301 0.746094 0.610384
v 0.344038 0.753830 0.482219
v 0.970290 0.544942 0.176554
v 0.809502 0.789555 0.134011
v 1.058180 1.158632 0.417674
v 1.167110 0.758199 0.551859
v 0.731747 0.822635 0.674048
v 0.891720 0.811056 0.768011
v 0.867023 0.945881 0.760575
v 0.872636 1.050671 0.655374
v 0.877977 0.457450 0.478907
v 1.068268 0.630373 0.740720
v 1.073822 0.786345 0.739494
v 0.918890 0.675115 0.813461
v 1.073822 0.786345 0.739494
v 1.068268 0.630373 0.740720
v 1.167110 0.758199 0.551859
v 1.115669 0.873683 0.711005
v 0.809502 0.396649 0.375688
v 0.970290 0.544942 0.176554
v 1.167110 0.758199 0.551859
v 0.877977 0.457450 0.478907
v 0.731747 0.822635 0.674048
v 0.877977 0.457450 0.478907
v 0.918890 0.675115 0.813461
v 0.891720 0.811056 0.768011
v 1.058180 1.158632 0.417674
v 0.872636 1.050671 0.655374
v 0.867023 0.945881 0.760575
v 1.115669 0.873683 0.711005
v 0.529750 0.698538 0.116712
v 0.304007 0.714999 0.210328
v 0.730816 1.242640 1.174646
v 1.002465 1.170403 1.173637
v 0.779055 0.854195 1.493491
v 0.747427 1.053520 1.408170
v 0.657380 1.130314 1.257639
v 0.440269 0.713767 0.880769
v 0.747427 1.053520 1.408170
v 0.779055 0.854195 1.493491
v 0.945711 0.973179 1.692260
v 0.991224 1.167248 1.495410
v 0.730816 1.242640 1.174646
v 0.657380 1.130314 1.257639
v 0.747427 1.053520 1.408170
v 0.991224 1.167248 1.495410
v 0.440269 0.713767 0.880769
v 0.341101 0.323163 0.368673
v 0.769904 0.592368 1.282081
v 0.779055 0.854195 1.493491
v 0.304007 0.714999 0.210328
v 0.440269 0.713767 0.880769
v 0.657380 1.130314 1.257639
v 0.730816 1.242640 1.174646
v 0.341101 0.323163 0.368673
v 0.694421 0.474035 0.660423
v 0.858361 0.567817 1.263189
v 0.769904 0.592368 1.282081
v 1.070680 0.810268 1.401437
v 1.068738 0.964208 1.641240
v -0.262961 0.682319 -0.231034
v 0.032966 0.758987 -0.343173
v -0.540168 4.329217 0.499022
v -0.664678 3.632559 0.451663
v -0.580396 2.503870 0.240292
v 0.147054 0.839459 -0.613899
v 0.012471 0.876597 -0.884626
v -0.552197 4.301579 -0.248835
v -0.418430 4.130417 -0.054891
v -0.070744 2.124302 -0.326575
v 0.032966 0.758987 -0.343173
v 0.147054 0.839459 -0.613899
v -0.070744 2.124302 -0.326575
v -0.500845 4.368777 0.352888
v -0.540168 4.329217 0.499022
v 0.884918 1.142271 -0.644069
v 0.762386 1.182274 -0.933231
v 0.762386 3.352860 -0.594748
v 0.883550 3.510917 -0.416396
v 0.884918 2.203652 -0.497236
v 0.762386 1.102268 -0.354908
v 0.884918 1.142271 -0.644069
v 0.884918 2.203652 -0.497236
v 0.856079 3.547075 -0.168721
v 0.762386 3.556421 -0.053597
v 0.048216 1.142271 -0.644069
v 0.170748 1.102268 -0.354908
v 0.170748 2.171206 -0.235680
v 0.051814 3.587771 -0.225593
v 0.048216 3.763416 -0.281457
v -0.316666 0.863378 -0.203899
v -0.443530 0.835733 -0.499753
v -1.164419 2.309104 -0.328306
v -1.245215 2.670650 0.001010
v -1.033277 2.309218 0.032112
v -1.422492 2.557217 0.178539
v -1.182396 2.364339 0.197534
v -1.255717 2.653173 0.139460
v -1.376761 2.707747 0.133949
v -1.504419 2.717683 0.148020
v -1.496268 2.101956 0.186184
v -1.396023 2.157767 0.232232
v -1.422492 2.557217 0.178539
v -1.504419 2.717683 0.148020
v -1.662380 2.642889 0.126597
v -0.780199 1.245911 0.106589
v -0.316666 0.863378 -0.203899
v -1.033277 2.309218 0.032112
v -1.255717 2.653173 0.139460
v -1.182396 2.364339 0.197534
v 0.540553 0.637068 -0.672544
v 0.444155 0.580966 -0.975773
v 0.476711 2.200456 -1.285757
v 0.541996 2.007473 -1.067495
v 0.557957 2.249826 -0.914191
v 0.436468 2.408011 -0.800800
v 0.511461 2.670240 -0.934162
v 0.280303 1.251152 -0.559544
v 0.540553 0.637068 -0.672544
v 0.557957 2.249826 -0.914191
v 0.511461 2.670240 -0.934162
v 0.436468 2.408011 -0.800800
v 0.679723 0.710913 -0.142446
v 0.575571 0.820676 -0.427915
v 0.396842 2.328055 0.216879
v 0.495888 2.056698 0.292367
v 0.490242 2.172899 0.554965
v 0.353368 1.119590 0.286591
v 0.679723 0.710913 -0.142446
v 0.490242 2.172899 0.554965
v 0.392432 2.523588 0.771199
v 0.356459 2.224419 0.734094
v 0.275867 0.774186 -0.073347
v 0.125562 0.927960 -0.305705
v -0.488884 2.310789 0.955994
v -0.403773 2.374011 1.201414
v -0.010549 1.540247 0.618901
v 0.191660 0.552841 0.136759
v 0.275867 0.774186 -0.073347
v -0.010549 1.540247 0.618901
v -0.421493 2.261860 1.426165
v -0.505077 2.181477 1.519285
v -0.524805 0.543486 -0.149324
v -0.374501 0.389712 0.083035
v -0.665119 1.176655 0.756167
v -1.175230 2.266373 1.513268
v -1.232125 2.435320 1.560223
v 0.681491 0.529539 0.136146
v 0.577134 0.666120 -0.064335
v 0.816320 1.903357 0.520988
v 0.927115 1.578771 0.580679
v 0.899607 1.236029 0.748961
v 0.601332 0.876152 0.559391
v 0.681491 0.529539 0.136146
v 0.899607 1.236029 0.748961
v 1.039473 1.918510 1.002466
v 0.840599 1.286983 0.919513
v 1.124671 0.909988 0.230583
v 0.963518 0.516667 -0.295654
v 2.006487 1.519384 0.456981
v 2.232695 1.780488 0.701853
v 1.993757 1.595411 0.673078
v -0.437744 0.710547 0.401632
v -0.496173 0.741078 0.165732
v -1.193107 1.734443 0.466916
v -1.053589 1.584415 0.563142
v -1.136104 1.671288 0.744952
v -0.854066 0.897836 0.635283
v -0.437744 0.710547 0.401632
v -1.136104 1.671288 0.744952
v -1.349313 1.752044 0.885292
v -1.319980 1.628342 0.865524
v -0.385389 0.769234 -0.863893
v -0.539201 0.607270 -0.964416
v -1.368007 1.520900 -1.168293
v -1.157791 1.491294 -1.089767
v -1.186873 1.696879 -1.024192
v -0.711929 1.114331 -0.670829
v -0.385389 0.769234 -0.863893
v -1.186873 1.696879 -1.024192
v -1.340413 1.880922 -0.904907
v -1.278641 1.787796 -0.841149
v -0.072196 1.333696 1.428594
v -0.030110 1.178213 1.402446
v 0.005666 1.039657 1.443643
v 0.159945 1.231005 1.499929
v 0.195349 1.351962 1.526096
v 0.040451 0.822882 0.225723
v -0.143611 0.637216 0.364098
v -0.167706 1.065589 1.106559
v -0.057100 1.423223 1.298580
v 0.166264 1.553361 1.096936
v -0.141916 0.675375 0.074915
v -0.263299 0.710187 -0.134965
v -1.505838 1.209692 0.666505
v -1.257885 1.129286 0.678588
v -1.356498 1.138638 0.905914
v -0.611679 0.603358 0.454128
v -0.141916 0.675375 0.074915
v -1.356498 1.138638 0.905914
v -1.583241 1.085071 1.114800
v -1.479513 0.992101 1.043333
v 0.867023 0.945881 0.760575
v 0.891720 0.811056 0.768011
v 0.918890 0.675115 0.813461
v 1.073822 0.786345 0.739494
v 1.115669 0.873683 0.711005
v 0.809502 0.789555 0.134011
v 0.648714 0.641262 0.333145
v 0.731747 0.822635 0.674048
v 0.872636 1.050671 0.655374
v 1.058180 1.158632 0.417674
v 0.661169 0.494390 0.149077
v 0.529750 0.698538 0.116712
v 1.002465 1.170403 1.173637
v 1.022091 0.988376 1.040541
v 1.132695 0.913349 1.212438
v 0.694421 0.474035 0.660423
v 0.661169 0.494390 0.149077
v 1.132695 0.913349 1.212438
v 1.150084 0.877445 1.477170
v 1.070680 0.810268 1.401437
vn 0.3531 -0.3230 -0.8781
vn -0.2230 -0.4234 -0.8781
vn -0.6418 -0.6179 -0.4541
vn -0.6170 -0.7605 0.2024
vn -0.1657 -0.7525 0.6374
vn 0.4105 -0.6521 0.6374
vn 0.8379 -0.5070 0.2024
vn 0.8130 -0.3644 -0.4541
vn 0.2952 0.7785 -0.5539
vn -0.9170 0.2491 -0.3115
vn -0.9167 0.2494 -0.3122
vn -0.9344 0.1170 0.3364
vn 0.1136 -0.0876 0.9897
vn -0.8507 0.1211 0.5116
vn 0.1979 0.4834 0.8527
vn -0.0000 -0.1756 0.9845
vn 0.2790 -0.5757 -0.7686
vn -0.2790 -0.5757 -0.7686
vn -0.6769 -0.6337 -0.3745
vn -0.6769 -0.7116 0.1884
vn 0.6769 -0.7116 0.1884
vn 0.6769 -0.6337 -0.3745
vn 0.3852 0.4300 -0.8166
vn 0.2871 0.4463 -0.8476
vn -0.8269 0.5588 0.0629
vn -0.6255 -0.0581 0.7781
vn 0.0224 0.1809 0.9832
vn -0.0000 -0.2720 0.9623
vn -0.5027 0.1155 0.8567
vn 0.1435 -0.1684 0.9752
vn -0.2186 -0.4960 -0.8404
vn -0.8312 -0.2909 -0.4738
vn -0.8791 -0.3997 0.2595
vn -0.3145 -0.7135 0.6261
vn 0.2982 -0.9186 0.2595
vn 0.3461 -0.8098 -0.4738
vn 0.6435 0.1959 -0.7399
vn 0.3047 -0.0235 0.9521
vn 0.7451 0.1300 -0.6541
vn 0.3705 0.1028 0.9231
vn 0.0782 0.1774 0.9810
vn -0.7479 0.4494 -0.4885
vn -0.1974 0.1943 0.9609
vn -0.8446 0.2280 0.4844
vn 0.3406 -0.4893 -0.8028
vn -0.2605 -0.8170 -0.5145
vn -0.3084 -0.9258 0.2188
vn 0.2447 -0.7069 0.6636
vn 0.8458 -0.3792 0.3753
vn 0.8937 -0.2705 -0.3580
vn 0.3715 0.6150 -0.6955
vn 0.8506 0.5098 0.1289
vn -0.2128 0.1740 0.9615
vn -0.7574 -0.2677 -0.5955
vn -0.4021 -0.0226 0.9153
vn -0.7850 -0.4875 0.3822
vn 0.6649 0.6701 -0.3299
vn 0.2013 0.4379 0.8762
vn 0.7071 0.3655 0.6053
vn -0.0641 -0.1473 0.9870
vn 0.1326 0.4625 0.8767
vn 0.1661 0.6841 -0.7103
vn 0.1493 -0.7968 -0.5855
vn -0.5596 -0.7414 -0.3704
vn -0.7220 -0.6020 0.3409
vn -0.1757 -0.5180 0.8371
vn 0.5331 -0.5734 0.6220
vn 0.6956 -0.7128 -0.0893
vn 0.3591 0.3105 -0.8801
vn 0.9636 0.0947 -0.2500
vn 0.1501 0.6591 -0.7370
vn -0.7346 -0.0835 -0.6734
vn -0.4517 0.4155 0.7895
vn -0.9540 0.0228 0.2991
vn 0.6235 0.4228 -0.6576
vn 0.6305 0.4679 -0.6193
vn 0.7347 0.1916 0.6507
vn -0.2188 0.1867 0.9578
vn 0.3917 0.4454 -0.8051
vn 0.9758 0.1430 -0.1655
vn -0.2889 0.4444 0.8479
vn -0.2961 0.4446 0.8454
vn -0.2057 0.4410 0.8736
vn 0.2145 -0.3110 -0.9259
vn -0.4841 -0.4757 -0.7344
vn -0.6260 -0.7767 -0.0702
vn -0.0693 -0.9128 0.4024
vn 0.6292 -0.7481 0.2109
vn 0.7711 -0.4472 -0.4533
vn 0.2740 0.7897 -0.5490
vn 0.9312 0.3402 -0.1305
vn 0.0320 0.9699 -0.2414
vn -0.7523 0.2107 -0.6242
vn -0.4580 -0.1545 0.8754
vn -0.9334 -0.2696 0.2369
vn 0.2902 0.7927 -0.5361
vn 0.3866 0.8887 -0.2467
vn 0.7382 -0.1093 0.6656
vn 0.2339 -0.0671 0.9700
vn 0.2405 -0.0649 0.9685
vn 0.0395 -0.1277 0.9910
vn -0.4622 -0.1538 0.8734
vn -0.3824 -0.1219 0.9159
vn -0.3446 -0.1068 0.9326
vn -0.1909 -0.4060 0.8937
vn 0.3346 0.9019 -0.2731
vn 0.9375 0.3475 0.0191
vn 0.1236 -0.6700 0.7320
vn 0.3703 0.0324 -0.9284
vn -0.1636 -0.1214 -0.9790
vn -0.4984 -0.4896 -0.7155
vn -0.4341 -0.8547 -0.2848
vn 0.8614 -0.4814 -0.1619
vn 0.7971 -0.1163 -0.5926
vn 0.1685 0.9410 -0.2935
vn -0.2209 0.8948 -0.3879
vn -0.8442 0.5340 -0.0468
vn -0.5235 -0.6377 0.5651
vn 0.4254 -0.1312 0.8954
vn 0.1489 -0.7348 0.6618
vn -0.0975 -0.4339 0.8957
vn -0.6403 -0.3982 0.6569
vn -0.4474 -0.5059 0.7375
vn 0.2582 -0.6197 0.7412
vn -0.0856 -0.2407 -0.9668
vn -0.7442 -0.2399 -0.6234
vn -0.8193 -0.5721 0.0367
vn -0.2358 -0.9053 0.3534
vn 0.4229 -0.9061 0.0099
vn 0.4980 -0.5739 -0.6502
vn -0.1463 0.9838 -0.1033
vn 0.2519 -0.7167 0.6503
vn 0.9788 -0.1480 -0.1415
vn -0.7780 0.4740 -0.4123
vn -0.5389 -0.0219 0.8421
vn -0.8981 -0.0439 0.4376
vn -0.1574 0.9819 -0.1053
vn -0.1813 0.9723 -0.1475
vn 0.8023 -0.3783 0.4617
vn 0.3692 -0.2493 0.8953
vn 0.3758 -0.2522 0.8917
vn 0.2852 -0.2126 0.9346
vn -0.2886 -0.1592 0.9441
vn -0.1014 -0.4482 0.8882
vn -0.2263 0.9607 -0.1606
vn 0.8613 0.2088 -0.4632
vn -0.2919 -0.1223 -0.9486
vn -0.8372 0.1522 -0.5253
vn -0.9791 -0.1488 0.1388
vn -0.5757 -0.7241 0.3797
vn -0.0305 -0.9986 -0.0436
vn 0.1114 -0.6977 -0.7077
vn 0.2661 0.8742 -0.4060
vn 0.8400 -0.3105 -0.4449
vn -0.4144 0.8502 0.3246
vn -0.5233 0.7932 -0.3114
vn 0.1684 0.0668 0.9834
vn -0.7672 0.3356 0.5466
vn 0.8794 0.3872 -0.2770
vn 0.5933 -0.7213 0.3574
vn 0.0616 0.0454 0.9971
vn 0.2964 0.0166 0.9549
vn -0.1735 0.0713 0.9822
vn -0.1917 -0.4057 0.8937
vn -0.1833 -0.4239 0.8870
vn 0.8633 -0.2770 -0.4219
vn -0.0615 0.2778 0.9587
vn 0.6148 -0.0283 0.7882
vn 0.7177 -0.3141 -0.6215
vn 0.7338 -0.3566 -0.5783
vn 0.7688 -0.5074 -0.3893
vn 0.5151 -0.2310 -0.8254
vn -0.0756 -0.6725 -0.7362
vn -0.2175 -0.9734 -0.0721
vn 0.2313 -0.8328 0.5029
vn 0.8220 -0.3914 0.4137
vn 0.9639 -0.0905 -0.2504
vn 0.0320 0.8035 -0.5944
vn 0.5561 0.0944 0.8258
vn 0.0837 0.9134 -0.3984
vn -0.4773 0.8782 -0.0307
vn -0.6207 -0.1653 -0.7665
vn -0.7809 -0.4147 0.4671
vn -0.7647 -0.6354 0.1072
vn 0.0423 0.8139 -0.5795
vn 0.0028 0.9942 0.1079
vn 0.5574 0.2525 0.7909
vn -0.5521 -0.2592 0.7925
vn -0.3932 -0.1411 0.9086
vn -0.2451 -0.0371 0.9688
vn -0.1905 -0.4059 0.8939
vn 0.2162 0.9326 0.2890
vn 0.4874 0.8267 0.2811
vn 0.6007 0.7528 0.2692
vn 0.6818 0.7193 0.1330
vn -0.2805 -0.2160 0.9352
vn 0.4875 0.8266 0.2811
vn 0.6736 0.6926 0.2579
vn 0.6008 0.7527 0.2692
vn -0.3888 0.0783 -0.9180
vn -0.3888 -0.8546 -0.3442
vn 0.8275 -0.5313 0.1816
vn 0.8275 0.4017 -0.3923
vn -0.8159 0.5743 0.0667
vn 0.1930 0.8426 0.5028
vn 0.4394 -0.6203 0.6498
vn -0.6932 -0.7203 0.0240
vn 0.1913 -0.8516 -0.4881
vn -0.1116 -0.9776 0.1784
vn 0.1409 -0.6152 0.7756
vn 0.6963 -0.1269 0.7064
vn 0.9992 -0.0008 0.0400
vn 0.7467 -0.3632 -0.5573
vn -0.4999 0.0066 -0.8661
vn 0.7620 0.6472 0.0237
vn -0.4185 0.2217 -0.8807
vn -0.7333 0.5564 -0.3908
vn -0.7673 -0.6352 0.0882
vn -0.3233 0.2113 0.9224
vn -0.3722 -0.2079 0.9046
vn -0.4890 0.0234 -0.8719
vn -0.3154 0.6807 -0.6612
vn 0.6920 0.7141 -0.1060
vn -0.0578 0.5361 0.8422
vn 0.0794 0.6806 0.7283
vn 0.1905 0.7736 0.6043
vn 0.3406 0.4871 0.8042
vn -0.0414 0.7628 -0.6453
vn 0.2227 0.6620 -0.7156
vn 0.3404 0.5954 -0.7278
vn 0.3670 0.4580 -0.8097
vn 0.2122 0.6440 0.7350
vn 0.2228 0.6620 -0.7156
vn 0.4192 0.5420 -0.7283
vn 0.3405 0.5953 -0.7278
vn -0.7316 0.2538 -0.6327
vn -0.7316 -0.6792 -0.0589
vn 0.6239 -0.7586 -0.1880
vn 0.6239 0.1743 -0.7618
vn 0.6387 0.7123 0.2910
vn 0.4927 -0.7663 0.4124
vn -0.7754 -0.4903 0.3980
vn -0.7033 -0.6254 0.3380
vn 0.0551 -0.8829 -0.4664
vn 0.3152 -0.9211 0.2284
vn 0.7809 -0.3999 0.4799
vn 0.5414 0.6831 -0.4902
vn 0.7421 0.6610 0.1112
vn 0.2608 -0.3234 -0.9096
vn -0.8829 -0.3091 0.3536
vn 0.7446 0.5031 0.4387
vn -0.2750 0.1356 0.9518
vn -0.3000 -0.7366 0.6061
vn 0.4278 0.0813 0.9002
vn 0.3906 -0.0799 0.9171
vn -0.4354 -0.0742 -0.8972
vn -0.3591 0.0087 -0.9332
vn -0.4423 -0.0821 -0.8931
vn -0.8658 0.0863 -0.4928
vn 0.1429 0.8364 -0.5291
vn 0.0604 0.8588 -0.5087
vn 0.0130 0.8968 -0.4423
vn 0.6122 0.7513 0.2465
vn 0.2876 0.7521 -0.5930
vn -0.4726 0.0292 -0.8808
vn 0.0386 0.7144 0.6986
vn -0.3309 0.0382 -0.9429
vn 0.2750 0.8063 -0.5237
vn 0.2111 0.8171 -0.5365
vn 0.2589 0.2921 -0.9207
vn -0.0227 -0.4673 -0.8838
vn 0.1845 -0.9468 -0.2638
vn 0.6732 -0.6669 0.3194
vn 0.9548 0.0926 0.2826
vn 0.7476 0.5721 -0.3375
vn -0.4535 0.7877 -0.4169
vn 0.6158 0.2345 0.7522
vn -0.4059 0.8888 -0.2126
vn -0.8350 0.5097 0.2075
vn -0.6218 -0.3375 -0.7068
vn -0.3063 -0.8613 0.4054
vn -0.3133 -0.9494 0.0237
vn -0.4455 0.8002 -0.4014
vn -0.3751 0.8645 0.3345
vn 0.5502 0.3652 0.7509
vn -0.0982 -0.6743 0.7319
vn 0.0005 -0.5324 0.8465
vn 0.1066 -0.3545 0.9290
vn 0.2562 -0.5917 0.7644
vn -0.1034 0.8721 0.4782
vn 0.1568 0.9010 0.4044
vn 0.2552 0.8943 0.3675
vn 0.2909 0.9304 0.2228
vn 0.1326 -0.5068 0.8518
vn 0.1569 0.9010 0.4044
vn 0.3303 0.8821 0.3358
vn 0.4621 0.1124 0.8797
vn 0.4880 0.1045 0.8666
vn 0.6608 -0.4734 0.5825
vn 0.7393 0.4458 -0.5046
vn 0.7591 0.1854 -0.6240
vn 0.7360 0.2313 -0.6362
vn 0.4349 0.3258 0.8394
vn 0.7357 0.4417 -0.5135
vn -0.7347 0.0869 -0.6728
vn -0.7358 0.0947 -0.6706
vn -0.6846 -0.1370 -0.7159
vn 0.6221 0.2579 0.7393
vn 0.7674 0.5626 0.3075
vn 0.8466 0.5167 0.1273
vn 0.8687 0.4925 0.0537
vn -0.8008 -0.4445 -0.4014
vn -0.7106 -0.1954 -0.6759
vn -0.7458 -0.2667 -0.6104
vn -0.1095 0.7924 0.6001
vn -0.2721 0.8149 0.5117
vn -0.1866 0.8507 0.4915
vn -0.1333 0.5764 0.8062
vn -0.1578 0.6623 0.7324
vn -0.2839 0.4791 0.8305
vn 0.9590 -0.1814 -0.2179
vn 0.9644 -0.1259 -0.2326
vn 0.9660 -0.0941 -0.2407
vn -0.8267 0.4550 0.3310
vn -0.8398 0.5209 -0.1530
vn -0.8498 0.5194 -0.0903
vn -0.4915 0.1124 0.8636
vn -0.4665 0.1045 0.8783
vn -0.1340 -0.4734 0.8706
vn 0.8237 0.4458 0.3503
vn 0.9349 0.1854 0.3026
vn 0.9328 0.2312 0.2766
vn -0.4722 0.3258 0.8191
vn 0.8292 0.4417 0.3425
vn 0.1702 0.0869 -0.9816
vn 0.1678 0.0947 -0.9813
vn 0.2335 -0.1371 -0.9626
vn -0.2869 0.2579 0.9226
vn -0.8102 0.1040 -0.5768
vn -0.8102 -0.5617 -0.1673
vn 0.0346 -0.8148 -0.5788
vn 0.0346 -0.1491 -0.9882
vn 0.9518 0.2912 0.0963
vn 0.7282 -0.6807 -0.0796
vn -0.6820 -0.3353 0.6499
vn -0.7149 -0.5300 0.4561
vn -0.3181 0.4334 -0.8432
vn -0.8785 0.1336 -0.4587
vn -0.8135 -0.5525 -0.1815
vn -0.1882 -0.9387 -0.2887
vn 0.3722 -0.6389 -0.6732
vn 0.3073 0.0471 -0.9505
vn 0.2570 0.9662 0.0185
vn 0.7791 -0.6161 -0.1160
vn 0.4600 0.8834 0.0896
vn 0.3361 0.6307 0.6995
vn -0.8301 0.5311 0.1697
vn -0.4451 -0.5531 0.7043
vn -0.7733 -0.4229 0.4723
vn 0.2771 0.9606 0.0191
vn 0.7352 0.5576 0.3855
vn 0.8695 -0.4880 -0.0760
vn -0.0523 -0.7206 0.6914
vn 0.1704 -0.7468 0.6428
vn 0.3490 -0.7388 0.5765
vn 0.0871 -0.9240 0.3724
vn 0.8972 0.3615 0.2537
vn 0.9612 0.2753 -0.0172
vn 0.9632 0.2268 -0.1440
vn 0.9119 0.3017 -0.2782
vn 0.1914 -0.8253 0.5313
vn 0.9612 0.2753 -0.0173
vn 0.9541 0.1903 -0.2313
vn 0.2075 0.2220 -0.9527
vn 0.2074 0.2220 -0.9527
vn -0.3615 0.1256 -0.9239
vn -0.9082 -0.0887 -0.4091
vn -0.8995 -0.2633 0.3487
vn -0.0564 -0.1696 0.9839
vn -0.0565 -0.1695 0.9839
vn -0.0564 -0.1695 0.9839
vn 0.9799 0.1751 0.0957
vn 0.9799 0.1750 0.0958
vn -0.2755 -0.2910 0.9162
vn 0.6549 0.6776 -0.3345
vn 0.6549 0.6776 -0.3346
vn 0.6134 0.6567 0.4388
vn 0.6134 0.6566 0.4388
vn 0.3590 0.1468 -0.9217
vn -0.3433 0.1454 -0.9279
vn -0.9127 0.0588 -0.4045
vn -0.9126 0.0588 -0.4045
vn 0.9901 0.1037 0.0947
vn 0.9901 0.1037 0.0946
vn 0.5069 0.4345 -0.7445
vn 0.6989 0.3510 0.6231
vn 0.6989 0.3510 0.6232
vn 0.2630 -0.7161 0.6466
vn 0.2630 -0.7160 0.6466
vn 0.4015 -0.0995 0.9104
vn 0.4015 -0.0994 0.9105
vn -0.2630 -0.7160 0.6466
vn -0.2630 -0.7161 0.6466
vn -0.2975 -0.1384 0.9447
vn -0.2975 -0.1384 0.9446
vn -0.2976 -0.1383 0.9446
vn -0.0635 0.1738 0.9827
vn -0.0636 0.1738 0.9827
vn -0.6848 0.3383 0.6454
vn -0.6849 0.3383 0.6454
vn -0.4215 -0.0901 0.9023
vn -0.4215 -0.0900 0.9023
vn -0.4215 -0.0901 0.9024
vn 0.0645 0.1464 -0.9871
vn -0.0645 -0.1464 0.9871
vn 0.7187 -0.4282 0.5478
vn 0.7187 -0.4283 0.5478
vn 0.8495 -0.2838 -0.4446
vn 0.8495 -0.2838 -0.4447
vn 0.8496 -0.2838 -0.4446
vn -0.8863 0.4215 0.1916
vn -0.8864 0.4215 0.1916
vn 0.0270 0.0612 0.9978
vn -0.1509 0.2412 0.9587
vn -0.1510 0.2412 0.9587
vn -0.3982 0.8488 -0.3479
vn -0.3981 0.8488 -0.3479
vn -0.7274 0.1832 0.6613
vn -0.7763 0.4136 -0.4757
vn -0.7763 0.4136 -0.4758
vn -0.9176 -0.3914 0.0690
vn -0.9176 -0.3914 0.0689
vn -0.9176 -0.3915 0.0689
vn 0.1447 0.0166 0.9893
vn 0.1446 0.0166 0.9893
vn -0.4067 0.0432 0.9126
vn -0.8469 0.2582 -0.4649
vn -0.8469 0.2580 -0.4649
vn -0.6989 -0.4290 0.5723
vn -0.6988 -0.4290 0.5724
vn -0.6988 -0.4290 0.5723
vn -0.7509 -0.3126 -0.5818
vn 0.5342 0.7869 0.3090
vn 0.5342 0.7869 0.3089
vn -0.1114 -0.1840 0.9766
vn -0.1115 -0.1840 0.9766
vn 0.3919 -0.2154 -0.8944
vn 0.3920 -0.2154 -0.8944
vn -0.9832 0.0849 -0.1617
vn 0.0409 0.2402 0.9699
vn 0.0410 0.2402 0.9699
vn -0.7883 0.3352 -0.5160
vn -0.5818 0.4439 -0.6815
vn -0.5817 0.4440 -0.6815
vn -0.8690 0.0919 0.4862
vn -0.7976 -0.1622 -0.5810
vn -0.7976 -0.1622 -0.5809
vn 0.8975 0.1794 -0.4028
vn 0.8975 0.1794 -0.4029
vn -0.3026 0.4447 0.8430
vn -0.2764 0.1721 0.9455
vn -0.2765 0.1721 0.9455
vn 0.1024 0.4398 0.8923
vn 0.1051 0.4404 0.8916
vn 0.1142 0.4423 0.8896
vn 0.1261 0.4447 0.8867
vn 0.3693 0.3695 -0.8527
vn 0.3694 0.3695 -0.8527
vn -0.9932 0.0334 -0.1119
vn -0.9932 0.0333 -0.1119
vn 0.0966 -0.4119 0.9061
vn 0.0968 -0.4127 0.9057
vn 0.0966 -0.4118 0.9061
vn -0.8481 0.4606 -0.2619
vn -0.8480 0.4607 -0.2619
vn -0.6648 0.6684 -0.3336
vn -0.8480 -0.3057 0.4329
vn -0.8006 0.0867 -0.5929
vn 0.8585 0.4746 -0.1945
vn 0.8585 0.4745 -0.1945
vn 0.8584 0.4746 -0.1945
vn -0.2469 -0.4186 0.8739
vn -0.2470 -0.4186 0.8739
vn -0.3372 -0.1039 0.9357
vn -0.3371 -0.1039 0.9357
vn 0.2484 -0.0623 0.9667
vn 0.2483 -0.0623 0.9667
vn 0.2328 0.7123 -0.6621
vn -0.5459 0.4402 -0.7129
vn -0.5460 0.4401 -0.7129
vn -0.9536 -0.1559 -0.2575
vn -0.9536 -0.1560 -0.2575
vn -0.9536 -0.1560 -0.2574
vn 0.8954 0.3661 0.2533
vn 0.8954 0.3661 0.2532
vn 0.8955 0.3661 0.2533
vn 0.8955 0.3660 0.2533
vn -0.0535 0.8740 -0.4830
vn -0.0534 0.8740 -0.4829
vn -0.0534 0.8740 -0.4830
vn -0.0535 0.8740 -0.4829
vn 0.6121 0.1327 0.7796
vn 0.6121 0.1326 0.7796
vn 0.5012 -0.8458 0.1827
vn 0.5012 -0.8458 0.1826
vn 0.6647 -0.2900 0.6885
vn 0.6647 -0.2900 0.6886
vn -0.0021 -0.9909 0.1349
vn -0.1745 -0.7009 0.6916
vn -0.1746 -0.7009 0.6916
vn -0.3100 -0.6738 0.6707
vn -0.3099 -0.6738 0.6707
vn 0.1883 0.3714 -0.9092
vn 0.1884 0.3714 -0.9092
vn 0.1884 0.3714 -0.9091
vn -0.9434 0.3044 0.1316
vn -0.5492 0.8272 0.1187
vn -0.2868 0.9539 -0.0890
vn -0.2868 0.9538 -0.0890
vn -0.9131 0.0019 0.4077
vn -0.8514 0.3640 -0.3776
vn 0.8949 0.2545 -0.3666
vn 0.8949 0.2546 -0.3666
vn 0.0510 -0.6584 0.7509
vn 0.0509 -0.6584 0.7510
vn 0.3767 -0.2526 0.8912
vn 0.3768 -0.2526 0.8912
vn 0.2377 0.2960 -0.9252
vn 0.2377 0.2960 -0.9251
vn 0.2377 0.2959 -0.9252
vn -0.6853 0.6844 0.2489
vn -0.6853 0.6845 0.2489
vn -0.0669 -0.5472 0.8343
vn -0.0677 -0.5480 0.8338
vn -0.0670 -0.5472 0.8343
vn -0.2160 0.9743 -0.0635
vn -0.2159 0.9743 -0.0636
vn -0.6473 0.1381 0.7497
vn -0.6473 0.1381 0.7496
vn -0.6472 0.1380 0.7497
vn -0.6473 0.1380 0.7497
vn -0.6339 0.7256 -0.2678
vn 0.7152 -0.3080 -0.6274
vn 0.7151 -0.3080 -0.6275
vn 0.9031 0.0274 -0.4286
vn 0.9031 0.0274 -0.4287
vn 0.3548 0.4521 -0.8184
vn 0.3548 0.4521 -0.8183
vn -0.8691 -0.4049 -0.2840
vn -0.8902 0.0397 -0.4538
vn -0.8902 0.0398 -0.4538
vn -0.7945 0.2984 -0.5289
vn -0.7945 0.2983 -0.5289
vn -0.7766 -0.6176 0.1239
vn -0.7767 -0.6176 0.1239
vn -0.6187 -0.2963 -0.7276
vn -0.6187 -0.2964 -0.7276
vn 0.0380 -0.4475 0.8935
vn -0.2311 -0.0275 0.9725
vn -0.6511 0.3043 -0.6953
vn 0.7337 0.6725 -0.0967
vn -0.0648 -0.7761 0.6273
vn -0.0648 -0.7761 0.6272
vn 0.0718 -0.2013 0.9769
vn 0.0718 -0.2014 0.9769
vn -0.7619 -0.1818 0.6216
vn -0.5706 -0.8212 0.0032
vn -0.5706 -0.8212 0.0031
vn 0.6791 -0.4668 0.5665
vn 0.6791 -0.4667 0.5665
vn -0.1889 -0.4185 -0.8884
vn -0.1889 -0.4184 -0.8884
vn -0.1888 -0.4184 -0.8884
vn -0.6988 -0.3680 0.6134
vn -0.6988 -0.3679 0.6134
vn -0.9451 -0.2338 0.2283
vn -0.9451 -0.2338 0.2282
vn -0.9879 -0.1493 -0.0414
vn -0.9879 -0.1494 -0.0413
vn -0.3820 -0.1827 0.9059
vn -0.3821 -0.1827 0.9059
vn -0.7027 -0.6832 0.1988
vn -0.7027 -0.6832 0.1989
vn 0.5483 0.4357 0.7138
vn 0.2003 0.7808 0.5918
vn 0.2003 0.7808 0.5919
vn 0.7615 0.4383 -0.4775
vn -0.9611 0.0111 0.2758
vn -0.9611 0.0110 0.2759
vn 0.0159 -0.7684 0.6397
vn 0.0159 -0.7685 0.6397
vn 0.4588 -0.2845 0.8418
vn 0.6983 -0.6825 0.2157
vn 0.6983 -0.6825 0.2158
vn -0.7653 -0.5388 0.3522
vn -0.7655 -0.5385 0.3523
vn -0.7655 -0.5384 0.3523
vn -0.1667 0.8730 0.4584
vn -0.1666 0.8730 0.4584
vn -0.5865 -0.6729 -0.4508
vn -0.5865 -0.6730 -0.4508
vn 0.0871 -0.2448 0.9657
vn -0.7328 -0.2928 0.6142
vn -0.7328 -0.2928 0.6143
vn -0.7327 -0.2928 0.6143
vn -0.1688 -0.7470 0.6431
vn -0.1688 -0.7470 0.6430
vn -0.1285 0.7070 -0.6955
vn -0.1284 0.7070 -0.6954
vn -0.5861 -0.7567 -0.2896
vn -0.8365 -0.4025 -0.3718
vn -0.8366 -0.4024 -0.3718
vn -0.9038 -0.1270 -0.4087
vn -0.9038 -0.1271 -0.4087
vn -0.3238 -0.9451 0.0434
vn -0.5622 -0.4459 -0.6965
vn -0.5622 -0.4460 -0.6964
vn 0.4446 -0.4965 0.7456
vn 0.4445 -0.4966 0.7456
vn 0.4445 -0.4965 0.7456
vn 0.1133 -0.3423 0.9328
vn 0.1133 -0.3423 0.9327
vn -0.7424 0.1585 -0.6510
vn -0.7035 0.0936 0.7045
vn 0.0010 -0.9999 0.0113
vn 0.1642 0.9864 -0.0061
vn 0.7181 0.5550 -0.4200
vn -0.1094 0.6080 0.7864
vn -0.1263 0.6676 0.7337
vn -0.1085 0.6874 0.7182
vn -0.1053 0.6005 0.7927
vn 0.2814 0.1993 -0.9387
vn 0.5623 0.2502 -0.7882
vn 0.6306 0.2598 -0.7313
vn -0.1622 0.7896 0.5918
vn -0.1335 0.7483 0.6498
vn -0.1179 0.7486 0.6525
vn -0.0975 0.7874 0.6087
vn -0.8837 0.4423 -0.1532
vn -0.8827 0.4437 -0.1549
vn -0.9303 0.3448 -0.1253
vn -0.9329 0.3330 -0.1374
vn 0.8827 0.3486 0.3151
vn 0.8868 0.3667 0.2812
vn 0.9023 0.1785 0.3924
vn 0.8961 0.1864 0.4029
vn -0.1224 0.7315 0.6708
vn -0.0982 0.7381 0.6676
vn -0.9409 0.2810 -0.1891
vn 0.9513 0.1030 0.2905
vn 0.6341 0.2272 -0.7391
vn 0.0228 0.3087 -0.9509
vn 0.0960 0.3012 -0.9487
vn 0.6341 0.2272 -0.7392
vn -0.4520 0.3146 -0.8347
vn -0.0768 0.8524 0.5172
vn -0.0844 0.8273 0.5554
vn -0.0846 0.7835 0.6156
vn -0.0970 0.7934 0.6010
vn -0.2328 0.6280 0.7425
vn -0.3140 0.4619 0.8295
vn -0.9631 -0.2054 -0.1740
vn -0.9137 -0.1954 -0.3563
vn -0.9674 -0.2292 -0.1073
vn -0.9329 -0.2412 -0.2674
vn -0.8792 -0.2464 -0.4077
vn 0.0069 -0.2788 -0.9603
vn -0.4586 -0.2432 -0.8548
vn -0.4585 -0.2431 -0.8548
vn 0.1072 -0.2782 -0.9545
vn 0.7102 -0.1950 -0.6765
vn 0.6527 -0.2136 -0.7269
vn 0.4503 -0.1889 -0.8727
vn 0.6381 -0.1706 -0.7508
vn 0.2292 -0.1978 -0.9531
vn 0.2291 -0.1979 -0.9531
vn 0.9095 -0.3036 0.2839
vn 0.7528 -0.2021 0.6265
vn 0.9378 -0.3454 0.0348
vn 0.7485 -0.1178 0.6526
vn 0.9309 -0.1153 0.3466
vn 0.1476 0.1586 -0.9763
vn 0.1477 0.1585 -0.9762
vn -0.9727 0.0936 -0.2123
vn -0.9727 0.0936 -0.2124
vn -0.0090 -0.9999 0.0069
vn 0.0937 0.9864 0.1350
vn 0.7410 0.5550 0.3781
vn 0.7573 0.1420 -0.6375
vn 0.7573 0.1420 -0.6374
vn -0.6800 0.2669 0.6829
vn -0.6800 0.2669 0.6830
vn 0.1542 -0.6684 0.7277
vn 0.1541 -0.6684 0.7277
vn 0.8823 -0.1162 0.4561
vn 0.7080 -0.7061 0.0119
vn 0.7080 -0.7061 0.0118
vn 0.7081 -0.7061 0.0118
vn -0.7308 -0.4148 0.5421
vn 0.3589 0.6902 0.6283
vn 0.3588 0.6903 0.6283
vn 0.0685 0.8818 -0.4666
vn 0.0685 0.8818 -0.4665
vn -0.8725 0.0320 0.4876
vn -0.8725 0.0320 0.4875
vn -0.6680 0.4491 0.5933
vn -0.6681 0.4491 0.5933
vn -0.6680 0.4492 0.5933
vn -0.4810 0.6643 0.5722
vn -0.4811 0.6642 0.5721
vn -0.7587 -0.4232 0.4952
vn -0.8984 0.4170 0.1378
vn -0.8984 0.4171 0.1377
vn 0.1767 -0.9706 0.1633
vn 0.1766 -0.9706 0.1633
vn 0.3648 -0.7367 0.5694
vn 0.4322 -0.1442 0.8902
vn 0.4321 -0.1442 0.8902
vn 0.9014 0.2185 -0.3739
vn 0.9013 0.2185 -0.3739
vn 0.9338 0.0720 0.3504
vn 0.9338 0.0721 0.3504
vn 0.8969 0.0550 -0.4387
vn 0.8969 0.0550 -0.4388
vn 0.8977 -0.0645 0.4359
vn 0.8976 -0.0645 0.4360
vn 0.8976 -0.0646 0.4360
vn -0.9272 -0.0558 0.3705
vn -0.9272 -0.0558 0.3704
vn 0.8243 0.4542 -0.3380
vn 0.8242 0.4542 -0.3381
vn 0.0999 0.2351 0.9668
vn -0.2563 0.0660 0.9643
vn -0.2563 0.0660 0.9644
vn 0.6955 0.2204 0.6838
vn 0.6956 0.2204 0.6838
vn 0.6955 0.2205 0.6838
vn 0.6955 0.2204 0.6839
vn 0.9665 -0.0675 -0.2475
vn 0.9666 -0.0674 -0.2474
vn 0.0979 0.4389 0.8932
vn 0.0979 0.4388 0.8932
vn 0.6497 0.0946 0.7542
vn 0.6498 0.0946 0.7542
vn 0.9538 0.2059 -0.2186
vn 0.9539 0.2059 -0.2185
vn 0.6709 -0.2573 0.6954
vn 0.6710 -0.2573 0.6954
vn 0.7690 0.5722 -0.2848
vn 0.7690 0.5723 -0.2848
vn 0.7691 0.5722 -0.2848
vn 0.7690 0.5723 -0.2849
vn 0.8684 -0.0708 0.4907
vn 0.8684 -0.0708 0.4908
vn 0.8684 -0.0709 0.4908
vn -0.8436 -0.4996 0.1968
vn -0.8437 -0.4995 0.1968
vn 0.9021 -0.0061 -0.4314
vn 0.9022 -0.0061 -0.4314
vn 0.5973 -0.5986 0.5337
vn 0.5973 -0.5986 0.5338
vn 0.5974 -0.5986 0.5337
vn 0.4529 -0.7939 0.4057
vn 0.4529 -0.7939 0.4058
vn 0.8054 0.5877 -0.0773
vn 0.5210 0.0646 0.8511
vn 0.5209 0.0646 0.8511
vn 0.5209 0.0646 0.8512
vn 0.4356 0.1984 -0.8780
vn 0.7532 0.6535 0.0752
vn -0.4049 -0.0822 0.9107
vn -0.4048 -0.0822 0.9107
vn -0.7750 0.5237 -0.3537
vn -0.7750 0.5237 -0.3536
vn 0.3693 0.9293 -0.0076
vn 0.6073 0.1866 0.7722
vn 0.6074 0.1866 0.7722
vn 0.2025 0.2118 0.9561
vn 0.2026 0.2118 0.9561
vn -0.7727 0.6057 -0.1901
vn -0.7727 0.6056 -0.1901
vn 0.7773 0.3660 -0.5118
vn 0.7773 0.3659 -0.5118
vn 0.7538 -0.6514 -0.0865
vn 0.7537 -0.6515 -0.0865
vn 0.7537 -0.6514 -0.0865
vt 0.739787 0.507247
vt 0.752225 0.501320
vt 0.739787 0.488229
vt 0.727349 0.501320
vt 0.721995 0.488698
vt 0.727091 0.475989
vt 0.739787 0.470688
vt 0.752483 0.475989
vt 0.757580 0.488698
vt 0.724431 0.458089
vt 0.698535 0.453816
vt 0.686617 0.498036
vt 0.516866 0.506172
vt 0.528465 0.556123
vt 0.553477 0.475239
vt 0.554827 0.556944
vt 0.583516 0.553647
vt 0.680399 0.500708
vt 0.688030 0.547787
vt 0.706801 0.508562
vt 0.581733 0.497886
vt 0.638827 0.474198
vt 0.640475 0.501372
vt 0.673947 0.468106
vt 0.952277 0.975688
vt 0.965067 0.975688
vt 0.958672 0.836073
vt 0.483572 0.791175
vt 0.491513 0.810348
vt 0.510686 0.791175
vt 0.491513 0.772002
vt 0.510686 0.764060
vt 0.529860 0.772002
vt 0.510686 0.818290
vt 0.529860 0.810348
vt 0.382781 0.917890
vt 0.357202 0.923107
vt 0.357202 0.995064
vt 0.331623 0.963064
vt 0.398780 0.790730
vt 0.421043 0.803325
vt 0.421043 0.758730
vt 0.933093 0.897778
vt 0.948203 0.815735
vt 0.922809 0.796001
vt 0.958672 0.818067
vt 0.984251 0.796543
vt 0.958672 0.739354
vt 0.958672 0.983242
vt 0.944568 0.765702
vt 0.984251 0.975688
vt 0.218224 0.737702
vt 0.218224 0.772669
vt 0.248506 0.755186
vt 0.248506 0.720218
vt 0.278788 0.737702
vt 0.278788 0.772669
vt 0.248506 0.790153
vt 0.057918 0.901539
vt 0.022951 0.949708
vt 0.040434 0.991122
vt 0.120879 0.838106
vt 0.138363 0.791178
vt 0.112924 0.787519
vt 0.075401 0.949708
vt 0.103396 0.749763
vt 0.093867 0.787519
vt 0.140144 0.991122
vt 0.170426 0.991122
vt 0.177730 0.916124
vt 0.077067 0.831264
vt 0.085912 0.838106
vt 0.200708 0.991122
vt 0.064677 0.529617
vt 0.064677 0.561967
vt 0.092693 0.545792
vt 0.092693 0.513442
vt 0.120709 0.529617
vt 0.120709 0.561967
vt 0.092693 0.578142
vt 0.409178 0.630421
vt 0.376828 0.674984
vt 0.393003 0.713299
vt 0.432393 0.574564
vt 0.439396 0.539460
vt 0.425388 0.539173
vt 0.337774 0.524935
vt 0.355404 0.524935
vt 0.346589 0.490004
vt 0.264605 0.713299
vt 0.292621 0.713299
vt 0.299378 0.643914
vt 0.322231 0.565405
vt 0.330414 0.571735
vt 0.320637 0.713299
vt 0.469148 0.659586
vt 0.505012 0.713299
vt 0.476996 0.630421
vt 0.362108 0.519170
vt 0.411134 0.713299
vt 0.439150 0.713299
vt 0.411076 0.664203
vt 0.330414 0.713299
vt 0.362764 0.713299
vt 0.357355 0.664203
vt 0.366277 0.530566
vt 0.050328 0.578142
vt 0.063115 0.557852
vt 0.050984 0.524430
vt 0.185765 0.494398
vt 0.188463 0.516562
vt 0.206768 0.503807
vt 0.204099 0.481656
vt 0.224575 0.490634
vt 0.226972 0.512857
vt 0.208794 0.525864
vt 0.207960 0.181522
vt 0.176317 0.172541
vt 0.196421 0.217393
vt 0.472070 0.064225
vt 0.489138 0.080087
vt 0.465446 0.030753
vt 0.423017 0.018031
vt 0.436424 0.015906
vt 0.406481 0.001218
vt 0.357417 0.198671
vt 0.378493 0.199254
vt 0.383827 0.146133
vt 0.400092 0.049799
vt 0.405833 0.058904
vt 0.399567 0.199922
vt 0.345731 0.010820
vt 0.357583 0.048556
vt 0.373816 -0.005530
vt 0.426553 -0.009398
vt 0.459076 0.197565
vt 0.485195 0.195635
vt 0.453342 0.150946
vt 0.408445 0.201270
vt 0.436371 0.200651
vt 0.430592 0.150060
vt 0.446544 0.019534
vt 0.067610 0.056185
vt 0.077037 0.037153
vt 0.064425 0.042793
vt 0.437676 0.031390
vt 0.929379 0.242544
vt 0.929379 0.272758
vt 0.955544 0.257651
vt 0.955544 0.227437
vt 0.981710 0.242544
vt 0.981710 0.272757
vt 0.955544 0.287864
vt 0.903962 0.398797
vt 0.871327 0.443752
vt 0.887645 0.482405
vt 0.927381 0.342448
vt 0.934447 0.307034
vt 0.920315 0.306745
vt 0.831929 0.292381
vt 0.849715 0.292381
vt 0.840822 0.257143
vt 0.758116 0.482405
vt 0.786378 0.482405
vt 0.793195 0.412409
vt 0.816249 0.333208
vt 0.824504 0.339593
vt 0.814641 0.482405
vt 0.964461 0.428219
vt 1.000641 0.482405
vt 0.972378 0.398797
vt 0.856477 0.286565
vt 0.905935 0.482405
vt 0.934198 0.482405
vt 0.905877 0.432876
vt 0.860683 0.298062
vt 0.864342 0.331142
vt 0.869377 0.306745
vt 0.836548 0.338663
vt 0.824504 0.482405
vt 0.857139 0.482405
vt 0.851683 0.432876
vt 0.915977 0.287864
vt 0.927920 0.268914
vt 0.916590 0.237699
vt 0.297763 0.987510
vt 0.310552 0.987510
vt 0.304157 0.847895
vt 0.426078 0.771904
vt 0.278578 0.909600
vt 0.293688 0.827556
vt 0.268294 0.807823
vt 0.304157 0.829889
vt 0.329736 0.808365
vt 0.297105 0.764350
vt 0.304157 0.995064
vt 0.428001 0.815377
vt 0.329736 0.987510
vt 0.188449 0.516552
vt 0.204082 0.481653
vt 0.224553 0.490626
vt 0.226951 0.512847
vt 0.208774 0.525853
vt 0.229047 0.192536
vt 0.209986 0.179541
vt 0.216485 0.226001
vt 0.586262 0.156919
vt 0.598494 0.108979
vt 0.582790 0.109820
vt 0.517755 0.061496
vt 0.532024 0.051016
vt 0.521798 0.027615
vt 0.287026 0.207921
vt 0.318274 0.206692
vt 0.320190 0.128526
vt 0.569050 0.069575
vt 0.569662 0.111801
vt 0.592157 0.054849
vt 0.349504 0.203785
vt 0.236453 0.027312
vt 0.276902 0.043365
vt 0.247310 -0.005481
vt 0.581185 0.031037
vt 0.571709 0.045305
vt 0.514493 0.105805
vt 0.526677 0.104960
vt 0.511928 0.084061
vt 0.605251 0.045224
vt 0.609890 0.052937
vt 0.565309 0.193968
vt 0.586879 0.195658
vt 0.166454 0.040593
vt 0.175881 0.021561
vt 0.159178 0.029440
vt 0.698436 0.226860
vt 0.698436 0.256038
vt 0.723706 0.241449
vt 0.723706 0.212271
vt 0.748975 0.226860
vt 0.748975 0.256038
vt 0.723706 0.270627
vt 0.650586 0.371887
vt 0.621408 0.412081
vt 0.635997 0.446640
vt 0.671524 0.321507
vt 0.677841 0.289845
vt 0.665207 0.289586
vt 0.572250 0.266393
vt 0.572163 0.313246
vt 0.603012 0.274032
vt 0.520187 0.446640
vt 0.545457 0.446640
vt 0.551551 0.384057
vt 0.584929 0.318539
vt 0.570726 0.446640
vt 0.704676 0.398193
vt 0.737023 0.446640
vt 0.711755 0.371887
vt 0.652349 0.446640
vt 0.677619 0.446640
vt 0.652297 0.402357
vt 0.615163 0.311399
vt 0.619664 0.289586
vt 0.579544 0.446640
vt 0.608723 0.446640
vt 0.603844 0.402357
vt 0.685494 0.270627
vt 0.697027 0.252326
vt 0.686085 0.222181
vt 0.602901 0.290259
vt 0.203296 0.239966
vt 0.203296 0.270847
vt 0.230040 0.255406
vt 0.230040 0.224525
vt 0.256783 0.239966
vt 0.256783 0.270846
vt 0.230040 0.286287
vt 0.152654 0.393456
vt 0.121773 0.435995
vt 0.137213 0.472570
vt 0.103184 0.425704
vt 0.108675 0.318251
vt 0.088863 0.336555
vt 0.174813 0.340136
vt 0.181499 0.306626
vt 0.168396 0.302244
vt 0.084492 0.292760
vt 0.101322 0.292760
vt 0.092907 0.259416
vt 0.014646 0.472570
vt 0.041390 0.472570
vt 0.047840 0.406336
vt 0.069654 0.331392
vt 0.077466 0.337435
vt 0.068133 0.472570
vt 0.209900 0.421297
vt 0.244135 0.472570
vt 0.217392 0.393456
vt 0.107721 0.287257
vt 0.154520 0.472570
vt 0.181264 0.472570
vt 0.154465 0.425704
vt 0.077466 0.472570
vt 0.108347 0.472570
vt 0.115814 0.302244
vt 0.189598 0.286287
vt 0.201805 0.266918
vt 0.190224 0.235014
vt 0.173772 0.287257
vt 0.935009 0.073682
vt 0.965962 0.079557
vt 0.968774 0.042559
vt 0.760395 0.075113
vt 0.739197 0.089868
vt 0.766906 0.107667
vt 0.961339 0.008377
vt 0.930346 0.008377
vt 0.946167 0.058641
vt 0.996956 0.079557
vt 0.818224 0.059806
vt 0.792236 0.000642
vt 0.782108 0.059806
vt 0.774307 0.110572
vt 0.848481 0.189769
vt 0.906069 0.079557
vt 0.861681 0.076222
vt 0.760603 0.046719
vt 0.188440 0.516567
vt 0.204088 0.481636
vt 0.224571 0.490618
vt 0.226967 0.512855
vt 0.208779 0.525871
vt 0.264202 0.194077
vt 0.233319 0.182768
vt 0.250023 0.228983
vt 0.649512 0.155631
vt 0.663318 0.076210
vt 0.640851 0.101713
vt 0.121126 0.050678
vt 0.142842 0.071450
vt 0.111608 0.016320
vt 0.641166 0.055630
vt 0.652224 0.055189
vt 0.641152 0.034637
vt 0.018194 0.220144
vt 0.049040 0.217940
vt 0.047435 0.140197
vt 0.625265 0.069479
vt 0.632166 0.100812
vt 0.079874 0.214880
vt 0.329966 0.032447
vt 0.351931 0.065342
vt 0.339484 0.006593
vt 0.655385 0.034131
vt 0.095659 0.219223
vt 0.129469 0.218659
vt 0.090245 0.158756
vt 0.631168 0.195736
vt 0.653316 0.195627
vt 0.666304 0.064122
vt 0.057655 0.051779
vt 0.067082 0.032747
vt 0.043161 0.034644
vt 0.152648 0.021161
vt 0.041095 0.598021
vt 0.067427 0.599551
vt 0.070672 0.574363
vt 0.183938 0.550358
vt 0.159840 0.567836
vt 0.192392 0.587769
vt 0.035178 0.605392
vt 0.010893 0.605392
vt 0.023146 0.644856
vt 0.098520 0.596990
vt 0.205641 0.605341
vt 0.250764 0.560218
vt 0.209861 0.556294
vt 0.131111 0.692600
vt 0.164178 0.605892
vt 0.127349 0.601260
vt 0.184179 0.517544
vt 0.116190 0.735318
vt 0.091197 0.636037
vt 0.666408 0.765012
vt 0.666408 0.795123
vt 0.692486 0.780067
vt 0.692486 0.749956
vt 0.718563 0.765012
vt 0.710386 0.871372
vt 0.705976 0.958207
vt 0.732054 0.982810
vt 0.597256 0.798372
vt 0.585426 0.711537
vt 0.567145 0.822975
vt 0.692486 0.810179
vt 0.659996 0.793659
vt 0.664912 0.770137
vt 0.626020 0.796418
vt 0.606741 0.888601
vt 0.596870 0.836365
vt 0.572373 0.840508
vt 0.539555 0.838702
vt 0.569148 0.840508
vt 0.546080 0.803779
vt 0.518264 0.975436
vt 0.544341 0.975436
vt 0.550631 0.910853
vt 0.570418 0.975436
vt 0.641035 0.871191
vt 0.664931 0.982810
vt 0.671091 0.842383
vt 0.633979 0.810179
vt 0.608508 0.843739
vt 0.645074 0.829644
vt 0.637115 0.811153
vt 0.573403 0.975436
vt 0.617186 0.895975
vt 0.638853 0.982810
vt 0.598373 0.803779
vt 0.468480 0.225918
vt 0.468480 0.258553
vt 0.496743 0.242236
vt 0.496743 0.209601
vt 0.525005 0.225918
vt 0.525005 0.258553
vt 0.496743 0.274871
vt 0.414961 0.388128
vt 0.382326 0.433083
vt 0.398643 0.471736
vt 0.362681 0.422207
vt 0.368484 0.308651
vt 0.347547 0.327994
vt 0.438379 0.331779
vt 0.445445 0.296365
vt 0.431597 0.291735
vt 0.342927 0.281712
vt 0.360713 0.281712
vt 0.351820 0.246474
vt 0.269114 0.471736
vt 0.297376 0.471736
vt 0.304193 0.401739
vt 0.327247 0.322538
vt 0.335502 0.328924
vt 0.325639 0.471736
vt 0.475459 0.417550
vt 0.511639 0.471736
vt 0.483376 0.388127
vt 0.367476 0.275896
vt 0.416933 0.471736
vt 0.445196 0.471736
vt 0.416875 0.422207
vt 0.335502 0.471736
vt 0.368137 0.471736
vt 0.376028 0.291735
vt 0.454004 0.274871
vt 0.466904 0.254402
vt 0.454666 0.220685
vt 0.437279 0.275896
vt 0.782640 0.903332
vt 0.773733 0.940171
vt 0.801004 0.902737
vt 0.811232 0.867542
vt 0.751862 0.889436
vt 0.786647 0.863182
vt 0.795498 0.821009
vt 0.742607 0.896240
vt 0.701402 0.809439
vt 0.699314 0.814689
vt 0.705584 0.813444
vt 0.709073 0.783721
vt 0.720114 0.786153
vt 0.717552 0.781254
vt 0.729832 0.801632
vt 0.743058 0.813055
vt 0.749966 0.804812
vt 0.701463 0.796553
vt 0.716415 0.796802
vt 0.704818 0.787322
vt 0.711525 0.811201
vt 0.713628 0.776572
vt 0.868797 0.855673
vt 0.855273 0.895173
vt 0.887908 0.858424
vt 0.897154 0.824736
vt 0.835141 0.839644
vt 0.872294 0.815127
vt 0.889243 0.770254
vt 0.824754 0.846542
vt 0.730626 0.143305
vt 0.708884 0.144824
vt 0.725491 0.159363
vt 0.747452 0.157157
vt 0.670433 0.134482
vt 0.674492 0.112385
vt 0.657494 0.120366
vt 0.688092 0.119309
vt 0.684803 0.093824
vt 0.670040 0.106011
vt 0.682240 0.171347
vt 0.668266 0.137011
vt 0.665037 0.172763
vt 0.704302 0.187197
vt 0.676978 0.190662
vt 0.750846 0.147204
vt 0.742947 0.111727
vt 0.945915 0.512608
vt 0.945915 0.541446
vt 0.970889 0.527027
vt 0.970889 0.498189
vt 0.995862 0.512608
vt 0.995862 0.541445
vt 0.970889 0.555864
vt 0.898623 0.655941
vt 0.869786 0.695665
vt 0.884205 0.729820
vt 0.852428 0.686055
vt 0.857555 0.585713
vt 0.839055 0.602806
vt 0.919317 0.606150
vt 0.925560 0.574857
vt 0.913324 0.570765
vt 0.834973 0.561909
vt 0.850688 0.561909
vt 0.842830 0.530772
vt 0.769748 0.729820
vt 0.794723 0.729820
vt 0.800746 0.667969
vt 0.821117 0.597985
vt 0.828412 0.603627
vt 0.819696 0.729820
vt 0.952081 0.681940
vt 0.984051 0.729820
vt 0.959077 0.655941
vt 0.856665 0.556770
vt 0.900366 0.729820
vt 0.925341 0.729820
vt 0.900315 0.686055
vt 0.828411 0.729820
vt 0.857249 0.729820
vt 0.864222 0.570765
vt 0.933124 0.555864
vt 0.944522 0.537777
vt 0.933708 0.507984
vt 0.918344 0.556770
vt 0.759709 0.508696
vt 0.736253 0.508696
vt 0.736501 0.727594
vt 0.761660 0.716757
vt 0.712532 0.508685
vt 0.709356 0.682169
vt 0.530444 0.727665
vt 0.553899 0.727665
vt 0.576715 0.727870
vt 0.679962 0.615170
vt 0.651492 0.551825
vt 0.615214 0.648949
vt 0.626202 0.529427
vt 0.614225 0.500743
vt 0.600701 0.508696
vt 0.656254 0.727655
vt 0.679987 0.727695
vt 0.644900 0.520438
vt 0.616626 0.466986
vt 0.651720 0.506587
vt 0.667144 0.503163
vt 0.382781 0.758730
vt 0.357202 0.758730
vt 0.331623 0.758730
vt 0.395464 0.995064
vt 0.421043 0.995064
vt 0.474054 0.917423
vt 0.482734 0.822788
vt 0.474054 0.780163
vt 0.461671 0.817734
vt 0.374230 0.973631
vt 0.393257 0.931006
vt 0.451791 0.815920
vt 0.474054 0.758730
vt 0.531974 0.795969
vt 0.531023 0.791175
vt 0.531974 0.786382
vt 0.933093 0.975688
vt 0.431112 0.785078
vt 0.057918 0.749763
vt 0.022951 0.749763
vt 0.085912 0.991122
vt 0.120879 0.991122
vt 0.202720 0.991122
vt 0.233002 0.991122
vt 0.223264 0.791178
vt 0.202720 0.838106
vt 0.263285 0.991122
vt 0.263285 0.839346
vt 0.196090 0.831264
vt 0.177730 0.775116
vt 0.158459 0.791178
vt 0.077170 0.775116
vt 0.140144 0.791178
vt 0.170426 0.749763
vt 0.200708 0.838106
vt 0.409178 0.490004
vt 0.376828 0.490004
vt 0.316365 0.565405
vt 0.299378 0.513459
vt 0.281550 0.528319
vt 0.369905 0.563358
vt 0.356310 0.539919
vt 0.342353 0.570813
vt 0.322327 0.513459
vt 0.264605 0.528319
vt 0.292621 0.490004
vt 0.320637 0.571735
vt 0.431301 0.519170
vt 0.425951 0.530566
vt 0.209480 0.035333
vt 0.180841 0.034625
vt 0.397578 0.085866
vt 0.378591 0.085871
vt 0.367397 0.097990
vt 0.443001 0.055190
vt 0.416403 0.061733
vt 0.385071 0.028395
vt 0.353994 0.095893
vt 0.369859 0.063216
vt 0.403019 0.090616
vt 0.486053 0.043070
vt 0.468896 0.020553
vt 0.446876 0.022858
vt 0.903962 0.257143
vt 0.871327 0.257143
vt 0.810331 0.333208
vt 0.793195 0.280805
vt 0.775210 0.295795
vt 0.850628 0.307498
vt 0.816345 0.280805
vt 0.758116 0.295795
vt 0.786378 0.257143
vt 0.814641 0.339593
vt 0.926280 0.286565
vt 0.920883 0.298062
vt 0.278578 0.987510
vt 0.243874 0.042556
vt 0.215239 0.041691
vt 0.345676 0.068155
vt 0.321814 0.050818
vt 0.300747 0.062129
vt 0.556573 0.054494
vt 0.282089 0.055037
vt 0.324732 0.026314
vt 0.349717 0.074142
vt 0.533973 0.032624
vt 0.523539 0.022906
vt 0.650586 0.245238
vt 0.621408 0.245238
vt 0.566872 0.313246
vt 0.551551 0.266393
vt 0.535471 0.279796
vt 0.520187 0.279796
vt 0.545457 0.245238
vt 0.570726 0.318955
vt 0.702888 0.446640
vt 0.702888 0.319990
vt 0.670540 0.271544
vt 0.665714 0.281823
vt 0.152654 0.259416
vt 0.121773 0.259416
vt 0.064055 0.331392
vt 0.047840 0.281806
vt 0.030822 0.295991
vt 0.069746 0.281806
vt 0.014646 0.295991
vt 0.041390 0.259416
vt 0.068133 0.337435
vt 0.906334 0.219558
vt 0.971332 0.223079
vt 0.766819 0.226491
vt 0.787834 0.226491
vt 0.805142 0.127551
vt 0.761089 0.124313
vt 0.852432 0.049340
vt 0.844321 0.087283
vt 0.845172 0.032377
vt 0.773667 0.019398
vt 0.778854 0.046003
vt 0.823898 0.249499
vt 0.810036 0.077447
vt 0.837530 0.227513
vt 0.871559 0.247193
vt 0.276677 0.048451
vt 0.248170 0.045609
vt 0.069718 0.066813
vt 0.042605 0.057813
vt 0.024191 0.073097
vt 0.616975 0.049599
vt 0.004879 0.068638
vt 0.032987 0.023949
vt 0.074054 0.072002
vt 0.181431 0.725414
vt 0.205716 0.725414
vt 0.222777 0.618613
vt 0.177523 0.597359
vt 0.152043 0.577792
vt 0.158265 0.543635
vt 0.149516 0.526627
vt 0.132544 0.521345
vt 0.123637 0.580215
vt 0.113351 0.611009
vt 0.118525 0.566457
vt 0.124504 0.723482
vt 0.150756 0.738957
vt 0.107807 0.596368
vt 0.228234 0.527600
vt 0.211865 0.529826
vt 0.704117 0.842383
vt 0.674005 0.842383
vt 0.672694 0.965285
vt 0.696216 0.982810
vt 0.522961 0.852534
vt 0.649139 0.758846
vt 0.632545 0.762610
vt 0.507188 0.852534
vt 0.414961 0.246474
vt 0.382326 0.246474
vt 0.321329 0.322538
vt 0.304193 0.270136
vt 0.286208 0.285126
vt 0.327344 0.270136
vt 0.269114 0.285126
vt 0.297376 0.246474
vt 0.325639 0.328924
vt 0.763590 0.864783
vt 0.751256 0.840209
vt 0.781305 0.788910
vt 0.744477 0.823176
vt 0.803321 0.956834
vt 0.828822 0.918934
vt 0.728927 0.882300
vt 0.749604 0.864838
vt 0.714788 0.805265
vt 0.699158 0.805352
vt 0.707368 0.830441
vt 0.707898 0.831381
vt 0.720143 0.831173
vt 0.718257 0.826493
vt 0.719556 0.812618
vt 0.726134 0.819736
vt 0.728341 0.810233
vt 0.722675 0.805163
vt 0.720704 0.772423
vt 0.723969 0.780542
vt 0.729440 0.779308
vt 0.727386 0.768983
vt 0.711466 0.817450
vt 0.704033 0.821082
vt 0.706455 0.827305
vt 0.715438 0.822708
vt 0.732896 0.822086
vt 0.736703 0.812930
vt 0.733634 0.778798
vt 0.730461 0.767007
vt 0.710278 0.840075
vt 0.711256 0.850063
vt 0.724789 0.846428
vt 0.722803 0.837015
vt 0.714190 0.861937
vt 0.725030 0.858040
vt 0.741961 0.791601
vt 0.734810 0.789622
vt 0.725164 0.798628
vt 0.726711 0.789694
vt 0.738532 0.858338
vt 0.743292 0.844499
vt 0.740554 0.834739
vt 0.735576 0.831291
vt 0.848282 0.813719
vt 0.837964 0.784224
vt 0.879305 0.732314
vt 0.833127 0.764402
vt 0.886286 0.917881
vt 0.917568 0.878419
vt 0.809966 0.831373
vt 0.832836 0.811816
vt 0.719427 0.164075
vt 0.708265 0.145356
vt 0.695638 0.070560
vt 0.706951 0.062179
vt 0.697594 0.054615
vt 0.691973 0.047317
vt 0.726265 0.086508
vt 0.729042 0.064109
vt 0.720489 0.053407
vt 0.716537 0.069675
vt 0.668137 0.180207
vt 0.714652 0.185341
vt 0.760668 0.113573
vt 0.749865 0.107122
vt 0.692496 0.075839
vt 0.693741 0.102279
vt 0.699386 0.109604
vt 0.713105 0.092079
vt 0.898623 0.530772
vt 0.869786 0.530772
vt 0.815888 0.597985
vt 0.800746 0.551680
vt 0.784854 0.564926
vt 0.821203 0.551680
vt 0.769748 0.564926
vt 0.794723 0.530772
vt 0.819696 0.603627
vt 0.703559 0.727674
vt 0.638087 0.727233
vt 0.615510 0.728364
vt 0.588316 0.508821
vt 0.593043 0.727641
vt 0.499633 0.995064
vt 0.474054 0.995064
vt 0.496317 0.835904
vt 0.448475 0.995064
vt 0.444135 0.917155
vt 0.446622 0.995064
vt 0.467166 0.572882
vt 0.467166 0.713299
vt 0.374896 0.539173
vt 0.415887 0.563358
vt 0.503536 0.060633
vt 0.511348 0.194129
vt 0.452842 0.029367
vt 0.456631 0.053832
vt 0.962461 0.340751
vt 0.962461 0.482405
vt 0.910730 0.331142
vt 0.538892 0.104826
vt 0.544406 0.040733
vt 0.510718 0.056435
vt 0.656637 0.311399
vt 0.208008 0.338531
vt 0.208008 0.472570
vt 0.159058 0.329438
vt 0.163422 0.219302
vt 0.162821 0.047441
vt 0.099047 0.029207
vt 0.199650 0.543790
vt 0.187332 0.534413
vt 0.199310 0.565777
vt 0.025466 0.687398
vt 0.058909 0.706310
vt 0.033780 0.731174
vt 0.473459 0.330082
vt 0.473459 0.471736
vt 0.421729 0.320473
vt 0.718279 0.045198
vt 0.706656 0.104023
vt 0.728658 0.097613
vt 0.950314 0.729820
vt 0.950314 0.604650
vt 0.904604 0.596160
s 0
usemtl crystal_17_2
f 1/1/1 2/2/1 3/3/1
f 4/4/2 5/1/2 6/3/2
f 7/5/3 8/4/3 9/3/3
f 10/6/4 11/5/4 12/3/4
f 13/7/5 14/6/5 15/3/5
f 16/8/6 17/7/6 18/3/6
f 19/9/7 20/8/7 21/3/7
f 22/2/8 23/9/8 24/3/8
f 25/10/9 26/11/9 27/12/9
f 28/13/10 29/14/10 30/15/10
f 31/14/11 32/16/11 33/15/11
f 34/16/12 35/17/12 36/15/12
f 37/18/13 38/19/13 39/20/13
f 40/17/14 41/21/14 42/15/14
f 43/22/15 44/23/15 45/24/15
f 46/25/16 47/26/16 48/27/16
f 49/28/17 50/29/17 51/30/17
f 52/31/18 53/28/18 54/30/18
f 55/32/19 56/31/19 57/30/19
f 58/33/20 59/32/20 60/30/20
f 61/34/21 62/35/21 63/30/21
f 64/29/22 65/34/22 66/30/22
f 67/36/23 68/37/23 69/38/23
s 1
f 70/37/24 71/39/24 72/38/24
s 0
f 73/40/25 74/41/25 75/42/25
f 76/43/26 77/44/26 78/45/26
f 79/46/27 80/47/27 81/48/27
f 82/49/28 83/26/28 84/25/28
f 85/45/29 86/44/29 87/50/29
f 88/27/30 89/26/30 90/51/30
f 91/52/31 92/53/31 93/54/31
f 94/55/32 95/52/32 96/54/32
f 97/56/33 98/55/33 99/54/33
s 1
f 100/57/34 101/56/34 102/54/34
s 0
f 103/58/35 104/57/35 105/54/35
f 106/53/36 107/58/36 108/54/36
f 109/59/37 110/60/37 111/61/37
f 112/62/38 113/63/38 114/64/38
f 115/65/39 116/59/39 117/61/39
f 118/64/40 119/63/40 120/66/40
f 121/67/41 122/64/41 123/66/41
f 124/68/42 125/69/42 126/70/42
f 127/71/43 128/72/43 129/67/43
f 130/69/44 131/73/44 132/70/44
f 133/74/45 134/75/45 135/76/45
s 1
f 136/77/46 137/74/46 138/76/46
s 0
f 139/78/47 140/77/47 141/76/47
f 142/79/48 143/78/48 144/76/48
f 145/80/49 146/79/49 147/76/49
f 148/75/50 149/80/50 150/76/50
f 151/81/51 152/82/51 153/83/51
f 154/84/52 155/85/52 156/86/52
f 157/87/53 158/88/53 159/89/53
f 160/90/54 161/91/54 162/92/54
f 163/93/55 164/94/55 165/87/55
f 166/91/56 167/95/56 168/92/56
f 169/96/57 170/97/57 171/98/57
f 172/88/58 173/99/58 174/89/58
f 175/100/59 176/101/59 177/102/59
f 178/103/60 179/104/60 180/105/60
f 181/88/61 182/106/61 183/99/61
f 184/107/62 185/108/62 186/109/62
f 187/110/63 188/111/63 189/112/63
f 190/113/64 191/110/64 192/112/64
f 193/114/65 194/113/65 195/112/65
f 196/115/66 197/114/66 198/112/66
f 199/116/67 200/115/67 201/112/67
f 202/111/68 203/116/68 204/112/68
f 205/117/69 206/118/69 207/119/69
f 208/120/70 209/121/70 210/122/70
f 211/123/71 212/124/71 213/125/71
f 214/126/72 215/127/72 216/128/72
f 217/129/73 218/130/73 219/123/73
s 1
f 220/127/74 221/131/74 222/128/74
s 0
f 223/132/75 224/133/75 225/134/75
f 226/124/76 227/135/76 228/125/76
f 229/136/77 230/137/77 231/138/77
f 232/139/78 233/140/78 234/141/78
f 235/124/79 236/142/79 237/135/79
f 238/143/80 239/144/80 240/145/80
s 1
f 241/123/81 242/146/82 243/124/83
s 0
f 244/147/84 245/148/84 246/149/84
f 247/150/85 248/147/85 249/149/85
f 250/151/86 251/150/86 252/149/86
f 253/152/87 254/151/87 255/149/87
f 256/153/88 257/152/88 258/149/88
f 259/148/89 260/153/89 261/149/89
f 262/154/90 263/155/90 264/156/90
f 265/157/91 266/158/91 267/159/91
f 268/160/92 269/161/92 270/162/92
f 271/163/93 272/164/93 273/165/93
f 274/166/94 275/167/94 276/160/94
f 277/164/95 278/168/95 279/165/95
f 280/169/96 281/170/96 282/171/96
f 283/161/97 284/172/97 285/162/97
f 286/173/98 287/174/98 288/175/98
s 1
f 289/176/99 290/177/100 291/178/101
f 292/167/102 293/179/103 294/160/104
s 0
f 295/180/105 296/181/105 297/182/105
f 298/161/106 299/176/106 300/172/106
f 301/183/107 302/184/107 303/185/107
f 304/186/108 305/187/108 306/188/108
f 307/28/109 308/29/109 309/30/109
f 310/31/110 311/28/110 312/30/110
f 313/32/111 314/31/111 315/30/111
f 316/33/112 317/32/112 318/30/112
f 319/34/113 320/35/113 321/30/113
f 322/29/114 323/34/114 324/30/114
f 325/36/115 326/37/115 327/38/115
f 328/37/116 329/39/116 330/38/116
f 331/40/117 332/41/117 333/189/117
f 334/190/118 335/191/118 336/192/118
f 337/193/119 338/194/119 339/195/119
f 340/196/120 341/187/120 342/186/120
f 343/195/121 344/191/121 345/193/121
f 346/41/122 347/197/122 348/189/122
f 349/192/123 350/191/123 351/195/123
f 352/188/124 353/187/124 354/198/124
f 355/110/125 356/199/125 357/112/125
f 358/200/126 359/110/126 360/112/126
f 361/201/127 362/200/127 363/112/127
f 364/202/128 365/201/128 366/112/128
f 367/203/129 368/202/129 369/112/129
f 370/199/130 371/203/130 372/112/130
f 373/204/131 374/205/131 375/206/131
f 376/207/132 377/208/132 378/209/132
f 379/210/133 380/211/133 381/212/133
f 382/213/134 383/214/134 384/215/134
f 385/216/135 386/217/135 387/218/135
f 388/214/136 389/219/136 390/215/136
f 391/220/137 392/221/137 393/222/137
f 394/218/138 395/223/138 396/224/138
f 397/225/139 398/226/139 399/227/139
s 1
f 400/228/140 401/208/141 402/229/142
s 0
f 403/217/143 404/209/143 405/218/143
f 406/230/144 407/231/144 408/207/144
f 409/218/145 410/228/145 411/223/145
f 412/232/146 413/233/146 414/234/146
f 415/235/147 416/236/147 417/237/147
f 418/238/148 419/235/148 420/237/148
f 421/239/149 422/238/149 423/237/149
f 424/240/150 425/239/150 426/237/150
f 427/241/151 428/240/151 429/237/151
f 430/236/152 431/241/152 432/237/152
f 433/242/153 434/243/153 435/244/153
f 436/245/154 437/246/154 438/247/154
f 439/248/155 440/249/155 441/250/155
f 442/251/156 443/252/156 444/253/156
f 445/249/157 446/254/157 447/250/157
f 448/252/158 449/255/158 450/253/158
f 451/256/159 452/257/159 453/258/159
f 454/259/160 455/260/160 456/261/160
s 1
f 457/250/161 458/262/162 459/263/163
s 0
f 460/264/164 461/265/164 462/266/164
f 463/264/165 464/266/165 465/254/165
f 466/267/166 467/268/166 468/269/166
f 469/250/167 470/254/167 471/270/167
s 1
f 472/270/168 458/262/162 457/250/161
f 473/260/169 474/246/170 475/245/171
s 0
f 476/271/172 477/272/172 478/273/172
f 479/274/173 480/271/173 481/273/173
f 482/275/174 483/274/174 484/273/174
f 485/276/175 486/275/175 487/273/175
f 488/277/176 489/276/176 490/273/176
f 491/272/177 492/277/177 493/273/177
f 494/278/178 495/279/178 496/280/178
f 497/281/179 498/282/179 499/283/179
f 500/284/180 501/285/180 502/286/180
f 503/287/181 504/288/181 505/289/181
f 506/290/182 507/291/182 508/292/182
f 509/293/183 510/294/183 511/287/183
s 1
f 512/291/184 513/295/184 514/292/184
s 0
f 515/296/185 516/297/185 517/298/185
f 518/288/186 519/299/186 520/289/186
f 521/300/187 522/301/187 523/302/187
s 1
f 524/294/188 525/283/189 526/287/190
s 0
f 527/303/191 528/304/191 529/281/191
s 1
f 530/288/192 531/305/193 532/299/194
s 0
f 533/306/195 534/307/195 535/308/195
f 536/282/196 537/305/196 538/288/196
s 1
f 539/286/197 540/285/198 541/309/199
s 0
f 542/310/200 543/311/200 544/312/200
f 545/313/201 546/314/201 547/315/201
f 548/316/202 549/317/202 550/318/202
f 551/311/203 552/319/203 553/312/203
f 554/320/204 555/321/204 556/322/204
f 557/323/205 558/320/205 559/322/205
f 560/324/206 561/325/206 562/326/206
f 563/314/207 564/313/207 565/327/207
f 566/110/208 567/328/208 568/112/208
f 569/329/209 570/110/209 571/112/209
f 572/330/210 573/329/210 574/112/210
f 575/331/211 576/330/211 577/112/211
f 578/332/212 579/331/212 580/112/212
f 581/328/213 582/332/213 583/112/213
f 584/333/214 585/334/214 586/335/214
f 587/336/215 588/337/215 589/338/215
f 590/339/216 591/340/216 592/341/216
f 593/342/217 594/343/217 595/344/217
f 596/345/218 597/346/218 598/347/218
f 599/348/219 600/349/219 601/342/219
f 602/346/220 603/350/220 604/347/220
f 605/351/221 606/352/221 607/353/221
f 608/343/222 609/354/222 610/344/222
f 611/355/223 612/356/223 613/357/223
s 1
f 614/349/224 615/338/225 616/342/226
s 0
f 617/358/227 618/359/227 619/336/227
s 1
f 620/343/228 621/360/229 622/354/230
s 0
f 623/361/231 624/362/231 625/363/231
f 626/337/232 627/360/232 628/343/232
s 1
f 629/341/233 630/340/234 631/364/235
s 0
f 632/365/236 633/366/236 634/367/236
f 635/368/237 636/369/237 637/370/237
f 638/371/238 639/372/238 640/373/238
f 641/366/239 642/374/239 643/367/239
f 644/375/240 645/376/240 646/377/240
f 647/378/241 648/379/241 649/380/241
f 650/369/242 651/368/242 652/381/242
f 653/382/243 654/378/243 655/383/243
s 1
f 656/384/244 657/385/244 658/386/244
s 0
f 659/387/245 660/384/245 661/386/245
f 662/388/246 663/387/246 664/386/246
f 665/389/247 666/390/247 667/391/247
f 668/392/248 669/393/248 670/394/248
f 671/385/249 672/395/249 673/386/249
f 674/396/250 675/397/250 676/398/250
f 677/399/251 678/400/251 679/401/251
f 680/402/252 681/403/252 682/404/252
f 683/405/253 684/406/253 685/407/253
f 686/407/254 687/408/254 688/403/254
f 689/406/255 690/408/255 691/407/255
s 1
f 692/409/256 693/410/257 694/411/258
s 0
f 695/412/259 696/396/259 697/398/259
s 1
f 698/413/260 699/414/261 700/415/262
s 0
f 701/416/263 702/399/263 703/401/263
f 704/417/264 705/418/264 706/409/264
f 707/414/265 708/409/265 709/411/265
f 710/419/266 711/401/266 712/400/266
s 1
f 713/418/267 693/410/257 692/409/256
f 714/417/268 715/409/269 698/413/260
f 698/413/260 715/409/269 699/414/261
s 0
f 716/420/270 717/421/270 718/422/270
f 719/423/271 720/420/271 721/422/271
f 722/424/272 723/423/272 724/422/272
f 725/425/273 726/424/273 727/422/273
f 728/426/274 729/425/274 730/422/274
f 731/421/275 732/426/275 733/422/275
f 734/427/276 735/428/276 736/429/276
f 737/430/277 738/431/277 739/432/277
f 740/433/278 741/434/278 742/435/278
f 743/436/279 744/437/279 745/438/279
s 1
f 746/439/280 747/440/280 748/441/280
s 0
f 749/442/281 750/443/281 751/436/281
f 752/440/282 753/444/282 754/441/282
f 755/445/283 756/446/283 757/447/283
f 758/437/284 759/448/284 760/438/284
f 761/449/285 762/450/285 763/451/285
s 1
f 764/443/286 765/432/287 766/436/288
s 0
f 767/452/289 768/453/289 769/430/289
s 1
f 770/437/290 771/454/291 772/448/292
s 0
f 773/455/293 774/456/293 775/457/293
s 1
f 776/431/294 777/454/294 778/437/294
f 779/435/295 780/434/296 781/458/292
f 782/459/297 783/460/298 784/461/299
f 785/459/300 786/461/301 787/462/302
f 788/463/303 783/460/298 782/459/297
f 789/464/304 785/459/300 787/462/302
f 790/465/305 791/464/306 792/462/307
f 793/466/308 783/460/298 788/463/303
f 794/467/309 795/468/310 796/469/311
f 797/470/312 798/471/313 799/472/314
f 800/473/315 801/474/316 802/475/317
f 803/476/318 804/477/319 805/478/320
f 806/467/321 807/469/322 808/479/323
f 809/470/324 810/472/325 811/480/326
f 812/481/327 813/482/328 814/483/329
f 815/481/330 816/483/331 817/484/332
f 818/485/333 813/482/328 812/481/327
f 819/486/334 815/481/330 817/484/332
f 820/487/335 821/486/336 822/484/337
f 823/488/338 813/482/328 818/485/333
s 0
f 824/489/339 825/490/339 826/491/339
f 827/492/340 828/489/340 829/491/340
f 830/493/341 831/494/341 832/495/341
f 833/496/342 834/497/342 835/498/342
f 836/499/343 837/500/343 838/501/343
f 839/502/344 840/499/344 841/503/344
f 842/489/345 843/492/345 844/504/345
f 845/489/346 846/504/346 847/505/346
f 848/506/347 849/507/347 850/508/347
f 851/509/348 852/506/348 853/508/348
f 854/510/349 855/509/349 856/508/349
f 857/511/350 858/510/350 859/508/350
f 860/512/351 861/511/351 862/508/351
s 1
f 863/507/352 864/512/352 865/508/352
s 0
f 866/513/353 867/514/353 868/515/353
f 869/516/354 870/517/354 871/518/354
f 872/519/355 873/520/355 874/521/355
f 875/522/356 876/523/356 877/524/356
f 878/525/357 879/526/357 880/527/357
f 881/528/358 882/529/358 883/522/358
f 884/526/359 885/530/359 886/527/359
f 887/531/360 888/532/360 889/533/360
f 890/523/361 891/534/361 892/524/361
f 893/535/362 894/536/362 895/537/362
s 1
f 896/529/363 897/518/364 898/522/365
s 0
f 899/538/366 900/539/366 901/516/366
s 1
f 902/523/367 903/540/368 904/534/369
s 0
f 905/541/370 906/542/370 907/543/370
s 1
f 908/517/371 909/540/371 910/523/371
f 911/521/372 912/520/373 913/544/369
f 914/545/374 915/546/375 916/547/375
f 914/545/374 916/547/375 917/548/375
f 918/546/376 919/549/376 920/550/376
f 918/546/376 920/550/376 921/547/376
s 0
f 922/551/377 923/552/377 924/16/377
f 922/551/377 924/16/377 925/14/377
s 1
f 926/552/378 927/553/378 928/17/378
f 926/552/378 928/17/378 929/16/378
f 930/554/379 931/19/380 932/18/379
f 930/554/379 932/18/379 933/555/381
f 934/556/382 935/557/383 936/558/382
f 934/556/382 936/558/382 937/559/382
f 938/560/384 939/561/384 940/554/384
f 938/560/384 940/554/384 941/555/384
f 942/558/385 943/557/385 944/562/385
f 942/558/385 944/562/385 945/563/386
f 946/23/387 947/564/388 948/565/387
f 946/23/387 948/565/387 949/24/387
f 950/566/389 951/567/389 952/37/389
f 950/566/389 952/37/389 953/36/389
f 954/567/390 955/568/390 956/39/390
f 954/567/390 956/39/390 957/37/390
f 958/569/391 959/570/392 960/41/391
f 958/569/391 960/41/391 961/40/392
f 962/571/393 963/572/394 964/573/393
f 962/571/393 964/573/393 965/574/393
f 966/575/395 967/576/395 968/36/395
f 966/575/395 968/36/395 969/38/395
f 970/577/396 971/574/396 972/573/396
f 970/577/396 972/573/396 973/578/397
f 974/35/398 975/579/399 976/580/399
f 974/35/398 976/580/399 977/30/398
f 978/27/400 979/51/400 980/47/401
f 978/27/400 980/47/401 981/46/400
f 982/580/402 983/581/402 984/33/403
f 982/580/402 984/33/403 985/30/403
f 986/582/404 987/25/404 988/27/405
f 986/582/404 988/27/405 989/43/406
f 990/50/407 991/44/408 992/46/407
f 990/50/407 992/46/407 993/48/407
f 994/41/409 995/197/409 996/583/410
f 994/41/409 996/583/410 997/42/410
f 998/43/411 999/27/412 1000/46/413
f 998/43/411 1000/46/413 1001/44/413
s 0
f 1002/584/414 1003/585/414 1004/60/414
f 1002/584/414 1004/60/414 1005/59/414
f 1006/586/415 1007/587/415 1008/62/415
f 1006/586/415 1008/62/415 1009/72/415
s 1
f 1010/588/416 1011/589/417 1012/590/416
f 1010/588/416 1012/590/416 1013/591/416
f 1014/589/418 1015/592/419 1016/593/420
f 1014/589/418 1016/593/420 1017/590/420
f 1018/594/421 1019/595/421 1020/596/422
f 1018/594/421 1020/596/422 1021/70/421
s 0
f 1022/72/423 1023/62/423 1024/64/423
f 1022/72/423 1024/64/423 1025/67/423
s 1
f 1026/597/424 1027/71/425 1028/67/425
f 1026/597/424 1028/67/425 1029/66/425
f 1030/598/426 1031/596/427 1032/595/426
f 1030/598/426 1032/595/426 1033/599/427
f 1034/70/428 1035/73/428 1036/600/428
f 1034/70/428 1036/600/428 1037/594/428
f 1038/68/429 1039/70/429 1040/596/430
f 1038/68/429 1040/596/430 1041/598/429
s 0
f 1042/601/414 1043/602/414 1044/82/414
f 1042/601/414 1044/82/414 1045/81/414
s 1
f 1046/603/431 1047/604/431 1048/605/432
f 1046/603/431 1048/605/432 1049/92/433
f 1050/105/434 1051/606/435 1052/607/434
f 1050/105/434 1052/607/434 1053/608/434
f 1054/609/436 1055/93/436 1056/87/436
f 1054/609/436 1056/87/436 1057/89/436
f 1058/610/437 1059/605/437 1060/604/438
f 1058/610/437 1060/604/438 1061/611/437
f 1062/92/439 1063/95/439 1064/612/440
f 1062/92/439 1064/612/440 1065/603/441
f 1066/90/442 1067/92/442 1068/605/442
f 1066/90/442 1068/605/442 1069/610/442
f 1070/86/443 1071/85/444 1072/613/443
f 1070/86/443 1072/613/443 1073/614/444
f 1074/103/445 1075/105/445 1076/608/445
f 1074/103/445 1076/608/445 1077/94/446
f 1078/615/447 1079/616/447 1080/118/448
f 1078/615/447 1080/118/448 1081/117/448
f 1082/617/449 1083/618/449 1084/619/449
f 1082/617/449 1084/619/449 1085/128/449
f 1086/141/450 1087/620/450 1088/146/450
f 1086/141/450 1088/146/450 1089/621/451
f 1090/622/452 1091/129/452 1092/123/452
f 1090/622/452 1092/123/452 1093/125/452
f 1094/623/453 1095/619/453 1096/618/454
f 1094/623/453 1096/618/454 1097/624/453
f 1098/128/455 1099/131/455 1100/625/455
f 1098/128/455 1100/625/455 1101/617/455
f 1102/126/456 1103/128/457 1104/619/456
f 1102/126/456 1104/619/456 1105/623/456
f 1106/122/458 1107/121/458 1108/626/458
f 1106/122/458 1108/626/458 1109/627/459
f 1110/130/460 1111/621/460 242/146/82
f 1110/130/460 242/146/82 241/123/81
f 1112/139/461 1113/141/461 1114/621/462
f 1112/139/461 1114/621/462 1115/130/462
f 1116/146/463 1117/628/464 1118/142/465
f 1116/146/463 1118/142/465 1119/124/466
f 1120/629/467 1121/630/467 1122/155/468
f 1120/629/467 1122/155/468 1123/154/467
f 1124/631/469 1125/632/469 1126/633/470
f 1124/631/469 1126/633/470 1127/165/470
f 1128/182/471 1129/177/472 1130/634/473
f 1128/182/471 1130/634/473 1131/179/471
f 1132/635/474 1133/166/474 1134/160/474
f 1132/635/474 1134/160/474 1135/162/475
f 1136/636/476 1137/633/476 1138/632/476
f 1136/636/476 1138/632/476 1139/637/476
f 1140/165/477 1141/168/477 1142/638/477
f 1140/165/477 1142/638/477 1143/631/477
f 1144/163/478 1145/165/478 1146/633/478
f 1144/163/478 1146/633/478 1147/636/478
f 1148/159/479 1149/158/480 1150/639/480
f 1148/159/479 1150/639/480 1151/640/481
f 1152/180/482 1153/182/482 1154/179/483
f 1152/180/482 1154/179/483 1155/167/483
f 294/160/104 293/179/103 1156/634/484
f 294/160/104 1156/634/484 1157/161/485
f 1158/634/486 290/177/100 289/176/99
f 1158/634/486 289/176/99 1159/161/487
f 1160/566/488 1161/567/488 1162/37/488
f 1160/566/488 1162/37/488 1163/36/488
f 1164/567/489 1165/568/489 1166/39/490
f 1164/567/489 1166/39/490 1167/37/490
f 1168/569/491 1169/570/492 1170/41/493
f 1168/569/491 1170/41/493 1171/40/493
f 1172/571/494 1173/572/495 1174/573/496
f 1172/571/494 1174/573/496 1175/574/497
f 1176/575/498 1177/576/499 1178/36/500
f 1176/575/498 1178/36/500 1179/38/501
f 1180/577/502 1181/574/502 1182/573/503
f 1180/577/502 1182/573/503 1183/578/503
f 1184/35/504 1185/579/504 1186/580/504
f 1184/35/504 1186/580/504 1187/30/505
f 1188/188/506 1189/198/506 1190/194/507
f 1188/188/506 1190/194/507 1191/193/507
f 1192/580/508 1193/581/508 1194/33/508
f 1192/580/508 1194/33/508 1195/30/508
f 1196/641/509 1197/186/509 1198/188/510
f 1196/641/509 1198/188/510 1199/190/510
f 1200/190/511 1201/188/511 1202/193/512
f 1200/190/511 1202/193/512 1203/191/512
f 1204/642/513 1205/643/513 1206/205/514
f 1204/642/513 1206/205/514 1207/204/515
f 1208/644/516 1209/645/516 1210/646/516
f 1208/644/516 1210/646/516 1211/215/516
f 1212/647/517 1213/216/517 1214/218/517
f 1212/647/517 1214/218/517 1215/224/517
f 1216/648/518 1217/646/519 1218/645/518
f 1216/648/518 1218/645/518 1219/649/518
f 1220/215/520 1221/219/520 1222/650/520
f 1220/215/520 1222/650/520 1223/644/520
f 1224/213/521 1225/215/521 1226/646/521
f 1224/213/521 1226/646/521 1227/648/521
f 1228/212/522 1229/211/522 1230/651/522
f 1228/212/522 1230/651/522 1231/652/523
f 1232/230/524 1233/207/524 1234/209/524
f 1232/230/524 1234/209/524 1235/217/525
f 1236/209/526 401/208/141 400/228/140
f 1236/209/526 400/228/140 1237/218/527
f 1238/653/528 1239/654/528 1240/243/529
f 1238/653/528 1240/243/529 1241/242/530
f 1242/655/531 1243/656/532 1244/657/531
f 1242/655/531 1244/657/531 1245/253/531
f 1246/266/533 1247/262/534 1248/270/533
f 1246/266/533 1248/270/533 1249/254/535
f 1250/658/536 1251/657/537 1252/656/536
f 1250/658/536 1252/656/536 1253/659/536
f 1254/253/538 1255/255/539 1256/660/540
f 1254/253/538 1256/660/540 1257/655/541
f 1258/251/542 1259/253/542 1260/657/542
f 1258/251/542 1260/657/542 1261/658/542
f 473/260/169 1262/661/543 1263/662/544
f 473/260/169 1263/662/544 474/246/170
f 1264/247/545 1265/246/546 1266/663/545
f 1264/247/545 1266/663/545 1267/664/545
f 1268/665/547 1269/666/547 1270/279/548
f 1268/665/547 1270/279/548 1271/278/548
f 1272/667/549 1273/668/549 1274/669/549
f 1272/667/549 1274/669/549 1275/292/549
f 1276/670/550 1277/293/550 1278/287/550
f 1276/670/550 1278/287/550 1279/289/551
f 1280/671/552 1281/669/552 1282/668/553
f 1280/671/552 1282/668/553 1283/672/552
f 1284/292/554 1285/295/554 1286/673/554
f 1284/292/554 1286/673/554 1287/667/555
f 1288/290/556 1289/292/557 1290/669/556
f 1288/290/556 1290/669/556 1291/671/556
f 1292/303/558 1293/281/558 1294/283/558
f 1292/303/558 1294/283/558 1295/294/558
f 526/287/190 525/283/189 1296/282/559
f 526/287/190 1296/282/559 1297/288/559
s 0
f 1298/311/560 1299/310/560 1300/674/560
f 1298/311/560 1300/674/560 1301/675/560
f 1302/676/561 1303/677/561 1304/678/561
f 1302/676/561 1304/678/561 1305/679/561
s 1
f 1306/324/562 1307/326/563 1308/680/562
f 1306/324/562 1308/680/562 1309/681/563
f 1310/680/564 1311/326/565 1312/325/565
f 1310/680/564 1312/325/565 1313/682/565
f 1314/321/566 1315/683/566 1316/684/566
f 1314/321/566 1316/684/566 1317/322/566
f 1318/685/567 1319/324/567 1320/681/568
f 1318/685/567 1320/681/568 1321/686/567
f 1322/687/569 1323/688/570 1324/325/569
f 1322/687/569 1324/325/569 1325/324/569
f 1326/689/571 1327/690/572 1328/334/573
f 1326/689/571 1328/334/573 1329/333/572
f 1330/691/574 1331/692/575 1332/693/575
f 1330/691/574 1332/693/575 1333/347/575
f 1334/694/576 1335/348/576 1336/342/576
f 1334/694/576 1336/342/576 1337/344/577
f 1338/695/578 1339/693/578 1340/692/579
f 1338/695/578 1340/692/579 1341/696/578
f 1342/347/580 1343/350/581 1344/697/581
f 1342/347/580 1344/697/581 1345/691/581
f 1346/345/582 1347/347/583 1348/693/582
f 1346/345/582 1348/693/582 1349/695/582
f 1350/358/584 1351/336/584 1352/338/584
f 1350/358/584 1352/338/584 1353/349/584
f 616/342/226 615/338/225 1354/337/585
f 616/342/226 1354/337/585 1355/343/586
s 0
f 1356/698/587 1357/699/587 1358/700/587
f 1356/698/587 1358/700/587 1359/701/587
s 1
f 1360/702/588 1361/703/589 1362/704/588
f 1360/702/588 1362/704/588 1363/705/588
f 1364/378/590 1365/380/591 1366/706/590
f 1364/378/590 1366/706/590 1367/707/591
f 1368/706/592 1369/380/592 1370/379/592
f 1368/706/592 1370/379/592 1371/708/592
f 1372/709/593 1373/710/594 1374/379/594
f 1372/709/593 1374/379/594 1375/378/594
f 1376/383/595 1377/378/596 1378/707/597
f 1376/383/595 1378/707/597 1379/711/597
f 1380/376/598 1381/712/599 1382/713/598
f 1380/376/598 1382/713/598 1383/377/598
f 1384/714/600 1385/715/601 1386/716/600
f 1384/714/600 1386/716/600 1387/717/600
f 1388/403/602 1389/402/602 1390/718/602
f 1388/403/602 1390/718/602 1391/407/602
f 1392/397/603 1393/719/604 1394/720/604
f 1392/397/603 1394/720/604 1395/398/605
f 1396/405/606 1397/407/606 1398/718/607
f 1396/405/606 1398/718/607 1399/721/607
f 1400/722/608 1401/723/608 1402/428/609
f 1400/722/608 1402/428/609 1403/427/609
f 1404/724/610 1405/725/610 1406/726/610
f 1404/724/610 1406/726/610 1407/441/610
f 1408/727/611 1409/442/611 1410/436/611
f 1408/727/611 1410/436/611 1411/438/612
f 1412/728/613 1413/726/613 1414/725/614
f 1412/728/613 1414/725/614 1415/729/614
f 1416/441/615 1417/444/615 1418/730/615
f 1416/441/615 1418/730/615 1419/724/615
f 1420/439/616 1421/441/617 1422/726/616
f 1420/439/616 1422/726/616 1423/728/616
f 1424/452/618 1425/430/618 1426/432/619
f 1424/452/618 1426/432/619 1427/443/620
f 766/436/288 765/432/287 1428/431/621
f 766/436/288 1428/431/621 1429/437/622
f 1430/731/623 791/464/306 790/465/305
f 1430/731/623 790/465/305 1431/732/623
f 1432/732/624 1433/465/624 1434/733/624
f 1432/732/624 1434/733/624 1435/734/624
f 1436/460/625 1437/735/625 1438/736/625
f 1436/460/625 1438/736/625 1439/461/625
f 1440/737/626 1441/466/626 1442/463/626
f 1440/737/626 1442/463/626 1443/738/626
f 1444/463/627 785/459/300 789/464/304
f 1444/463/627 789/464/304 1445/731/627
f 1446/467/628 1447/479/629 1448/739/630
f 1446/467/628 1448/739/630 1449/740/631
f 1450/741/632 1451/742/633 1452/743/634
f 1450/741/632 1452/743/634 1453/744/632
f 1454/745/635 1455/746/636 1456/747/637
f 1454/745/635 1456/747/637 1457/748/638
f 1458/749/639 1459/750/640 1460/751/641
f 1458/749/639 1460/751/641 1461/752/642
f 1462/753/643 1463/754/644 1464/755/645
f 1462/753/643 1464/755/645 1465/756/646
f 1455/746/636 1466/757/647 1467/758/648
f 1455/746/636 1467/758/648 1456/747/637
f 1461/752/642 1460/751/641 1468/759/649
f 1461/752/642 1468/759/649 1469/760/649
f 1465/756/646 1464/755/645 1470/741/650
f 1465/756/646 1470/741/650 1471/744/650
f 1447/479/629 1454/745/635 1457/748/638
f 1447/479/629 1457/748/638 1448/739/630
f 811/480/326 810/472/325 1459/750/640
f 811/480/326 1459/750/640 1458/749/639
f 796/469/311 795/468/310 1463/754/644
f 796/469/311 1463/754/644 1462/753/643
f 1472/761/651 1473/762/652 1474/763/653
f 1472/761/651 1474/763/653 1475/764/654
f 1473/762/652 1476/765/655 1477/766/655
f 1473/762/652 1477/766/655 1474/763/653
f 800/473/315 802/475/317 1478/767/656
f 800/473/315 1478/767/656 1479/768/657
f 1480/769/658 800/473/315 1479/768/657
f 1480/769/658 1479/768/657 1481/770/659
f 804/477/319 1480/769/658 1481/770/659
f 804/477/319 1481/770/659 1482/471/660
f 805/478/320 804/477/319 1482/471/660
f 805/478/320 1482/471/660 1483/470/661
f 1451/742/633 1472/761/651 1475/764/654
f 1451/742/633 1475/764/654 1452/743/634
f 1456/747/637 1467/758/648 801/474/316
f 1456/747/637 801/474/316 800/473/315
f 1457/748/638 1456/747/637 800/473/315
f 1457/748/638 800/473/315 1480/769/658
f 1448/739/630 1457/748/638 1480/769/658
f 1448/739/630 1480/769/658 804/477/319
f 1449/740/631 1448/739/630 804/477/319
f 1449/740/631 804/477/319 803/476/318
f 799/472/314 798/471/313 1484/770/662
f 799/472/314 1484/770/662 1485/750/663
f 1486/751/664 1485/750/663 1484/770/662
f 1486/751/664 1484/770/662 1487/768/665
f 1488/759/666 1486/751/664 1487/768/665
f 1488/759/666 1487/768/665 1489/767/666
f 1490/763/667 1491/766/668 1492/771/669
f 1490/763/667 1492/771/669 1493/772/670
f 1494/764/671 1490/763/667 1493/772/670
f 1494/764/671 1493/772/670 1495/773/672
f 1496/743/673 1494/764/671 1495/773/672
f 1496/743/673 1495/773/672 1497/774/674
f 1498/744/675 1496/743/673 1497/774/674
f 1498/744/675 1497/774/674 1499/757/676
f 1500/746/677 1501/756/678 1502/744/679
f 1500/746/677 1502/744/679 1503/757/679
f 1504/745/680 1505/753/681 1501/756/678
f 1504/745/680 1501/756/678 1500/746/677
f 808/479/323 807/469/322 1505/753/681
f 808/479/323 1505/753/681 1504/745/680
f 1506/775/682 821/486/336 820/487/335
f 1506/775/682 820/487/335 1507/776/683
f 1508/776/684 1509/487/685 1510/777/684
f 1508/776/684 1510/777/684 1511/778/685
f 1512/482/686 1513/779/686 1514/780/686
f 1512/482/686 1514/780/686 1515/483/686
f 1516/781/687 1517/488/687 1518/485/687
f 1516/781/687 1518/485/687 1519/782/687
f 1520/485/688 815/481/330 819/486/334
f 1520/485/688 819/486/334 1521/775/688
f 1522/783/689 1523/784/689 1524/500/689
f 1522/783/689 1524/500/689 1525/499/690
f 1526/785/691 1527/786/692 1528/787/691
f 1526/785/691 1528/787/691 1529/788/691
f 1530/789/693 1531/790/693 1532/791/693
f 1530/789/693 1532/791/693 1533/792/694
f 1534/793/695 1535/503/695 1536/499/695
f 1534/793/695 1536/499/695 1537/501/695
f 1538/794/696 1539/783/697 1540/499/698
f 1538/794/696 1540/499/698 1541/502/697
f 1542/505/699 1543/504/699 1544/795/699
f 1542/505/699 1544/795/699 1545/796/699
f 1546/797/700 1547/798/700 1548/799/700
f 1546/797/700 1548/799/700 1549/800/701
f 1550/801/702 1551/802/702 1552/514/702
f 1550/801/702 1552/514/702 1553/513/703
f 1554/803/704 1555/804/704 1556/805/705
f 1554/803/704 1556/805/705 1557/527/705
f 1558/806/706 1559/528/707 1560/522/706
f 1558/806/706 1560/522/706 1561/524/708
f 1562/807/709 1563/805/709 1564/804/710
f 1562/807/709 1564/804/710 1565/808/709
f 1566/527/711 1567/530/711 1568/809/711
f 1566/527/711 1568/809/711 1569/803/711
f 1570/525/712 1571/527/712 1572/805/712
f 1570/525/712 1572/805/712 1573/807/713
f 1574/538/714 1575/516/714 1576/518/715
f 1574/538/714 1576/518/715 1577/529/714
f 898/522/365 897/518/364 1578/517/716
f 898/522/365 1578/517/716 1579/523/716
f 1584/554/717 1582/20/718 1583/19/718
f 1582/20/718 1584/554/717 1580/561/718
f 1582/20/718 1580/561/718 1581/810/718
f 1586/811/719 1589/556/719 1585/812/720
f 1589/556/719 1586/811/719 1587/562/720
f 1589/556/719 1587/562/720 1588/557/720
f 1591/812/721 1594/813/722 1590/814/721
f 1594/813/722 1591/812/721 1592/556/722
f 1594/813/722 1592/556/722 1593/559/721
f 1596/815/723 1599/571/723 1595/816/723
f 1599/571/723 1596/815/723 1597/817/724
f 1599/571/723 1597/817/724 1598/572/724
f 1601/816/725 1604/577/726 1600/818/726
f 1604/577/726 1601/816/725 1602/571/726
f 1604/577/726 1602/571/726 1603/574/727
f 1607/819/728 1605/570/728 1606/820/729
f 1605/570/728 1607/819/728 1609/41/729
f 1609/41/729 1607/819/728 1608/197/728
f 1612/821/730 1610/101/730 1611/822/731
f 1610/101/730 1612/821/730 1614/84/730
f 1614/84/730 1612/821/730 1613/85/730
f 1615/607/732 1618/106/732 1619/88/732
f 1618/106/732 1615/607/732 1616/606/732
f 1618/106/732 1616/606/732 1617/823/732
f 1620/94/733 1623/88/734 1624/87/733
f 1623/88/734 1620/94/733 1622/607/733
f 1622/607/733 1620/94/733 1621/608/733
f 1629/824/735 1627/84/736 1628/86/737
f 1627/84/736 1629/824/735 1625/102/738
f 1627/84/736 1625/102/738 1626/101/738
f 1632/825/739 1630/137/739 1631/826/739
f 1630/137/739 1632/825/739 1633/121/739
f 1634/120/740 1630/137/739 1633/121/739
f 1635/620/741 1117/628/464 1116/146/463
f 1117/628/464 1636/827/742 1118/142/465
f 1636/827/742 1117/628/464 1635/620/741
f 1638/137/743 1641/828/744 1637/138/743
f 1641/828/744 1638/137/743 1640/122/744
f 1640/122/744 1638/137/743 1639/120/743
f 1644/829/745 1645/158/745 1643/830/745
f 1643/830/745 1646/157/746 1642/174/745
f 1646/157/746 1643/830/745 1645/158/745
f 1648/174/747 1651/831/748 1647/175/747
f 1651/831/748 1648/174/747 1650/159/748
f 1650/159/748 1648/174/747 1649/157/747
f 1653/815/749 1656/571/750 1652/816/751
f 1656/571/750 1653/815/749 1654/817/750
f 1656/571/750 1654/817/750 1655/572/752
f 1658/816/753 1661/577/754 1657/818/753
f 1661/577/754 1658/816/753 1659/571/755
f 1661/577/754 1659/571/755 1660/574/755
f 1664/819/756 1662/570/756 1663/820/756
f 1662/570/756 1664/819/756 1666/41/757
f 1666/41/757 1664/819/756 1665/197/756
f 1668/832/758 1671/210/759 1667/226/758
f 1671/210/759 1668/832/758 1670/211/758
f 1670/211/758 1668/832/758 1669/833/758
f 1674/210/760 1672/227/761 1673/226/761
f 1672/227/761 1674/210/760 1676/834/762
f 1676/834/762 1674/210/760 1675/212/760
f 1679/245/763 1677/261/764 1678/260/764
f 1677/261/764 1679/245/763 1681/835/763
f 1681/835/763 1679/245/763 1680/247/763
f 1684/836/765 1685/285/765 1683/837/765
f 1683/837/765 1686/284/765 1682/301/765
f 1686/284/765 1683/837/765 1685/285/765
f 1691/838/766 1689/284/767 1690/286/766
f 1689/284/767 1691/838/766 1687/302/768
f 1689/284/767 1687/302/768 1688/301/768
f 1692/356/769 1695/340/769 1696/339/769
f 1695/340/769 1692/356/769 1693/839/769
f 1693/839/769 1694/840/769 1695/340/769
f 1699/339/770 1697/357/770 1698/356/770
f 1697/357/770 1699/339/770 1701/841/770
f 1701/841/770 1699/339/770 1700/341/770
f 1703/842/771 1706/377/771 1702/713/771
f 1706/377/771 1703/842/771 1704/843/771
f 1706/377/771 1704/843/771 1705/844/772
f 1709/845/773 1707/366/774 1708/365/774
f 1707/366/774 1709/845/773 1711/846/773
f 1711/846/773 1709/845/773 1710/847/773
f 1714/848/775 1712/450/775 1713/849/775
f 1712/450/775 1714/848/775 1715/434/775
f 1712/450/775 1715/434/775 1716/433/775
f 1721/850/776 1719/433/776 1720/435/777
f 1719/433/776 1721/850/776 1717/451/776
f 1719/433/776 1717/451/776 1718/450/776
f 1723/786/778 1726/851/778 1722/787/778
f 1726/851/778 1723/786/778 1724/792/778
f 1726/851/778 1724/792/778 1725/791/779
f 1729/505/780 1727/490/780 1728/489/780
f 1727/490/780 1729/505/780 1731/852/780
f 1731/852/780 1729/505/780 1730/853/781
f 1733/854/782 1736/519/783 1732/536/782
f 1736/519/783 1733/854/782 1735/520/782
f 1735/520/782 1733/854/782 1734/855/782
f 1738/536/784 1741/856/785 1737/537/785
f 1741/856/785 1738/536/784 1739/519/786
f 1741/856/785 1739/519/786 1740/521/785
