# Blender 5.2.0 LTS
# www.blender.org
mtllib altar_table.mtl
o Object_4
v -1.794405 0.120398 0.779004
v -1.813555 0.009364 0.813863
v -1.162271 0.009364 0.813863
v -1.155074 0.120398 0.779004
v -1.579019 0.754660 0.640071
v -1.579019 0.754660 -0.640611
v -1.577279 0.634956 -0.632355
v -1.577279 0.634956 0.631815
v 1.794853 0.120398 -0.779544
v 1.814003 0.009364 -0.814403
v 1.162719 0.009364 -0.814403
v 1.155522 0.120398 -0.779544
v 1.817210 0.009454 -0.811384
v 1.798574 0.117582 -0.777438
v 1.798574 0.117582 0.776896
v 1.817210 0.009454 0.810843
v 1.989962 1.398747 -0.868694
v 1.985755 1.407632 -0.866587
v 1.985755 1.407632 0.866046
v 1.989962 1.398747 0.868152
v 1.852294 1.287544 -0.811359
v 1.852294 1.287544 0.810817
v 1.775524 1.246685 0.730201
v 1.775524 1.246685 -0.730743
v 1.952048 1.324674 -0.854090
v 1.952048 1.324674 0.853549
v -1.794405 0.120398 -0.779544
v -1.754704 0.151683 -0.752282
v -1.148525 0.151544 -0.752403
v -1.155075 0.120398 -0.779544
v -1.813556 0.009364 -0.814403
v -1.162272 0.009364 -0.814403
v -1.982044 1.407632 0.869009
v 1.982492 1.407632 0.869009
v 1.979739 1.414613 0.867800
v -1.979290 1.414613 0.867800
v 1.814003 0.009364 0.813862
v 1.794853 0.120398 0.779003
v 1.155522 0.120398 0.779003
v 1.162719 0.009364 0.813862
v -1.773364 1.242603 0.727950
v -1.773364 1.242603 -0.728490
v -1.777678 1.228011 -0.729281
v -1.777678 1.228011 0.728741
v -1.848088 1.287544 -0.814465
v 1.848535 1.287544 -0.814466
v 1.771671 1.246635 -0.733781
v -1.771223 1.246635 -0.733780
v -1.770313 1.242490 -0.731387
v 1.770760 1.242490 -0.731387
v 1.775036 1.228011 -0.732174
v -1.774589 1.228011 -0.732173
v 1.574730 0.634956 0.634750
v 1.576483 0.754660 0.642999
v 1.000105 0.754647 0.642999
v 1.016897 0.634956 0.634750
v 1.773812 1.242603 -0.728490
v 1.773812 1.242603 0.727949
v 1.778126 1.228011 0.728740
v 1.778126 1.228011 -0.729282
v -1.124022 0.253920 -0.691778
v -1.675100 0.253911 -0.691782
v -1.659694 0.291185 -0.677516
v -1.114289 0.291185 -0.677516
v 1.755151 0.151683 -0.752283
v 1.148972 0.151544 -0.752404
v 1.660142 0.291185 -0.677516
v 1.675547 0.253911 -0.691782
v 1.124469 0.253920 -0.691779
v 1.114735 0.291185 -0.677516
v 1.770760 1.242490 0.730846
v -1.770313 1.242490 0.730847
v -1.774589 1.228011 0.731633
v 1.775037 1.228011 0.731632
v 1.986678 1.398747 0.871122
v -1.986229 1.398747 0.871122
v -1.814391 0.006638 0.811861
v -1.814391 0.006638 -0.812401
v -1.162402 0.006638 -0.812402
v -1.162402 0.006638 0.811861
v -1.851847 1.287544 0.810818
v -1.851847 1.287544 -0.811358
v -1.775077 1.246685 -0.730742
v -1.775077 1.246685 0.730202
v -1.722221 1.107674 0.701785
v -1.722221 1.107674 -0.702325
v -1.621374 1.048761 -0.662103
v -1.621374 1.048761 0.661563
v -1.574282 0.634956 0.634750
v -1.016450 0.634956 0.634750
v -0.999657 0.754647 0.642999
v -1.576035 0.754660 0.642999
v -1.593561 0.514947 0.637336
v -1.045931 0.514947 0.637336
v -1.623804 0.398980 0.651338
v -1.081394 0.398980 0.651338
v -1.659694 0.291185 0.676976
v -1.114288 0.291185 0.676976
v -1.947921 1.324674 -0.857159
v 1.948368 1.324674 -0.857160
v -1.718491 1.107674 -0.705288
v 1.718939 1.107674 -0.705288
v 1.619617 1.049679 -0.665696
v -1.619170 1.049679 -0.665696
v 1.577727 0.634956 -0.632356
v 1.577727 0.634956 0.631814
v 1.597028 0.514947 0.634387
v 1.597028 0.514947 -0.634928
v -1.596581 0.514947 -0.634928
v -1.596581 0.514947 0.634387
v 1.627303 0.398980 0.648368
v 1.627303 0.398980 -0.648910
v -1.626855 0.398980 -0.648909
v -1.626855 0.398980 0.648369
v 1.663232 0.291185 0.673980
v 1.663232 0.291185 -0.674521
v -1.662785 0.291185 -0.674521
v -1.662784 0.291185 0.673980
v 1.678683 0.253911 0.688216
v 1.678683 0.253911 -0.688757
v -1.678235 0.253911 -0.688756
v -1.678235 0.253911 0.688216
v -1.973215 1.337287 0.862705
v -1.973215 1.337287 -0.863245
v -1.951600 1.324674 -0.854090
v -1.951600 1.324674 0.853549
v -1.795397 0.122167 -0.774903
v -1.795397 0.122167 0.774362
v -1.757959 0.151684 0.748648
v -1.757959 0.151684 -0.749188
v -1.618521 1.044488 0.660420
v -1.618521 1.044488 -0.660960
v 1.618968 1.044488 -0.660961
v 1.618969 1.044488 0.660420
v 1.579467 0.754660 0.640071
v 1.579467 0.754660 -0.640612
v 1.718939 1.107674 0.704747
v -1.718491 1.107674 0.704748
v -1.619170 1.049679 0.665155
v 1.619618 1.049679 0.665155
v -1.016450 0.634956 -0.635291
v -1.574283 0.634956 -0.635291
v -1.576035 0.754660 -0.643539
v -0.999657 0.754647 -0.643539
v 1.594009 0.514947 0.637335
v 1.046378 0.514947 0.637335
v -1.045931 0.514947 -0.637876
v -1.593562 0.514947 -0.637876
v 1.624252 0.398980 0.651337
v 1.081842 0.398980 0.651338
v -1.081395 0.398980 -0.651878
v -1.623804 0.398980 -0.651878
v 1.660142 0.291185 0.676975
v 1.114736 0.291185 0.676976
v 1.675547 0.253911 0.691241
v 1.124469 0.253920 0.691238
v -1.675099 0.253911 0.691241
v -1.124022 0.253920 0.691238
v 1.848535 1.287544 0.813924
v 1.948368 1.324674 0.856618
v -1.947921 1.324674 0.856619
v -1.848088 1.287544 0.813925
v 1.722668 1.107674 -0.702326
v 1.722668 1.107674 0.701785
v 1.621822 1.048761 0.661563
v 1.621821 1.048761 -0.662104
v 1.576483 0.754660 -0.643540
v 1.574730 0.634956 -0.635291
v 1.016897 0.634956 -0.635291
v 1.000104 0.754647 -0.643540
v 1.594009 0.514947 -0.637877
v 1.046378 0.514947 -0.637877
v 1.624252 0.398980 -0.651879
v 1.081842 0.398980 -0.651878
v -1.148525 0.151544 0.751863
v -1.754703 0.151683 0.751742
v -1.816763 0.009454 0.810844
v -1.798126 0.117582 0.776897
v -1.798126 0.117582 -0.777437
v -1.816763 0.009454 -0.811384
v 1.876953 1.402824 0.763291
v 1.876953 1.402824 -0.763832
v 1.876953 1.402823 -0.763832
v 1.876953 1.402823 0.763291
v -1.989514 1.398747 0.868153
v -1.985307 1.407632 0.866047
v -1.985308 1.407632 -0.866587
v -1.989514 1.398747 -0.868693
v 1.982932 1.414771 -0.865354
v 1.982932 1.414771 0.864813
v 1.982492 1.407632 -0.869550
v -1.982044 1.407632 -0.869550
v -1.979291 1.414613 -0.868341
v 1.979739 1.414613 -0.868341
v 1.988458 1.355803 -0.869235
v 1.988458 1.355803 0.868693
v 1.973663 1.337287 0.862705
v 1.973662 1.337287 -0.863246
v -1.990411 1.377402 0.873588
v 1.990860 1.377402 0.873587
v 1.994182 1.377402 -0.871147
v 1.994182 1.377402 0.870605
v -1.993734 1.377402 -0.871146
v -1.993734 1.377402 0.870606
v 1.973662 1.337287 -0.863246
v 1.973663 1.337287 0.862705
v -1.988010 1.355803 0.868694
v -1.988010 1.355803 -0.869234
v -1.973215 1.337287 -0.863245
v -1.973215 1.337287 0.862705
v -1.986230 1.398747 -0.871663
v 1.986677 1.398747 -0.871663
v 1.990860 1.377402 -0.874129
v -1.990412 1.377402 -0.874128
v 1.970148 1.337287 0.865738
v -1.969701 1.337287 0.865739
v -1.947921 1.324674 0.856619
v 1.948368 1.324674 0.856618
v 1.985065 1.355803 0.871697
v -1.984617 1.355803 0.871697
v -1.942824 1.433031 -0.838388
v 1.943272 1.433031 -0.838389
v 1.974814 1.418766 -0.865329
v -1.974365 1.418766 -0.865328
v -1.984618 1.355803 -0.872238
v 1.985065 1.355803 -0.872238
v 1.970148 1.337287 -0.866279
v -1.969701 1.337287 -0.866279
v 1.948368 1.324674 -0.857160
v -1.947921 1.324674 -0.857159
v -1.982484 1.414772 0.864813
v -1.982484 1.414772 -0.865353
v -1.873635 1.402842 0.766186
v 1.874083 1.402842 0.766185
v 1.874079 1.402805 0.766179
v -1.873631 1.402805 0.766180
v 1.943272 1.433031 0.837848
v -1.942824 1.433031 0.837848
v -1.974365 1.418766 0.864788
v 1.974814 1.418766 0.864787
v 1.879880 1.406788 -0.765930
v 1.879880 1.406788 0.765389
v 1.941800 1.433245 0.828713
v 1.941800 1.433245 -0.829254
v 1.814838 0.006638 -0.812402
v 1.814839 0.006638 0.811861
v 1.162850 0.006638 0.811861
v 1.162849 0.006638 -0.812402
v 1.874082 1.402842 -0.766726
v -1.873635 1.402842 -0.766726
v -1.873631 1.402805 -0.766720
v 1.874079 1.402805 -0.766721
v -1.873349 1.399982 -0.763424
v -1.873349 1.399982 0.762884
v 1.873797 1.399982 0.762883
v 1.873797 1.399982 -0.763424
v -1.946583 1.433190 0.833926
v -1.946583 1.433190 -0.834466
v -1.978830 1.418606 -0.862009
v -1.978830 1.418606 0.861469
v -1.875534 1.406767 -0.769801
v 1.875982 1.406767 -0.769802
v 1.938001 1.433266 -0.833227
v -1.937553 1.433266 -0.833227
v 1.875982 1.406767 0.769260
v -1.875534 1.406767 0.769261
v -1.937553 1.433266 0.832686
v 1.938001 1.433266 0.832686
v -1.879432 1.406788 0.765389
v -1.879432 1.406788 -0.765930
v -1.941352 1.433245 -0.829254
v -1.941352 1.433245 0.828713
v 1.947031 1.433190 -0.834467
v 1.947031 1.433190 0.833926
v 1.979278 1.418606 0.861468
v 1.979278 1.418606 -0.862009
v 1.755151 0.151683 0.751742
v 1.148972 0.151544 0.751863
v 1.777853 1.212514 -0.732373
v -1.777406 1.212514 -0.732373
v 1.777561 1.195868 -0.731375
v -1.777114 1.195868 -0.731375
v 1.733769 1.117960 0.710708
v -1.733322 1.117960 0.710709
v -1.746749 1.130734 -0.716825
v 1.747196 1.130734 -0.716825
v 1.733769 1.117960 -0.711250
v -1.733322 1.117960 -0.711249
v -1.758238 1.145507 -0.721800
v 1.758686 1.145507 -0.721801
v -1.767345 1.161709 -0.725985
v 1.767792 1.161709 -0.725986
v -1.773718 1.178714 -0.729218
v 1.774165 1.178714 -0.729218
v 1.750685 1.130734 -0.713879
v 1.750685 1.130734 0.713337
v 1.737385 1.117960 0.707752
v 1.737385 1.117960 -0.708294
v -1.141865 0.181322 0.729745
v -1.723740 0.181390 0.729685
v 1.780958 1.212514 -0.729477
v 1.780958 1.212514 0.728936
v 1.780698 1.195868 0.727931
v 1.780698 1.195868 -0.728473
v 1.777357 1.178714 0.725765
v 1.777357 1.178714 -0.726307
v 1.771062 1.161709 0.722522
v 1.771062 1.161709 -0.723063
v 1.762056 1.145507 0.718325
v 1.762056 1.145507 -0.718866
v -1.780511 1.212514 -0.729477
v -1.780510 1.212514 0.728937
v -1.780251 1.195868 -0.728472
v -1.780251 1.195868 0.727932
v -1.776910 1.178714 -0.726306
v -1.776909 1.178714 0.725766
v -1.770615 1.161709 -0.723062
v -1.770615 1.161709 0.722522
v -1.761609 1.145507 -0.718866
v -1.761609 1.145507 0.718325
v -1.750238 1.130734 -0.713878
v -1.750237 1.130734 0.713338
v -1.736938 1.117960 -0.708293
v -1.736938 1.117960 0.707753
v -1.750237 1.130734 0.713338
v -1.750238 1.130734 -0.713878
v -1.777406 1.212514 0.731833
v 1.777853 1.212514 0.731832
v -1.746748 1.130734 0.716284
v 1.747196 1.130734 0.716284
v 1.758686 1.145507 0.721260
v -1.758238 1.145507 0.721260
v 1.767792 1.161709 0.725444
v -1.767344 1.161709 0.725445
v 1.774165 1.178714 0.728677
v -1.773717 1.178714 0.728678
v 1.777561 1.195868 0.730834
v -1.777113 1.195868 0.730834
v 1.737385 1.117960 -0.708294
v 1.737385 1.117960 0.707752
v -1.771223 1.246635 0.733240
v 1.771671 1.246635 0.733240
v 0.992551 0.850607 -0.656109
v 0.992551 0.850607 0.655568
v -0.992104 0.850607 0.655568
v -0.992104 0.850607 -0.656109
v -1.132896 0.218794 0.707554
v -1.694605 0.218808 0.707540
v -1.132896 0.218794 -0.708095
v -1.694605 0.218808 -0.708080
v 1.724187 0.181390 -0.730225
v 1.142312 0.181322 -0.730285
v 1.133343 0.218794 -0.708095
v 1.695052 0.218808 -0.708081
v 1.133343 0.218794 0.707554
v 1.695053 0.218808 0.707539
v 1.727419 0.181390 -0.727148
v 1.727419 0.181390 0.726607
v 1.758407 0.151684 0.748647
v 1.758407 0.151684 -0.749188
v 1.698237 0.218808 -0.705027
v 1.698238 0.218808 0.704486
v 1.727419 0.181390 0.726607
v 1.727419 0.181390 -0.727148
v -1.726971 0.181390 0.726607
v -1.726971 0.181390 -0.727147
v -1.697790 0.218808 0.704487
v -1.697790 0.218808 -0.705027
v -1.726971 0.181390 -0.727147
v -1.726971 0.181390 0.726607
v 1.724187 0.181390 0.729684
v 1.142312 0.181322 0.729744
v -1.723740 0.181390 -0.730225
v -1.141865 0.181322 -0.730285
v 1.795845 0.122167 0.774362
v 1.795845 0.122167 -0.774903
v -1.816342 0.007481 -0.812070
v -1.815761 0.007809 -0.813655
v -1.814074 0.007418 -0.814205
v -1.815751 0.009409 -0.813485
v -1.815761 0.007809 -0.813655
v -1.816342 0.007481 -0.812070
v -1.814074 0.007418 -0.814205
v -1.815761 0.007809 -0.813655
v -1.815751 0.009409 -0.813485
v 1.814421 0.007437 -0.814172
v 1.816179 0.007868 -0.813599
v 1.816717 0.007463 -0.811893
v 1.816229 0.009692 -0.813420
v 1.816179 0.007868 -0.813599
v 1.814421 0.007437 -0.814172
v 1.816717 0.007463 -0.811893
v 1.816179 0.007868 -0.813599
v 1.816229 0.009692 -0.813420
v -1.813973 0.007437 0.813631
v -1.815731 0.007868 0.813059
v -1.816269 0.007463 0.811353
v -1.815781 0.009692 0.812878
v -1.815731 0.007868 0.813059
v -1.813973 0.007437 0.813631
v -1.816269 0.007463 0.811353
v -1.815731 0.007868 0.813059
v -1.815781 0.009692 0.812878
v 1.816789 0.007481 0.811530
v 1.816209 0.007809 0.813115
v 1.814521 0.007418 0.813664
v 1.816198 0.009409 0.812945
v 1.816209 0.007809 0.813115
v 1.816789 0.007481 0.811530
v 1.814521 0.007418 0.813664
v 1.816209 0.007809 0.813115
v 1.816198 0.009409 0.812945
v -1.773364 1.242603 -0.728490
v -1.773530 1.244933 -0.729616
v -1.772521 1.244897 -0.731147
v -1.772419 1.242746 -0.730525
v -1.773324 1.246338 -0.732275
v -1.772521 1.244897 -0.731147
v -1.773530 1.244933 -0.729616
v -1.770768 1.244885 -0.732024
v -1.772419 1.242746 -0.730525
v -1.772521 1.244897 -0.731147
v -1.770768 1.244885 -0.732024
v -1.773325 1.246338 0.731735
v -1.772521 1.244897 0.730606
v -1.770768 1.244885 0.731484
v -1.773530 1.244933 0.729076
v -1.773364 1.242603 0.727950
v -1.772419 1.242746 0.729985
v -1.772521 1.244897 0.730606
v -1.773530 1.244933 0.729076
v -1.770768 1.244885 0.731484
v -1.772521 1.244897 0.730606
v -1.772419 1.242746 0.729985
v -1.797126 0.120091 -0.776170
v -1.796614 0.120303 -0.778005
v -1.796902 0.119207 -0.779037
v -1.795076 0.121671 -0.777528
v -1.796614 0.120303 -0.778005
v -1.797126 0.120091 -0.776170
v -1.794405 0.120398 -0.779544
v -1.796902 0.119207 -0.779037
v 1.795524 0.121671 0.776987
v 1.797062 0.120303 0.777464
v 1.797574 0.120091 0.775629
v 1.797350 0.119206 0.778497
v 1.797062 0.120303 0.777464
v 1.795524 0.121671 0.776987
v 1.797574 0.120091 0.775629
v 1.797062 0.120303 0.777464
v 1.797350 0.119206 0.778497
v 1.797574 0.120091 -0.776171
v 1.797062 0.120303 -0.778005
v 1.795524 0.121671 -0.777528
v 1.797350 0.119207 -0.779038
v 1.797062 0.120303 -0.778005
v 1.797574 0.120091 -0.776171
v 1.795524 0.121671 -0.777528
v 1.797062 0.120303 -0.778005
v 1.797350 0.119207 -0.779038
v -1.796902 0.119207 0.778497
v -1.796614 0.120303 0.777464
v -1.797126 0.120091 0.775630
v -1.794405 0.120398 0.779004
v -1.795076 0.121671 0.776987
v -1.796614 0.120303 0.777464
v -1.796902 0.119207 0.778497
v -1.797126 0.120091 0.775630
v -1.617630 1.044356 0.662479
v -1.618764 1.046980 0.662992
v -1.619516 1.046912 0.660992
v -1.615538 1.044469 0.663344
v -1.617354 1.047176 0.663957
v -1.618764 1.046980 0.662992
v -1.617630 1.044356 0.662479
v -1.619170 1.049679 0.665155
v -1.620361 1.048818 0.663702
v -1.618764 1.046980 0.662992
v -1.617354 1.047176 0.663957
v -1.619516 1.046912 0.660992
v -1.619170 1.049679 -0.665696
v -1.617354 1.047176 -0.664498
v -1.618764 1.046980 -0.663532
v -1.620362 1.048818 -0.664242
v -1.615538 1.044469 -0.663884
v -1.617631 1.044356 -0.663019
v -1.618764 1.046980 -0.663532
v -1.617354 1.047176 -0.664498
v -1.619516 1.046912 -0.661532
v -1.618764 1.046980 -0.663532
v -1.617631 1.044356 -0.663019
v -1.619516 1.046912 -0.661532
v 1.773772 1.246338 -0.732275
v 1.772968 1.244897 -0.731147
v 1.771215 1.244885 -0.732024
v 1.773978 1.244933 -0.729617
v 1.773812 1.242603 -0.728490
v 1.772867 1.242746 -0.730526
v 1.772968 1.244897 -0.731147
v 1.773978 1.244933 -0.729617
v 1.771215 1.244885 -0.732024
v 1.772968 1.244897 -0.731147
v 1.772867 1.242746 -0.730526
v 1.619964 1.046912 -0.661532
v 1.619211 1.046980 -0.663532
v 1.620809 1.048818 -0.664243
v 1.618078 1.044356 -0.663020
v 1.619211 1.046980 -0.663532
v 1.619964 1.046912 -0.661532
v 1.615986 1.044469 -0.663885
v 1.617802 1.047176 -0.664498
v 1.619211 1.046980 -0.663532
v 1.618078 1.044356 -0.663020
v 1.620809 1.048818 -0.664243
v 1.773812 1.242603 0.727949
v 1.773978 1.244933 0.729075
v 1.772969 1.244897 0.730606
v 1.772867 1.242746 0.729984
v 1.773772 1.246338 0.731734
v 1.772969 1.244897 0.730606
v 1.773978 1.244933 0.729075
v 1.771216 1.244885 0.731483
v 1.772867 1.242746 0.729984
v 1.772969 1.244897 0.730606
v 1.771216 1.244885 0.731483
v 1.620810 1.048818 0.663702
v 1.619212 1.046980 0.662991
v 1.619964 1.046912 0.660991
v 1.617802 1.047176 0.663957
v 1.619212 1.046980 0.662991
v 1.620810 1.048818 0.663702
v 1.615986 1.044469 0.663344
v 1.618079 1.044356 0.662478
v 1.619964 1.046912 0.660991
v 1.619212 1.046980 0.662991
v 1.618079 1.044356 0.662478
v 1.977276 1.416996 -0.867257
v 1.980156 1.417080 -0.866208
v 1.981888 1.415003 -0.867405
v 1.977126 1.419035 -0.863760
v 1.980156 1.417080 -0.866208
v 1.977276 1.416996 -0.867257
v 1.981427 1.416995 -0.863682
v 1.982932 1.414771 -0.865354
v 1.981888 1.415003 -0.867405
v 1.982932 1.414771 0.864813
v 1.981427 1.416995 0.863141
v 1.980156 1.417080 0.865667
v 1.981888 1.415003 0.866864
v 1.977126 1.419035 0.863219
v 1.977276 1.416996 0.866716
v 1.981888 1.415003 0.866864
v 1.980156 1.417080 0.865667
v 1.977276 1.416996 0.866716
v -1.982484 1.414772 -0.865353
v -1.980978 1.416996 -0.863681
v -1.979708 1.417080 -0.866208
v -1.981440 1.415003 -0.867405
v -1.976678 1.419035 -0.863760
v -1.976828 1.416996 -0.867257
v -1.981440 1.415003 -0.867405
v -1.979708 1.417080 -0.866208
v -1.976828 1.416996 -0.867257
v -1.982484 1.414772 0.864813
v -1.981440 1.415003 0.866864
v -1.979707 1.417080 0.865668
v -1.980978 1.416996 0.863141
v -1.976828 1.416996 0.866716
v -1.979707 1.417080 0.865668
v -1.981440 1.415003 0.866864
v -1.976678 1.419035 0.863219
v -1.976828 1.416996 0.866716
v 1.876953 1.402823 -0.763832
v 1.876108 1.402814 -0.765868
v 1.875569 1.401179 -0.765253
v 1.875908 1.400818 -0.763537
v 1.873876 1.400805 -0.765580
v 1.875569 1.401179 -0.765253
v 1.876108 1.402814 -0.765868
v 1.875908 1.400818 -0.763537
v 1.875569 1.401179 -0.765253
v 1.873876 1.400805 -0.765580
v 1.876953 1.402823 0.763291
v 1.875909 1.400818 0.762996
v 1.875569 1.401179 0.764712
v 1.876108 1.402814 0.765327
v 1.873876 1.400805 0.765039
v 1.875569 1.401179 0.764712
v 1.875909 1.400818 0.762996
v 1.876108 1.402814 0.765327
v 1.875569 1.401179 0.764712
v 1.873876 1.400805 0.765039
v -1.873428 1.400805 -0.765579
v -1.875122 1.401179 -0.765253
v -1.875461 1.400818 -0.763537
v -1.875660 1.402814 -0.765868
v -1.875122 1.401179 -0.765253
v -1.873428 1.400805 -0.765579
v -1.876506 1.402823 -0.763832
v -1.875461 1.400818 -0.763537
v -1.875122 1.401179 -0.765253
v -1.875660 1.402814 -0.765868
v -1.875461 1.400818 0.762997
v -1.875121 1.401179 0.764713
v -1.873428 1.400805 0.765040
v -1.876505 1.402823 0.763291
v -1.875660 1.402814 0.765328
v -1.875121 1.401179 0.764713
v -1.875461 1.400818 0.762997
v -1.873428 1.400805 0.765040
v -1.875121 1.401179 0.764713
v -1.875660 1.402814 0.765328
v 1.940637 1.433653 -0.835831
v 1.943143 1.433683 -0.834495
v 1.945232 1.433460 -0.836519
v 1.939967 1.432943 -0.831306
v 1.944420 1.433694 -0.831860
v 1.875032 1.405161 -0.767809
v 1.876911 1.405107 -0.766782
v 1.877998 1.406465 -0.767931
v 1.876097 1.402682 -0.765855
v 1.876911 1.405107 -0.766782
v 1.875032 1.405161 -0.767809
v 1.877935 1.405162 -0.764881
v 1.876911 1.405107 -0.766782
v 1.876097 1.402682 -0.765855
v 1.877935 1.405162 -0.764881
v 1.877935 1.405162 0.764340
v 1.876911 1.405107 0.766241
v 1.877998 1.406465 0.767390
v 1.876098 1.402682 0.765313
v 1.876911 1.405107 0.766241
v 1.877935 1.405162 0.764340
v 1.875033 1.405161 0.767268
v 1.876911 1.405107 0.766241
v 1.876098 1.402682 0.765313
v 1.875033 1.405161 0.767268
v 1.940637 1.433654 0.835290
v 1.943143 1.433683 0.833953
v 1.939967 1.432943 0.830765
v 1.945232 1.433460 0.835977
v 1.944420 1.433694 0.831319
v -1.940189 1.433654 -0.835831
v -1.942695 1.433683 -0.834494
v -1.939519 1.432943 -0.831306
v -1.944784 1.433460 -0.836518
v -1.943973 1.433694 -0.831860
v -1.877550 1.406465 -0.767931
v -1.876463 1.405107 -0.766782
v -1.874585 1.405161 -0.767808
v -1.877487 1.405162 -0.764881
v -1.876506 1.402823 -0.763832
v -1.875649 1.402682 -0.765854
v -1.876463 1.405107 -0.766782
v -1.877487 1.405162 -0.764881
v -1.874585 1.405161 -0.767808
v -1.876463 1.405107 -0.766782
v -1.875649 1.402682 -0.765854
v -1.877549 1.406465 0.767391
v -1.876463 1.405107 0.766241
v -1.877486 1.405162 0.764340
v -1.874584 1.405161 0.767268
v -1.875649 1.402682 0.765314
v -1.876463 1.405107 0.766241
v -1.874584 1.405161 0.767268
v -1.876505 1.402823 0.763291
v -1.877486 1.405162 0.764340
v -1.876463 1.405107 0.766241
v -1.875649 1.402682 0.765314
v -1.939519 1.432943 0.830765
v -1.942695 1.433683 0.833954
v -1.940189 1.433654 0.835290
v -1.943972 1.433694 0.831320
v -1.944784 1.433460 0.835978
v 1.160764 0.007499 -0.812063
v 1.161133 0.007817 -0.813653
v 1.162822 0.007411 -0.814208
v 1.159807 0.009489 -0.811370
v 1.160671 0.009427 -0.813478
v 1.161133 0.007817 -0.813653
v 1.160764 0.007499 -0.812063
v 1.162822 0.007411 -0.814208
v 1.161133 0.007817 -0.813653
v 1.160671 0.009427 -0.813478
v -1.160205 0.009571 -0.813460
v -1.160677 0.007847 -0.813604
v -1.162337 0.007436 -0.814171
v -1.159360 0.009489 -0.811370
v -1.160328 0.007473 -0.811886
v -1.160677 0.007847 -0.813604
v -1.160205 0.009571 -0.813460
v -1.162337 0.007436 -0.814171
v -1.160677 0.007847 -0.813604
v -1.160328 0.007473 -0.811886
v 1.162784 0.007437 0.813631
v 1.161124 0.007847 0.813064
v 1.160775 0.007473 0.811345
v 1.160652 0.009571 0.812919
v 1.161124 0.007847 0.813064
v 1.162784 0.007437 0.813631
v 1.159808 0.009489 0.810829
v 1.160775 0.007473 0.811345
v 1.161124 0.007847 0.813064
v 1.160652 0.009571 0.812919
v -1.160316 0.007499 0.811522
v -1.160686 0.007817 0.813112
v -1.162375 0.007411 0.813667
v -1.159360 0.009489 0.810829
v -1.160224 0.009427 0.812937
v -1.160686 0.007817 0.813112
v -1.160316 0.007499 0.811522
v -1.162375 0.007411 0.813667
v -1.160686 0.007817 0.813112
v -1.160224 0.009427 0.812937
v 0.995409 0.851433 -0.658262
v 0.995418 0.850573 -0.657726
v 0.994587 0.849770 -0.655861
v 0.998267 0.853428 -0.659420
v 0.996263 0.850460 -0.658095
v 0.995418 0.850573 -0.657726
v 0.995409 0.851433 -0.658262
v 0.995462 0.847750 -0.655613
v 0.994587 0.849770 -0.655861
v 0.995418 0.850573 -0.657726
v 0.996263 0.850460 -0.658095
v -0.994140 0.849770 -0.655861
v -0.994971 0.850572 -0.657725
v -0.994962 0.851433 -0.658262
v -0.995014 0.847750 -0.655613
v -0.995816 0.850460 -0.658095
v -0.994971 0.850572 -0.657725
v -0.994140 0.849770 -0.655861
v -0.997820 0.853428 -0.659419
v -0.994962 0.851433 -0.658262
v -0.995816 0.850460 -0.658095
v 0.995462 0.847750 0.655072
v 0.996264 0.850460 0.657554
v 0.995418 0.850573 0.657185
v 0.994587 0.849770 0.655320
v 0.998267 0.853428 0.658879
v 0.995409 0.851433 0.657721
v 0.995418 0.850573 0.657185
v 0.996264 0.850460 0.657554
v 0.994587 0.849770 0.655320
v 0.995418 0.850573 0.657185
v 0.995409 0.851433 0.657721
v -0.997820 0.853428 0.658879
v -0.995816 0.850460 0.657554
v -0.994971 0.850572 0.657185
v -0.994962 0.851433 0.657721
v -0.995014 0.847750 0.655072
v -0.994140 0.849770 0.655320
v -0.995816 0.850460 0.657554
v -0.994962 0.851433 0.657721
v -0.994971 0.850572 0.657185
v -0.994140 0.849770 0.655320
v 1.621821 1.048761 -0.662104
v 1.621822 1.048761 0.661563
v -1.079346 0.398841 0.650511
v -1.043877 0.514863 0.636503
v -1.043877 0.514863 0.636503
v -1.079346 0.398841 0.650511
v -1.078541 0.398504 0.648517
v -1.043057 0.514659 0.634493
v 1.795845 0.122167 -0.774903
v 1.795845 0.122167 0.774362
v -1.578145 0.754660 0.642141
v -1.578145 0.754660 0.642141
v -1.576401 0.634956 0.633891
v -1.576401 0.634956 0.633891
v -1.595696 0.514947 0.636472
v -1.595696 0.514947 0.636472
v -1.625961 0.398980 0.650469
v -1.625961 0.398980 0.650469
v -1.661879 0.291185 0.676099
v -1.661879 0.291185 0.676099
v 1.851193 1.287544 -0.813556
v 1.578593 0.754660 -0.642682
v 1.578593 0.754660 -0.642682
v -1.112256 0.290967 0.676165
v -1.112256 0.290967 0.676165
v -1.111488 0.290440 0.674208
v 1.596143 0.514947 -0.637013
v 1.576849 0.634956 -0.634431
v 1.576849 0.634956 -0.634431
v 1.596143 0.514947 -0.637013
v 1.662326 0.291185 -0.676639
v 1.626409 0.398980 -0.651009
v 1.626409 0.398980 -0.651009
v 1.662326 0.291185 -0.676639
v 1.775524 1.246685 -0.730743
v 1.775524 1.246685 0.730201
v 1.773978 1.244933 0.729075
v 1.773978 1.244933 -0.729617
v 1.773978 1.244933 -0.729617
v 1.773978 1.244933 0.729075
v 1.576849 0.634956 0.633890
v 1.578593 0.754660 0.642141
v 1.578593 0.754660 0.642141
v 1.576849 0.634956 0.633890
v 1.626409 0.398980 0.650468
v 1.596144 0.514947 0.636472
v 1.596144 0.514947 0.636472
v 1.626409 0.398980 0.650468
v -1.950523 1.324674 -0.856260
v -1.850746 1.287544 -0.813555
v -1.988552 1.398747 -0.870793
v -1.984352 1.407632 -0.868682
v -1.984352 1.407632 -0.868682
v -1.988552 1.398747 -0.870793
v -1.972186 1.337287 -0.865390
v -1.969701 1.337287 -0.866279
v 1.950970 1.324674 -0.856261
v 1.989000 1.398747 -0.870793
v 1.984800 1.407632 -0.868682
v 1.984800 1.407632 -0.868682
v 1.989000 1.398747 -0.870793
v 1.993208 1.377402 -0.873255
v 1.993208 1.377402 -0.873255
v -1.988552 1.398747 0.870253
v -1.984352 1.407632 0.868142
v -1.984352 1.407632 0.868142
v -1.988552 1.398747 0.870253
v -1.992760 1.377402 0.872714
v -1.992760 1.377402 0.872714
v -1.987016 1.355803 0.870818
v -1.987016 1.355803 0.870818
v 1.972634 1.337287 0.864850
v 1.987464 1.355803 0.870817
v 1.987464 1.355803 0.870817
v 1.972634 1.337287 0.864850
v 1.981888 1.415003 -0.867405
v 1.981888 1.415003 0.866864
v 1.984800 1.407632 0.868141
v 1.984800 1.407632 0.868141
v -1.981440 1.415003 -0.867405
v -1.981440 1.415003 0.866864
v -1.873631 1.402805 -0.766720
v -1.873635 1.402842 -0.766726
v -1.875649 1.402682 -0.765854
v -1.875660 1.402814 -0.765868
v -1.875660 1.402814 -0.765868
v -1.875649 1.402682 -0.765854
v -1.876506 1.402823 -0.763832
v 1.151953 0.118945 -0.777098
v 1.153273 0.119972 -0.778828
v 1.153273 0.119972 -0.778828
v -1.969701 1.337287 0.865739
v -1.972186 1.337287 0.864850
v -1.950523 1.324674 0.855720
v 0.998022 0.754785 -0.642711
v 0.996263 0.850460 -0.658095
v 0.998022 0.754785 -0.642711
v 0.997115 0.755120 -0.640709
v 0.995462 0.847750 -0.655613
v 1.044324 0.514862 -0.637044
v 1.014827 0.634975 -0.634454
v 1.014827 0.634975 -0.634454
v 1.044324 0.514862 -0.637044
v 1.043504 0.514658 -0.635034
v 1.013959 0.635020 -0.632432
v 1.112702 0.290967 -0.676706
v 1.079792 0.398841 -0.651052
v 1.079792 0.398841 -0.651052
v 1.112702 0.290967 -0.676706
v 1.111935 0.290440 -0.674749
v 1.078987 0.398506 -0.649057
v 0.995462 0.847750 0.655072
v 0.994587 0.849770 0.655320
v 0.994587 0.849770 -0.655861
v 0.994587 0.849770 -0.655861
v 0.994587 0.849770 0.655320
v 1.153273 0.119972 0.778287
v 1.153273 0.119972 0.778287
v 1.151953 0.118945 0.776557
v -1.850746 1.287544 0.813015
v -1.987017 1.355803 -0.871358
v -1.972186 1.337287 -0.865390
v -1.972186 1.337287 -0.865390
v -1.987017 1.355803 -0.871358
v 1.950970 1.324674 0.855719
v 1.851194 1.287544 0.813014
v 1.987464 1.355803 -0.871359
v 1.972633 1.337287 -0.865391
v 1.972633 1.337287 -0.865391
v 1.987464 1.355803 -0.871359
v 0.997104 0.755118 0.640182
v 1.013959 0.635019 0.631891
v 1.014828 0.634974 0.633912
v 0.998019 0.754785 0.642174
v 0.998019 0.754785 0.642174
v 1.014828 0.634974 0.633912
v 0.996264 0.850460 0.657554
v -1.773530 1.244933 0.729076
v -1.773530 1.244933 -0.729616
v -1.773530 1.244933 -0.729616
v -1.773530 1.244933 0.729076
v -1.775077 1.246685 0.730202
v -1.775077 1.246685 -0.730742
v -1.796902 0.119207 -0.779037
v -1.796902 0.119207 0.778497
v -1.578145 0.754660 -0.642682
v -1.578145 0.754660 -0.642682
v -1.576401 0.634956 -0.634431
v -1.576401 0.634956 -0.634431
v -1.595697 0.514947 -0.637013
v -1.595697 0.514947 -0.637013
v -1.625962 0.398980 -0.651009
v -1.625962 0.398980 -0.651009
v -1.661880 0.291185 -0.676639
v -1.661880 0.291185 -0.676639
v 1.662327 0.291185 0.676098
v 1.662327 0.291185 0.676098
v 1.970148 1.337287 -0.866279
v 1.972633 1.337287 -0.865391
v -1.972186 1.337287 0.864850
v -1.972186 1.337287 0.864850
v 1.993208 1.377402 0.872714
v 1.989000 1.398747 0.870252
v 1.989000 1.398747 0.870252
v 1.993208 1.377402 0.872714
v 1.874079 1.402805 0.766179
v 1.874083 1.402842 0.766185
v 1.876098 1.402682 0.765313
v 1.876108 1.402814 0.765327
v 1.876108 1.402814 0.765327
v 1.876098 1.402682 0.765313
v 1.876953 1.402824 0.763291
v 1.876953 1.402823 0.763291
v -1.876505 1.402823 0.763291
v -1.875649 1.402682 0.765314
v -1.875660 1.402814 0.765328
v -1.875660 1.402814 0.765328
v -1.875649 1.402682 0.765314
v -1.873635 1.402842 0.766186
v -1.873631 1.402805 0.766180
v -1.151505 0.118945 0.776557
v -1.152826 0.119972 0.778287
v -1.152826 0.119972 0.778287
v -0.995014 0.847750 -0.655613
v -0.996657 0.755118 -0.640722
v -0.997572 0.754784 -0.642714
v -0.995816 0.850460 -0.658095
v -0.997572 0.754784 -0.642714
v -1.013512 0.635021 -0.632431
v -1.014380 0.634975 -0.634453
v -1.014380 0.634975 -0.634453
v -1.043073 0.514661 -0.635025
v -1.043882 0.514863 -0.637041
v -1.043882 0.514863 -0.637041
v -1.078572 0.398516 -0.649057
v -1.079355 0.398844 -0.651052
v -1.079355 0.398844 -0.651052
v -1.111515 0.290450 -0.674757
v -1.112264 0.290970 -0.676708
v -1.112264 0.290970 -0.676708
v -0.994140 0.849770 0.655320
v -0.994140 0.849770 -0.655861
v -0.994140 0.849770 -0.655861
v -0.994140 0.849770 0.655320
v -0.995014 0.847750 0.655072
v -0.997575 0.754785 0.642170
v -0.995816 0.850460 0.657554
v -0.997575 0.754785 0.642170
v -0.996668 0.755121 0.640168
v 1.043519 0.514663 0.634483
v 1.044329 0.514864 0.636500
v 1.044329 0.514864 0.636500
v 1.079019 0.398514 0.648517
v 1.111962 0.290450 0.674216
v 1.112711 0.290970 0.676167
v 1.079802 0.398843 0.650511
v 1.079802 0.398843 0.650511
v 1.112711 0.290970 0.676167
v 1.972634 1.337287 0.864850
v 1.970148 1.337287 0.865738
v 1.981427 1.416995 -0.863682
v 1.981427 1.416995 0.863141
v -1.152826 0.119972 -0.778827
v -1.152826 0.119972 -0.778827
v -1.151506 0.118945 -0.777097
v -1.992761 1.377402 -0.873255
v -1.992761 1.377402 -0.873255
v -1.795397 0.122167 0.774362
v -1.795397 0.122167 -0.774903
v -1.980978 1.416996 0.863141
v -1.980978 1.416996 -0.863681
v -1.014380 0.634975 0.633913
v -1.014380 0.634975 0.633913
v -1.013512 0.635020 0.631891
v 1.876953 1.402823 -0.763832
v 1.876953 1.402824 -0.763832
v 1.876097 1.402682 -0.765855
v 1.876108 1.402814 -0.765868
v 1.876108 1.402814 -0.765868
v 1.876097 1.402682 -0.765855
v 1.874082 1.402842 -0.766726
v 1.874079 1.402805 -0.766721
v -1.733322 1.117960 -0.711249
v -1.718491 1.107674 -0.705288
v -1.721128 1.107674 -0.704420
v -1.735879 1.117960 -0.710383
v -1.718491 1.107674 0.704748
v -1.733322 1.117960 0.710709
v -1.735878 1.117960 0.709843
v -1.721128 1.107674 0.703880
v -1.735879 1.117960 -0.710383
v -1.749216 1.130734 -0.715962
v -1.749216 1.130734 -0.715962
v -1.749216 1.130734 0.715421
v -1.735878 1.117960 0.709843
v -1.749216 1.130734 0.715421
v -1.760622 1.145507 -0.720941
v -1.760622 1.145507 -0.720941
v -1.749216 1.130734 -0.715962
v -1.760621 1.145507 0.720401
v -1.749216 1.130734 0.715421
v -1.760621 1.145507 0.720401
v -1.769657 1.161709 -0.725129
v -1.769657 1.161709 -0.725129
v -1.769657 1.161709 0.724589
v -1.769657 1.161709 0.724589
v -1.775975 1.178714 -0.728365
v -1.775975 1.178714 -0.728365
v -1.775975 1.178714 0.727824
v -1.775975 1.178714 0.727824
v -1.779332 1.195868 -0.730525
v -1.779332 1.195868 -0.730525
v -1.779332 1.195868 0.729985
v -1.779332 1.195868 0.729985
v -1.779601 1.212514 -0.731524
v -1.779601 1.212514 -0.731524
v -1.779601 1.212514 0.730984
v -1.779601 1.212514 0.730984
v -1.776773 1.228011 -0.731326
v -1.776773 1.228011 -0.731326
v -1.776773 1.228011 0.730786
v -1.776773 1.228011 0.730786
v 1.777221 1.228011 -0.731327
v 1.780048 1.212514 -0.731525
v 1.780048 1.212514 -0.731525
v 1.777221 1.228011 -0.731327
v 1.780048 1.212514 0.730984
v 1.777221 1.228011 0.730786
v 1.777221 1.228011 0.730786
v 1.780048 1.212514 0.730984
v 1.779779 1.195868 -0.730525
v 1.779779 1.195868 -0.730525
v 1.779779 1.195868 0.729984
v 1.779779 1.195868 0.729984
v 1.776422 1.178714 -0.728366
v 1.776422 1.178714 -0.728366
v 1.776422 1.178714 0.727824
v 1.776422 1.178714 0.727824
v 1.770105 1.161709 -0.725129
v 1.770105 1.161709 -0.725129
v 1.770104 1.161709 0.724588
v 1.770104 1.161709 0.724588
v 1.761069 1.145507 -0.720941
v 1.761069 1.145507 -0.720941
v 1.761069 1.145507 0.720400
v 1.761069 1.145507 0.720400
v 1.749663 1.130734 -0.715962
v 1.749663 1.130734 -0.715962
v 1.749663 1.130734 0.715421
v 1.749663 1.130734 0.715421
v 1.736326 1.117960 -0.710384
v 1.736326 1.117960 -0.710384
v 1.749663 1.130734 -0.715962
v 1.750685 1.130734 -0.713879
v 1.736326 1.117960 0.709842
v 1.749663 1.130734 0.715421
v 1.736326 1.117960 0.709842
v 1.750685 1.130734 0.713337
v 1.718939 1.107674 -0.705288
v 1.733769 1.117960 -0.711250
v 1.721576 1.107674 -0.704421
v 1.733769 1.117960 0.710708
v 1.718939 1.107674 0.704747
v 1.721576 1.107674 0.703880
v -1.772419 1.242746 -0.730525
v 1.772867 1.242746 -0.730526
v -1.772419 1.242746 0.729985
v 1.619617 1.049679 -0.665696
v 1.772867 1.242746 0.729984
v 1.619618 1.049679 0.665155
v -1.677317 0.253911 0.690355
v -1.696857 0.218808 0.706646
v -1.696857 0.218808 0.706646
v -1.677317 0.253911 0.690355
v -1.696857 0.218808 -0.707186
v -1.677317 0.253911 -0.690896
v -1.677317 0.253911 -0.690896
v -1.696857 0.218808 -0.707186
v -1.726024 0.181390 0.728783
v -1.726024 0.181390 0.728783
v -1.696857 0.218808 0.706646
v -1.697790 0.218808 0.704487
v -1.726025 0.181390 -0.729323
v -1.696857 0.218808 -0.707186
v -1.726025 0.181390 -0.729323
v -1.697790 0.218808 -0.705027
v -1.754703 0.151683 0.751742
v -1.723740 0.181390 0.729685
v -1.757005 0.151684 0.750835
v -1.723740 0.181390 -0.730225
v -1.754704 0.151683 -0.752282
v -1.757006 0.151684 -0.751376
v 1.677765 0.253911 -0.690896
v 1.697305 0.218808 -0.707186
v 1.697305 0.218808 -0.707186
v 1.677765 0.253911 -0.690896
v 1.697305 0.218808 0.706645
v 1.677765 0.253911 0.690355
v 1.677765 0.253911 0.690355
v 1.697305 0.218808 0.706645
v 1.726472 0.181390 -0.729324
v 1.726472 0.181390 -0.729324
v 1.697305 0.218808 -0.707186
v 1.698237 0.218808 -0.705027
v 1.726472 0.181390 0.728782
v 1.697305 0.218808 0.706645
v 1.726472 0.181390 0.728782
v 1.698238 0.218808 0.704486
v 1.755151 0.151683 -0.752283
v 1.724187 0.181390 -0.730225
v 1.757453 0.151684 -0.751376
v 1.724187 0.181390 0.729684
v 1.755151 0.151683 0.751742
v 1.757453 0.151684 0.750835
v 1.146394 0.149813 -0.750152
v 1.139686 0.179801 -0.727878
v 1.140336 0.180876 -0.729580
v 1.147012 0.151037 -0.751744
v 1.147012 0.151037 -0.751744
v 1.140336 0.180876 -0.729580
v 1.130661 0.217527 -0.705540
v 1.131348 0.218423 -0.707347
v 1.131348 0.218423 -0.707347
v 1.121741 0.252870 -0.689126
v 1.122459 0.253612 -0.691002
v 1.122459 0.253612 -0.691002
v -1.145947 0.149812 0.749612
v -1.139239 0.179802 0.727337
v -1.139889 0.180877 0.729039
v -1.146565 0.151037 0.751204
v -1.146565 0.151037 0.751204
v -1.139889 0.180877 0.729039
v -1.130215 0.217525 0.705000
v -1.130902 0.218422 0.706806
v -1.130902 0.218422 0.706806
v -1.121293 0.252873 0.688584
v -1.122012 0.253613 0.690460
v -1.122012 0.253613 0.690460
v 1.121751 0.252876 0.688585
v 1.130674 0.217529 0.705001
v 1.131353 0.218423 0.706806
v 1.122462 0.253614 0.690461
v 1.122462 0.253614 0.690461
v 1.131353 0.218423 0.706806
v 1.139695 0.179805 0.727337
v 1.140339 0.180877 0.729039
v 1.140339 0.180877 0.729039
v 1.146398 0.149813 0.749612
v 1.147013 0.151037 0.751204
v 1.147013 0.151037 0.751204
v -1.121304 0.252873 -0.689127
v -1.130227 0.217531 -0.705541
v -1.130905 0.218424 -0.707347
v -1.122015 0.253613 -0.691001
v -1.122015 0.253613 -0.691001
v -1.130905 0.218424 -0.707347
v -1.139248 0.179804 -0.727878
v -1.139892 0.180877 -0.729580
v -1.139892 0.180877 -0.729580
v -1.145951 0.149814 -0.750152
v -1.146566 0.151037 -0.751744
v -1.146566 0.151037 -0.751744
v 1.794853 0.120398 -0.779544
v 1.794853 0.120398 0.779003
v -1.151505 0.118945 0.776557
v -1.151506 0.118945 -0.777097
v 1.151953 0.118945 0.776557
v 1.151953 0.118945 -0.777098
vn -0.2108 0.5562 0.8039
vn -0.1735 0.1272 0.9766
vn 0.1859 0.0964 0.9778
vn 0.1794 0.4655 0.8667
vn -0.9761 -0.0879 0.1989
vn -0.9761 -0.0879 -0.1989
vn -0.9785 0.0673 -0.1949
vn -0.9785 0.0673 0.1949
vn 0.2108 0.5563 -0.8038
vn 0.1735 0.1272 -0.9766
vn -0.1859 0.0964 -0.9778
vn -0.1794 0.4655 -0.8667
vn 0.9792 0.0311 -0.2006
vn 0.9390 0.2975 -0.1725
vn 0.9376 0.2989 0.1776
vn 0.9780 0.0465 0.2033
vn 0.9213 0.3323 -0.2022
vn 0.8855 0.4247 -0.1885
vn 0.8855 0.4247 0.1884
vn 0.9212 0.3323 0.2025
vn 0.3438 -0.9350 -0.0869
vn 0.3440 -0.9350 0.0866
vn 0.5158 -0.8466 0.1315
vn 0.5158 -0.8466 -0.1315
vn 0.4055 -0.9096 -0.0900
vn 0.4055 -0.9097 0.0901
vn -0.2124 0.5564 -0.8033
vn -0.1203 0.7036 -0.7004
vn 0.1920 0.5901 -0.7841
vn 0.1779 0.4657 -0.8669
vn -0.1705 0.1367 -0.9758
vn 0.1866 0.0893 -0.9784
vn -0.1671 0.2671 0.9491
vn 0.1670 0.2670 0.9491
vn 0.1610 0.3832 0.9095
vn -0.1610 0.3832 0.9095
vn 0.1704 0.1368 0.9758
vn 0.2124 0.5564 0.8033
vn -0.1778 0.4657 0.8669
vn -0.1866 0.0894 0.9784
vn -0.9798 0.1536 0.1279
vn -0.9798 0.1537 -0.1278
vn -0.9515 0.2318 -0.2024
vn -0.9515 0.2318 0.2024
vn -0.0577 -0.8574 -0.5114
vn 0.0577 -0.8574 -0.5114
vn 0.0954 -0.8423 -0.5305
vn -0.0954 -0.8423 -0.5304
vn -0.1748 -0.0851 -0.9809
vn 0.1751 -0.0855 -0.9808
vn 0.1883 0.0788 -0.9789
vn -0.1882 0.0788 -0.9790
vn 0.1823 -0.0107 0.9832
vn 0.1840 -0.0750 0.9801
vn -0.1985 -0.0987 0.9751
vn -0.1975 -0.0628 0.9783
vn 0.9798 0.1537 -0.1278
vn 0.9798 0.1536 0.1278
vn 0.9515 0.2318 0.2024
vn 0.9515 0.2318 -0.2025
vn 0.1956 0.3390 -0.9202
vn -0.1599 0.4493 -0.8789
vn -0.1734 0.3509 -0.9202
vn 0.1931 0.2396 -0.9515
vn 0.1202 0.7036 -0.7004
vn -0.1919 0.5902 -0.7841
vn 0.1734 0.3509 -0.9202
vn 0.1600 0.4493 -0.8789
vn -0.1955 0.3390 -0.9203
vn -0.1930 0.2396 -0.9515
vn 0.1749 -0.0852 0.9809
vn -0.1751 -0.0856 0.9808
vn -0.1883 0.0788 0.9789
vn 0.1882 0.0788 0.9790
vn 0.1824 0.2295 0.9561
vn -0.1824 0.2296 0.9560
vn -0.2172 -0.9515 0.2180
vn -0.2065 -0.9563 -0.2068
vn 0.1897 -0.9618 -0.1973
vn 0.1874 -0.9635 0.1912
vn -0.3438 -0.9350 0.0869
vn -0.3438 -0.9350 -0.0869
vn -0.5158 -0.8466 -0.1315
vn -0.5157 -0.8466 0.1315
vn -0.5052 -0.8546 0.1199
vn -0.5051 -0.8547 -0.1197
vn -0.5695 -0.8119 -0.1279
vn -0.5696 -0.8119 0.1279
vn -0.1823 -0.0107 0.9832
vn 0.1978 -0.0628 0.9782
vn 0.1990 -0.0988 0.9750
vn -0.1839 -0.0749 0.9801
vn -0.1849 0.1080 0.9768
vn 0.1952 0.0142 0.9807
vn -0.1816 0.2258 0.9571
vn 0.1932 0.1146 0.9744
vn -0.1733 0.3509 0.9202
vn 0.1930 0.2396 0.9515
vn -0.0862 -0.7623 -0.6414
vn 0.0862 -0.7623 -0.6414
vn -0.1072 -0.6455 -0.7562
vn 0.1072 -0.6455 -0.7562
vn 0.1324 -0.6154 -0.7770
vn -0.1324 -0.6154 -0.7770
vn 0.9785 0.0673 -0.1950
vn 0.9785 0.0673 0.1950
vn 0.9577 0.2162 0.1898
vn 0.9577 0.2162 -0.1898
vn -0.9577 0.2162 -0.1898
vn -0.9577 0.2162 0.1898
vn 0.9327 0.3105 0.1834
vn 0.9327 0.3105 -0.1834
vn -0.9327 0.3105 -0.1834
vn -0.9327 0.3105 0.1834
vn 0.9029 0.3922 0.1760
vn 0.9029 0.3922 -0.1760
vn -0.9029 0.3922 -0.1759
vn -0.9029 0.3922 0.1759
vn 0.8554 0.4891 0.1704
vn 0.8554 0.4891 -0.1705
vn -0.8554 0.4891 -0.1705
vn -0.8554 0.4892 0.1705
vn -0.6306 -0.7634 0.1399
vn -0.6306 -0.7634 -0.1399
vn -0.4053 -0.9097 -0.0903
vn -0.4056 -0.9096 0.0898
vn -0.6479 0.7546 -0.1042
vn -0.6478 0.7546 0.1042
vn -0.5992 0.7917 0.1191
vn -0.5992 0.7917 -0.1191
vn -0.9412 -0.2869 0.1787
vn -0.9412 -0.2868 -0.1787
vn 0.9412 -0.2868 -0.1787
vn 0.9411 -0.2869 0.1787
vn 0.9761 -0.0879 0.1989
vn 0.9761 -0.0879 -0.1989
vn 0.1072 -0.6455 0.7562
vn -0.1072 -0.6455 0.7562
vn -0.1324 -0.6154 0.7770
vn 0.1324 -0.6154 0.7770
vn 0.1978 -0.0628 -0.9782
vn -0.1823 -0.0107 -0.9832
vn -0.1839 -0.0749 -0.9801
vn 0.1985 -0.0987 -0.9751
vn 0.1849 0.1080 0.9768
vn -0.1959 0.0140 0.9805
vn 0.1959 0.0141 -0.9805
vn -0.1849 0.1080 -0.9768
vn 0.1816 0.2257 0.9571
vn -0.1940 0.1144 0.9743
vn 0.1939 0.1144 -0.9743
vn -0.1817 0.2258 -0.9571
vn 0.1734 0.3509 0.9202
vn -0.1931 0.2396 0.9515
vn 0.1599 0.4493 0.8789
vn -0.1956 0.3390 0.9202
vn -0.1600 0.4493 0.8789
vn 0.1955 0.3390 0.9202
vn 0.0577 -0.8574 0.5114
vn 0.0862 -0.7623 0.6414
vn -0.0862 -0.7623 0.6414
vn -0.0577 -0.8574 0.5115
vn 0.5053 -0.8546 -0.1194
vn 0.5053 -0.8546 0.1194
vn 0.5695 -0.8119 0.1279
vn 0.5695 -0.8120 -0.1280
vn 0.1839 -0.0749 -0.9801
vn 0.1823 -0.0107 -0.9832
vn -0.1974 -0.0627 -0.9783
vn -0.1990 -0.0987 -0.9750
vn 0.1849 0.1080 -0.9768
vn -0.1952 0.0142 -0.9807
vn 0.1817 0.2258 -0.9571
vn -0.1932 0.1147 -0.9744
vn 0.1920 0.5901 0.7841
vn -0.1203 0.7036 0.7003
vn -0.9792 0.0310 0.2006
vn -0.9390 0.2975 0.1726
vn -0.9376 0.2989 -0.1775
vn -0.9780 0.0465 -0.2033
vn -0.9494 0.2949 -0.1083
vn -0.9494 0.2949 0.1083
vn -0.9459 0.3064 0.1066
vn -0.9459 0.3064 -0.1066
vn -0.9212 0.3323 0.2025
vn -0.8855 0.4247 0.1885
vn -0.8855 0.4247 -0.1885
vn -0.9213 0.3323 -0.2022
vn 0.8364 0.5138 -0.1910
vn 0.8364 0.5138 0.1910
vn 0.1671 0.2671 -0.9491
vn -0.1671 0.2670 -0.9491
vn -0.1610 0.3832 -0.9095
vn 0.1611 0.3832 -0.9095
vn 0.8674 -0.4574 -0.1962
vn 0.8674 -0.4574 0.1962
vn 0.6307 -0.7633 0.1399
vn 0.6306 -0.7634 -0.1399
vn -0.1988 0.0058 0.9800
vn 0.1988 0.0058 0.9800
vn 0.9749 -0.0273 -0.2208
vn 0.9750 -0.0272 0.2207
vn -0.9750 -0.0272 -0.2206
vn -0.9750 -0.0273 0.2207
vn 0.6306 -0.7634 0.1399
vn -0.8675 -0.4574 0.1957
vn -0.8675 -0.4573 -0.1956
vn -0.6307 -0.7634 -0.1399
vn -0.6307 -0.7634 0.1399
vn -0.1824 0.2295 -0.9561
vn 0.1825 0.2296 -0.9560
vn 0.1994 0.0055 -0.9799
vn -0.1992 0.0056 -0.9799
vn 0.1321 -0.5660 0.8138
vn -0.1321 -0.5660 0.8138
vn -0.0862 -0.7623 0.6415
vn 0.0862 -0.7623 0.6415
vn 0.1795 -0.2856 0.9414
vn -0.1794 -0.2855 0.9414
vn -0.0353 0.9413 -0.3358
vn 0.0353 0.9413 -0.3358
vn 0.0782 0.8487 -0.5231
vn -0.0781 0.8487 -0.5231
vn -0.1794 -0.2855 -0.9414
vn 0.1795 -0.2857 -0.9414
vn 0.1321 -0.5660 -0.8138
vn -0.1321 -0.5660 -0.8138
vn 0.0862 -0.7622 -0.6415
vn -0.0862 -0.7622 -0.6415
vn -0.8363 0.5139 0.1910
vn -0.8363 0.5139 -0.1910
vn 0.1132 0.3675 -0.9231
vn -0.1131 0.3675 -0.9231
vn -0.1014 0.3712 -0.9230
vn 0.1014 0.3713 -0.9230
vn 0.0353 0.9413 0.3358
vn -0.0352 0.9413 0.3359
vn -0.0782 0.8487 0.5231
vn 0.0782 0.8487 0.5231
vn -0.4502 0.8877 0.0960
vn -0.4503 0.8877 -0.0960
vn -0.2273 0.9730 -0.0399
vn -0.2272 0.9730 0.0399
vn 0.2172 -0.9515 -0.2180
vn 0.2065 -0.9563 0.2068
vn -0.1897 -0.9618 0.1973
vn -0.1874 -0.9635 -0.1911
vn -0.1131 0.3674 0.9232
vn 0.1132 0.3674 0.9231
vn 0.1010 0.3715 0.9229
vn -0.1014 0.3713 0.9230
vn 0.1692 0.9719 0.1635
vn 0.1692 0.9719 -0.1634
vn -0.1692 0.9719 -0.1634
vn -0.1692 0.9719 0.1635
vn -0.2845 0.9577 0.0445
vn -0.2845 0.9577 -0.0445
vn -0.4612 0.8816 -0.1006
vn -0.4612 0.8816 0.1006
vn 0.0953 0.8915 0.4429
vn -0.0953 0.8915 0.4429
vn -0.0400 0.9762 0.2131
vn 0.0400 0.9762 0.2132
vn -0.0952 0.8915 -0.4429
vn 0.0953 0.8915 -0.4429
vn 0.0400 0.9762 -0.2132
vn -0.0400 0.9762 -0.2131
vn 0.4503 0.8877 -0.0960
vn 0.4502 0.8877 0.0960
vn 0.2272 0.9730 0.0399
vn 0.2272 0.9730 -0.0399
vn 0.2845 0.9577 -0.0444
vn 0.2845 0.9577 0.0445
vn 0.4612 0.8816 0.1006
vn 0.4613 0.8815 -0.1006
vn 0.1203 0.7036 0.7003
vn -0.1920 0.5901 0.7841
vn 0.1936 -0.0062 -0.9811
vn -0.1935 -0.0062 -0.9811
vn 0.1892 -0.1106 -0.9757
vn -0.1895 -0.1107 -0.9756
vn 0.1240 -0.5668 0.8144
vn -0.1240 -0.5669 0.8144
vn -0.1429 -0.4681 -0.8720
vn 0.1428 -0.4681 -0.8721
vn 0.1240 -0.5668 -0.8144
vn -0.1240 -0.5669 -0.8144
vn -0.1588 -0.3784 -0.9119
vn 0.1583 -0.3782 -0.9121
vn -0.1712 -0.2917 -0.9411
vn 0.1713 -0.2918 -0.9410
vn -0.1818 -0.2043 -0.9619
vn 0.1821 -0.2044 -0.9618
vn 0.7088 -0.6869 -0.1606
vn 0.7088 -0.6869 0.1606
vn 0.6012 -0.7870 0.1388
vn 0.6011 -0.7870 -0.1388
vn 0.1980 0.5105 0.8368
vn -0.1333 0.6300 0.7651
vn 0.9751 0.0745 -0.2090
vn 0.9750 0.0745 0.2093
vn 0.9706 -0.1193 0.2089
vn 0.9707 -0.1193 -0.2088
vn 0.9352 -0.2908 0.2022
vn 0.9350 -0.2908 -0.2028
vn 0.8769 -0.4408 0.1916
vn 0.8768 -0.4409 -0.1919
vn 0.8007 -0.5720 0.1781
vn 0.8007 -0.5720 -0.1781
vn -0.9750 0.0745 -0.2093
vn -0.9751 0.0745 0.2090
vn -0.9707 -0.1192 -0.2086
vn -0.9706 -0.1193 0.2091
vn -0.9352 -0.2908 -0.2021
vn -0.9350 -0.2908 0.2028
vn -0.8769 -0.4408 -0.1916
vn -0.8768 -0.4409 0.1919
vn -0.8008 -0.5720 -0.1778
vn -0.8007 -0.5720 0.1781
vn -0.7089 -0.6868 -0.1606
vn -0.7088 -0.6868 0.1606
vn -0.6011 -0.7870 -0.1390
vn -0.6011 -0.7870 0.1389
vn -0.7088 -0.6869 0.1606
vn -0.7088 -0.6869 -0.1606
vn -0.1936 -0.0062 0.9811
vn 0.1935 -0.0062 0.9811
vn -0.1429 -0.4682 0.8720
vn 0.1428 -0.4681 0.8721
vn 0.1583 -0.3781 0.9121
vn -0.1583 -0.3781 0.9121
vn 0.1712 -0.2917 0.9410
vn -0.1713 -0.2918 0.9410
vn 0.1820 -0.2043 0.9618
vn -0.1817 -0.2042 0.9619
vn 0.1894 -0.1107 0.9756
vn -0.1893 -0.1107 0.9757
vn 0.6011 -0.7870 -0.1389
vn 0.6011 -0.7870 0.1389
vn -0.0954 -0.8423 0.5305
vn 0.0954 -0.8423 0.5305
vn -0.1458 -0.9598 -0.2398
vn -0.1458 -0.9598 0.2398
vn 0.1458 -0.9598 0.2398
vn 0.1458 -0.9598 -0.2397
vn 0.1968 0.4185 0.8866
vn -0.1474 0.5358 0.8314
vn 0.1968 0.4185 -0.8866
vn -0.1474 0.5358 -0.8314
vn 0.1333 0.6299 -0.7651
vn -0.1979 0.5105 -0.8368
vn -0.1967 0.4186 -0.8866
vn 0.1474 0.5358 -0.8314
vn -0.1969 0.4185 0.8866
vn 0.1474 0.5358 0.8314
vn 0.6842 0.7164 -0.1364
vn 0.6842 0.7164 0.1364
vn 0.5992 0.7917 0.1191
vn 0.5992 0.7917 -0.1190
vn 0.7807 0.6053 -0.1555
vn 0.7807 0.6052 0.1555
vn 0.6843 0.7164 -0.1364
vn -0.6842 0.7164 0.1365
vn -0.6842 0.7164 -0.1364
vn -0.7807 0.6053 0.1556
vn -0.7807 0.6053 -0.1555
vn -0.6843 0.7164 -0.1364
vn -0.6842 0.7164 0.1364
vn 0.1333 0.6299 0.7651
vn -0.1981 0.5105 0.8367
vn -0.1333 0.6300 -0.7651
vn 0.1980 0.5105 -0.8368
vn 0.6478 0.7546 0.1042
vn 0.6478 0.7546 -0.1042
vn -0.3979 -0.9040 -0.1564
vn -0.3782 -0.8457 -0.3766
vn -0.1598 -0.9025 -0.4000
vn -0.9061 0.1193 -0.4059
vn -0.9177 -0.0104 -0.3971
vn -0.9657 -0.1018 -0.2387
vn -0.1969 -0.0249 -0.9801
vn -0.3487 0.0446 -0.9362
vn -0.3521 0.1935 -0.9158
vn 0.1647 -0.8979 -0.4083
vn 0.4029 -0.8249 -0.3965
vn 0.4089 -0.8988 -0.1579
vn 0.3528 0.1960 -0.9149
vn 0.3601 0.0223 -0.9326
vn 0.1973 -0.0393 -0.9795
vn 0.9662 -0.1374 -0.2183
vn 0.9210 -0.0618 -0.3846
vn 0.9134 0.1028 -0.3939
vn -0.1647 -0.8978 0.4084
vn -0.4029 -0.8249 0.3965
vn -0.4089 -0.8988 0.1579
vn -0.3528 0.1961 0.9149
vn -0.3601 0.0225 0.9326
vn -0.1973 -0.0393 0.9796
vn -0.9661 -0.1375 0.2183
vn -0.9210 -0.0617 0.3848
vn -0.9133 0.1028 0.3940
vn 0.3979 -0.9040 0.1564
vn 0.3781 -0.8457 0.3766
vn 0.1597 -0.9025 0.4000
vn 0.9061 0.1194 0.4060
vn 0.9177 -0.0103 0.3971
vn 0.9657 -0.1017 0.2388
vn 0.1969 -0.0247 0.9801
vn 0.3487 0.0448 0.9362
vn 0.3521 0.1936 0.9157
vn -0.8494 -0.2350 -0.4726
vn -0.8493 -0.2350 -0.4726
vn -0.3469 -0.8432 -0.4106
vn -0.4590 -0.5971 -0.6578
vn -0.6874 -0.7018 -0.1871
vn -0.2021 -0.5316 -0.8225
vn -0.3930 -0.0626 -0.9174
vn -0.4590 -0.5971 -0.6579
vn -0.2021 -0.5316 -0.8226
vn -0.3469 -0.8433 0.4105
vn -0.4590 -0.5973 0.6577
vn -0.2021 -0.5317 0.8225
vn -0.6873 -0.7018 0.1871
vn -0.8494 -0.2350 0.4726
vn -0.8493 -0.2351 0.4726
vn -0.2021 -0.5316 0.8225
vn -0.4590 -0.5972 0.6578
vn -0.3931 -0.0627 0.9174
vn -0.8330 0.5452 -0.0941
vn -0.6786 0.6392 -0.3618
vn -0.8791 0.3819 -0.2853
vn -0.4644 0.7840 -0.4119
vn -0.6785 0.6393 -0.3619
vn -0.2125 0.5564 -0.8033
vn -0.3905 0.4749 -0.7886
vn 0.4644 0.7840 0.4119
vn 0.6785 0.6393 0.3619
vn 0.8330 0.5452 0.0941
vn 0.3904 0.4749 0.7887
vn 0.6785 0.6393 0.3620
vn 0.4644 0.7840 0.4120
vn 0.8330 0.5451 0.0941
vn 0.6786 0.6392 0.3619
vn 0.8791 0.3818 0.2853
vn 0.8330 0.5452 -0.0941
vn 0.6785 0.6393 -0.3618
vn 0.4644 0.7840 -0.4119
vn 0.8817 0.3804 -0.2791
vn 0.6785 0.6393 -0.3619
vn 0.3848 0.4750 -0.7914
vn -0.8816 0.3804 0.2792
vn -0.6786 0.6392 0.3619
vn -0.8330 0.5451 0.0941
vn -0.2108 0.5563 0.8038
vn -0.4644 0.7840 0.4119
vn -0.6785 0.6393 0.3619
vn -0.3849 0.4750 0.7914
vn -0.8330 0.5452 0.0941
vn -0.8861 -0.2876 0.3635
vn -0.5930 -0.5725 0.5662
vn -0.7959 -0.5824 0.1655
vn -0.1725 -0.1917 0.9662
vn -0.2072 -0.4420 0.8727
vn -0.5930 -0.5725 0.5663
vn -0.3914 -0.2707 0.8795
vn -0.4291 -0.7646 0.4810
vn -0.1325 -0.6155 -0.7769
vn -0.2073 -0.4421 -0.8727
vn -0.5930 -0.5725 -0.5662
vn -0.4291 -0.7646 -0.4809
vn -0.1727 -0.1918 -0.9661
vn -0.3914 -0.2708 -0.8795
vn -0.2072 -0.4421 -0.8727
vn -0.7959 -0.5824 -0.1655
vn -0.8861 -0.2876 -0.3636
vn -0.7958 -0.5825 -0.1655
vn 0.3469 -0.8433 -0.4106
vn 0.4589 -0.5972 -0.6578
vn 0.2021 -0.5316 -0.8225
vn 0.6874 -0.7018 -0.1871
vn 0.8494 -0.2350 -0.4726
vn 0.8493 -0.2350 -0.4727
vn 0.2021 -0.5316 -0.8226
vn 0.4590 -0.5971 -0.6579
vn 0.3930 -0.0626 -0.9174
vn 0.7958 -0.5824 -0.1656
vn 0.5930 -0.5725 -0.5662
vn 0.4292 -0.7646 -0.4809
vn 0.8861 -0.2875 -0.3635
vn 0.7959 -0.5824 -0.1655
vn 0.1729 -0.1920 -0.9660
vn 0.2072 -0.4420 -0.8727
vn 0.5930 -0.5724 -0.5663
vn 0.3914 -0.2707 -0.8795
vn 0.4292 -0.7645 -0.4810
vn 0.8493 -0.2351 0.4726
vn 0.3469 -0.8432 0.4106
vn 0.4591 -0.5971 0.6578
vn 0.6874 -0.7018 0.1872
vn 0.2021 -0.5317 0.8225
vn 0.3932 -0.0627 0.9173
vn 0.2022 -0.5316 0.8225
vn 0.4291 -0.7646 0.4809
vn 0.5930 -0.5725 0.5662
vn 0.7958 -0.5825 0.1655
vn 0.2072 -0.4421 0.8727
vn 0.5930 -0.5725 0.5663
vn 0.4291 -0.7645 0.4810
vn 0.1729 -0.1920 0.9660
vn 0.3915 -0.2708 0.8794
vn 0.7959 -0.5824 0.1655
vn 0.8861 -0.2876 0.3635
vn 0.1055 0.6588 -0.7449
vn 0.4055 0.7747 -0.4852
vn 0.2997 0.4370 -0.8480
vn 0.2610 0.9145 -0.3091
vn 0.1055 0.6589 -0.7448
vn 0.6619 0.7382 -0.1300
vn 0.8363 0.5139 -0.1910
vn 0.7587 0.5568 -0.3381
vn 0.8363 0.5139 0.1910
vn 0.6620 0.7382 0.1299
vn 0.4055 0.7747 0.4851
vn 0.7588 0.5567 0.3381
vn 0.2610 0.9145 0.3091
vn 0.1055 0.6589 0.7448
vn 0.2997 0.4370 0.8481
vn 0.4055 0.7747 0.4852
vn -0.6619 0.7383 -0.1299
vn -0.4054 0.7747 -0.4852
vn -0.7587 0.5568 -0.3381
vn -0.2610 0.9145 -0.3091
vn -0.1055 0.6589 -0.7448
vn -0.2997 0.4371 -0.8480
vn -0.1055 0.6588 -0.7449
vn -0.8363 0.5140 0.1911
vn -0.7587 0.5569 0.3381
vn -0.4055 0.7747 0.4852
vn -0.6619 0.7383 0.1300
vn -0.1055 0.6588 0.7448
vn -0.4054 0.7747 0.4852
vn -0.2997 0.4370 0.8480
vn -0.2610 0.9145 0.3091
vn -0.1055 0.6589 0.7448
vn -0.9459 0.3065 0.1066
vn -0.8421 0.4430 0.3075
vn -0.8421 0.4431 0.3074
vn -0.8776 0.4591 0.1380
vn -0.1436 0.4871 0.8615
vn -0.3104 0.4641 0.8296
vn -0.3105 0.4640 0.8296
vn -0.3403 0.9283 0.1502
vn -0.3044 0.9049 0.2974
vn -0.1526 0.9311 0.3314
vn -0.9459 0.3065 -0.1066
vn -0.8776 0.4591 -0.1380
vn -0.8421 0.4430 -0.3075
vn -0.1526 0.9311 -0.3314
vn -0.3045 0.9050 -0.2972
vn -0.3403 0.9283 -0.1502
vn -0.3105 0.4639 -0.8297
vn -0.3104 0.4639 -0.8297
vn -0.1435 0.4870 -0.8615
vn 0.1525 0.9311 0.3314
vn 0.3044 0.9049 0.2974
vn 0.3403 0.9283 0.1502
vn 0.3105 0.4640 0.8296
vn 0.1435 0.4871 0.8614
vn 0.8746 0.4579 0.1592
vn 0.8776 0.4591 0.1380
vn 0.8421 0.4430 0.3075
vn 0.3402 0.9283 -0.1502
vn 0.3040 0.9050 -0.2977
vn 0.1525 0.9311 -0.3314
vn 0.8747 0.4578 -0.1594
vn 0.8421 0.4430 -0.3075
vn 0.8776 0.4591 -0.1380
vn 0.1436 0.4870 -0.8615
vn 0.3105 0.4639 -0.8297
vn -0.0097 0.9981 -0.0603
vn 0.0023 0.9998 -0.0195
vn 0.1443 0.9740 -0.1747
vn -0.1531 0.9770 0.1483
vn 0.0259 0.9996 0.0070
vn -0.1832 0.6600 0.7286
vn -0.5244 0.6714 0.5237
vn -0.3256 0.8886 0.3232
vn -0.3646 0.4748 0.8010
vn -0.5244 0.6713 0.5237
vn -0.1832 0.6599 0.7287
vn -0.7419 0.6447 0.1843
vn -0.5245 0.6713 0.5237
vn -0.8107 0.4572 0.3656
vn -0.7418 0.6448 0.1843
vn -0.7418 0.6448 -0.1843
vn -0.5244 0.6714 -0.5237
vn -0.3256 0.8885 -0.3232
vn -0.8107 0.4573 -0.3655
vn -0.5244 0.6713 -0.5237
vn -0.7419 0.6447 -0.1843
vn -0.1832 0.6599 -0.7287
vn -0.3645 0.4751 -0.8009
vn -0.1832 0.6600 -0.7286
vn -0.0097 0.9981 0.0603
vn 0.0023 0.9998 0.0195
vn -0.1531 0.9770 -0.1483
vn 0.1443 0.9740 0.1747
vn 0.0259 0.9996 -0.0070
vn 0.0097 0.9981 -0.0603
vn -0.0023 0.9998 -0.0195
vn 0.1531 0.9770 0.1484
vn -0.1443 0.9740 -0.1747
vn -0.0259 0.9996 0.0070
vn 0.3256 0.8885 0.3232
vn 0.5244 0.6713 0.5237
vn 0.1832 0.6599 0.7286
vn 0.7418 0.6448 0.1843
vn 0.8921 0.4242 0.1559
vn 0.8107 0.4572 0.3656
vn 0.5245 0.6713 0.5237
vn 0.7419 0.6447 0.1843
vn 0.1832 0.6599 0.7287
vn 0.3645 0.4750 0.8010
vn 0.3256 0.8885 -0.3232
vn 0.5245 0.6713 -0.5237
vn 0.7418 0.6448 -0.1843
vn 0.1832 0.6600 -0.7286
vn 0.3646 0.4750 -0.8009
vn 0.1832 0.6599 -0.7287
vn 0.8920 0.4242 -0.1559
vn 0.7419 0.6447 -0.1843
vn 0.8108 0.4572 -0.3655
vn 0.1531 0.9770 -0.1484
vn -0.0023 0.9998 0.0195
vn 0.0097 0.9981 0.0603
vn -0.0259 0.9996 -0.0070
vn -0.1443 0.9740 0.1747
vn -0.3785 -0.9152 -0.1381
vn -0.3686 -0.8737 -0.3176
vn -0.1770 -0.9124 -0.3690
vn -0.9553 -0.2032 -0.2148
vn -0.9106 -0.1319 -0.3918
vn -0.9050 -0.2793 -0.3209
vn -0.9178 -0.3483 -0.1908
vn -0.1718 -0.0910 -0.9809
vn -0.3747 -0.0649 -0.9249
vn -0.3730 0.1260 -0.9192
vn 0.3741 0.1267 -0.9187
vn 0.3855 -0.0788 -0.9194
vn 0.1796 -0.0978 -0.9789
vn 0.9543 -0.2076 -0.2149
vn 0.9158 -0.3595 -0.1793
vn 0.9024 -0.2914 -0.3173
vn 0.9105 -0.1303 -0.3924
vn 0.1864 -0.9093 -0.3721
vn 0.3822 -0.8662 -0.3220
vn 0.3845 -0.9134 -0.1338
vn -0.1863 -0.9093 0.3721
vn -0.3822 -0.8662 0.3220
vn -0.3845 -0.9134 0.1338
vn -0.3741 0.1267 0.9187
vn -0.3855 -0.0786 0.9193
vn -0.1796 -0.0976 0.9789
vn -0.9543 -0.2076 0.2150
vn -0.9158 -0.3594 0.1793
vn -0.9025 -0.2914 0.3173
vn -0.9105 -0.1303 0.3924
vn 0.3785 -0.9152 0.1382
vn 0.3685 -0.8736 0.3177
vn 0.1770 -0.9124 0.3691
vn 0.9553 -0.2032 0.2149
vn 0.9106 -0.1318 0.3918
vn 0.9050 -0.2792 0.3211
vn 0.9177 -0.3483 0.1909
vn 0.1717 -0.0910 0.9809
vn 0.3746 -0.0649 0.9249
vn 0.3730 0.1260 0.9192
vn -0.1356 -0.5488 -0.8249
vn -0.4343 -0.5525 -0.7115
vn -0.5059 -0.5944 -0.6251
vn -0.0971 -0.1996 -0.9751
vn -0.3003 -0.2404 -0.9230
vn -0.4342 -0.5525 -0.7115
vn -0.1355 -0.5488 -0.8249
vn -0.6288 -0.4721 -0.6178
vn -0.4343 -0.5525 -0.7114
vn -0.6288 -0.4721 -0.6179
vn 0.5059 -0.5944 -0.6251
vn 0.4343 -0.5525 -0.7114
vn 0.1356 -0.5488 -0.8249
vn 0.6288 -0.4721 -0.6178
vn 0.4343 -0.5525 -0.7115
vn 0.5060 -0.5944 -0.6251
vn 0.0969 -0.1996 -0.9751
vn 0.1355 -0.5488 -0.8249
vn 0.2998 -0.2403 -0.9233
vn -0.6288 -0.4721 0.6178
vn -0.6287 -0.4721 0.6179
vn -0.4343 -0.5525 0.7115
vn -0.5059 -0.5944 0.6251
vn -0.0969 -0.1996 0.9751
vn -0.1355 -0.5488 0.8249
vn -0.4342 -0.5525 0.7115
vn -0.2998 -0.2404 0.9232
vn -0.1356 -0.5488 0.8249
vn 0.0971 -0.1996 0.9751
vn 0.3003 -0.2404 0.9231
vn 0.4342 -0.5524 0.7115
vn 0.1355 -0.5488 0.8249
vn 0.6289 -0.4720 0.6178
vn 0.5060 -0.5943 0.6251
vn 0.4342 -0.5525 0.7115
vn 0.6288 -0.4721 0.6178
vn 0.5059 -0.5944 0.6251
vn 0.5696 -0.8119 -0.1279
vn 0.5696 -0.8119 0.1279
vn 0.3765 0.0412 0.9255
vn 0.3743 -0.0426 0.9263
vn 0.8950 -0.2190 0.3887
vn 0.8964 -0.2010 0.3950
vn 0.9585 -0.2012 0.2019
vn 0.9578 -0.2083 0.1982
vn 0.6479 0.7546 -0.1042
vn 0.6479 0.7546 0.1042
vn -0.9169 -0.0970 0.3871
vn -0.3749 -0.0930 0.9224
vn -0.9197 0.0544 0.3889
vn -0.3760 0.0090 0.9266
vn -0.8990 0.2152 0.3813
vn -0.3709 0.1494 0.9166
vn -0.8700 0.3254 0.3703
vn -0.3594 0.2737 0.8921
vn -0.8326 0.4245 0.3557
vn -0.3415 0.3993 0.8508
vn 0.2151 -0.9302 -0.2973
vn 0.9169 -0.0970 -0.3870
vn 0.3748 -0.0930 -0.9224
vn 0.3804 0.1616 0.9106
vn 0.9105 -0.1326 0.3918
vn 0.9650 -0.1680 0.2014
vn 0.8990 0.2152 -0.3815
vn 0.9196 0.0544 -0.3890
vn 0.3760 0.0090 -0.9266
vn 0.3708 0.1494 -0.9166
vn 0.8326 0.4245 -0.3558
vn 0.8700 0.3254 -0.3704
vn 0.3595 0.2737 -0.8921
vn 0.3416 0.3993 -0.8508
vn 0.5158 -0.8465 -0.1315
vn 0.5158 -0.8465 0.1315
vn 0.6874 -0.7017 0.1871
vn 0.9975 -0.0710 -0.0000
vn 0.9975 -0.0712 -0.0000
vn 0.3760 0.0090 0.9266
vn 0.3749 -0.0930 0.9224
vn 0.9169 -0.0970 0.3870
vn 0.9196 0.0544 0.3890
vn 0.3594 0.2737 0.8921
vn 0.3704 0.1493 0.9168
vn 0.8990 0.2152 0.3815
vn 0.8700 0.3255 0.3704
vn -0.2816 -0.8857 -0.3691
vn -0.2150 -0.9302 -0.2975
vn -0.3390 0.2546 -0.9057
vn -0.3320 0.3327 -0.8827
vn -0.8203 0.4323 -0.3744
vn -0.8529 0.3461 -0.3909
vn -0.4418 -0.7231 -0.5310
vn -0.1321 -0.5661 -0.8137
vn 0.2816 -0.8857 -0.3691
vn 0.8527 0.3462 -0.3912
vn 0.8202 0.4324 -0.3746
vn 0.3318 0.3326 -0.8828
vn 0.3391 0.2545 -0.9057
vn 0.9073 -0.0279 -0.4196
vn 0.3481 0.0055 -0.9374
vn -0.8528 0.3462 0.3911
vn -0.8204 0.4323 0.3743
vn -0.3318 0.3326 0.8828
vn -0.3390 0.2545 0.9057
vn -0.9075 -0.0279 0.4192
vn -0.3480 0.0054 0.9375
vn -0.7965 -0.4758 0.3732
vn -0.3286 -0.2986 0.8960
vn 0.4419 -0.7230 0.5310
vn 0.3286 -0.2991 0.8959
vn 0.7963 -0.4758 0.3735
vn 0.7588 0.5567 -0.3381
vn 0.8204 0.4323 0.3743
vn 0.3319 0.3327 0.8827
vn -0.7587 0.5568 -0.3382
vn -0.7587 0.5568 0.3382
vn -0.3868 -0.1039 -0.9163
vn -0.3868 -0.1040 -0.9163
vn -0.9178 -0.1126 -0.3808
vn -0.8882 0.1351 -0.4391
vn -0.8877 0.1329 -0.4408
vn -0.3710 0.4270 -0.8246
vn -0.1321 -0.5661 0.8137
vn -0.4418 -0.7231 0.5310
vn -0.2816 -0.8857 0.3691
vn -0.3747 -0.1361 -0.9171
vn -0.9167 -0.0796 -0.3915
vn -0.9135 -0.1188 -0.3892
vn -0.9675 -0.1554 -0.1994
vn -0.9611 -0.2086 -0.1809
vn -0.3742 -0.0426 -0.9264
vn -0.3741 -0.0965 -0.9224
vn -0.9040 -0.1846 -0.3856
vn -0.8950 -0.2191 -0.3885
vn -0.9578 -0.2083 -0.1981
vn -0.9619 -0.1895 -0.1971
vn -0.3804 0.1617 -0.9106
vn -0.3765 0.0412 -0.9255
vn -0.8963 -0.2010 -0.3952
vn -0.9105 -0.1326 -0.3917
vn -0.9650 -0.1681 -0.2014
vn -0.9585 -0.2012 -0.2018
vn -0.9609 -0.2088 0.1821
vn -0.9176 -0.3974 -0.0000
vn -0.9177 -0.3974 -0.0000
vn -0.3801 -0.9249 -0.0000
vn -0.3683 0.4276 0.8256
vn -0.8889 0.1321 0.4386
vn -0.8894 0.1343 0.4369
vn -0.2150 -0.9302 0.2975
vn -0.7964 -0.4758 -0.3734
vn -0.4419 -0.7231 -0.5310
vn -0.4419 -0.7230 -0.5310
vn -0.3286 -0.2991 -0.8958
vn 0.2816 -0.8857 0.3692
vn 0.2152 -0.9303 0.2972
vn 0.3283 -0.2989 -0.8960
vn 0.4418 -0.7231 -0.5310
vn 0.4419 -0.7231 -0.5310
vn 0.7964 -0.4758 -0.3734
vn -0.9672 -0.1556 0.2007
vn -0.9618 -0.1896 0.1972
vn -0.9040 -0.1849 0.3855
vn -0.9124 -0.1190 0.3917
vn -0.3736 -0.1360 0.9176
vn -0.3737 -0.0965 0.9225
vn -0.9157 -0.0799 0.3939
vn -0.9975 -0.0711 -0.0000
vn -0.9975 -0.0709 -0.0000
vn -0.6873 -0.7018 0.1870
vn -0.5158 -0.8466 0.1315
vn -0.5158 -0.8465 -0.1315
vn -0.3905 0.4749 -0.7887
vn -0.3849 0.4749 0.7914
vn -0.3749 -0.0930 -0.9224
vn -0.9169 -0.0970 -0.3871
vn -0.3760 0.0090 -0.9266
vn -0.9195 0.0543 -0.3893
vn -0.3705 0.1493 -0.9168
vn -0.8990 0.2152 -0.3813
vn -0.3595 0.2737 -0.8921
vn -0.8700 0.3254 -0.3703
vn -0.3416 0.3993 -0.8508
vn -0.8326 0.4246 -0.3558
vn 0.3417 0.3993 0.8508
vn 0.8325 0.4246 0.3559
vn 0.1321 -0.5661 -0.8137
vn -0.4419 -0.7230 0.5310
vn -0.4418 -0.7230 0.5311
vn 0.3480 0.0055 0.9375
vn 0.3392 0.2546 0.9056
vn 0.8527 0.3461 0.3912
vn 0.9072 -0.0279 0.4197
vn 0.3854 -0.1081 0.9164
vn 0.3862 -0.1082 0.9160
vn 0.3862 -0.1081 0.9160
vn 0.9177 -0.1146 0.3804
vn 0.9177 -0.1145 0.3804
vn -0.9178 -0.1126 0.3808
vn -0.3867 -0.1075 0.9159
vn 0.8883 0.1351 0.4390
vn 0.8877 0.1329 0.4408
vn 0.3710 0.4271 0.8246
vn 0.9609 -0.2087 -0.1820
vn 0.9672 -0.1555 -0.2006
vn 0.9124 -0.1189 -0.3915
vn 0.9157 -0.0798 -0.3939
vn 0.3736 -0.1360 -0.9175
vn 0.9619 -0.1896 -0.1971
vn 0.9040 -0.1849 -0.3854
vn 0.3736 -0.0965 -0.9226
vn 0.9582 -0.2087 -0.1956
vn 0.8969 -0.2201 -0.3836
vn 0.3757 -0.0431 -0.9258
vn 0.9592 -0.2021 -0.1979
vn 0.8991 -0.2032 -0.3876
vn 0.3775 0.0408 -0.9251
vn 0.9655 -0.1691 -0.1981
vn 0.9127 -0.1349 -0.3858
vn 0.3809 0.1614 -0.9104
vn 0.3801 -0.9249 -0.0000
vn 0.3801 -0.9250 -0.0000
vn 0.9177 -0.3973 -0.0000
vn 0.9177 -0.3972 -0.0000
vn 0.9611 -0.2085 0.1810
vn 0.3746 -0.1361 0.9171
vn 0.9167 -0.0796 0.3916
vn 0.9134 -0.1188 0.3893
vn 0.9675 -0.1554 0.1994
vn -0.9582 -0.2087 0.1956
vn -0.8968 -0.2201 0.3837
vn -0.3757 -0.0431 0.9257
vn -0.9592 -0.2021 0.1979
vn -0.9655 -0.1691 0.1981
vn -0.9127 -0.1349 0.3857
vn -0.8991 -0.2032 0.3877
vn -0.3781 0.0406 0.9249
vn -0.3811 0.1614 0.9104
vn 0.4418 -0.7231 0.5310
vn 0.1321 -0.5660 0.8137
vn 0.6620 0.7382 -0.1299
vn 0.3683 0.4276 -0.8256
vn 0.8889 0.1321 -0.4385
vn 0.8894 0.1343 -0.4369
vn -0.3482 0.0054 -0.9374
vn -0.9074 -0.0279 -0.4193
vn -0.6479 0.7546 0.1042
vn -0.6619 0.7382 0.1299
vn -0.6619 0.7382 -0.1299
vn 0.3742 -0.0965 0.9223
vn 0.9040 -0.1846 0.3857
vn 0.9619 -0.1895 0.1972
vn 0.9180 -0.1118 -0.3806
vn 0.9179 -0.1117 -0.3807
vn 0.3865 -0.1023 -0.9166
vn 0.3865 -0.1022 -0.9166
vn -0.1241 -0.5669 -0.8144
vn -0.1073 -0.6456 -0.7561
vn -0.3471 -0.8184 -0.4579
vn -0.4136 -0.7478 -0.5194
vn -0.1241 -0.5669 0.8144
vn -0.4136 -0.7478 0.5193
vn -0.3472 -0.8184 0.4579
vn -0.4135 -0.7478 -0.5194
vn -0.2806 -0.5334 -0.7980
vn -0.6420 -0.6991 -0.3149
vn -0.2807 -0.5335 0.7979
vn -0.4135 -0.7478 0.5194
vn -0.6420 -0.6990 0.3149
vn -0.3063 -0.4355 -0.8465
vn -0.7321 -0.5855 -0.3482
vn -0.6420 -0.6990 -0.3149
vn -0.3062 -0.4354 0.8465
vn -0.7320 -0.5856 0.3482
vn -0.3273 -0.3363 -0.8830
vn -0.8078 -0.4549 -0.3748
vn -0.3271 -0.3364 0.8831
vn -0.8078 -0.4549 0.3747
vn -0.3436 -0.2328 -0.9098
vn -0.8673 -0.3040 -0.3941
vn -0.3438 -0.2327 0.9098
vn -0.8672 -0.3040 0.3943
vn -0.3549 -0.1208 -0.9271
vn -0.9049 -0.1296 -0.4054
vn -0.3547 -0.1207 0.9271
vn -0.9049 -0.1297 0.4054
vn -0.3602 0.0038 -0.9329
vn -0.9117 0.0694 -0.4050
vn -0.3602 0.0037 0.9329
vn -0.9116 0.0693 0.4051
vn -0.3593 0.1115 -0.9265
vn -0.8904 0.2277 -0.3941
vn -0.3590 0.1114 0.9267
vn -0.8905 0.2277 0.3940
vn 0.3593 0.1114 -0.9265
vn 0.3603 0.0037 -0.9328
vn 0.9117 0.0693 -0.4049
vn 0.8904 0.2277 -0.3941
vn 0.3604 0.0038 0.9328
vn 0.3593 0.1114 0.9266
vn 0.8904 0.2277 0.3941
vn 0.9115 0.0693 0.4055
vn 0.3550 -0.1209 -0.9270
vn 0.9049 -0.1297 -0.4055
vn 0.3548 -0.1208 0.9271
vn 0.9047 -0.1297 0.4058
vn 0.3435 -0.2329 -0.9098
vn 0.8673 -0.3041 -0.3941
vn 0.3438 -0.2329 0.9097
vn 0.8672 -0.3041 0.3943
vn 0.3275 -0.3365 -0.8829
vn 0.8078 -0.4549 -0.3748
vn 0.3271 -0.3366 0.8830
vn 0.8079 -0.4549 0.3747
vn 0.3063 -0.4355 -0.8465
vn 0.7319 -0.5855 -0.3484
vn 0.3062 -0.4354 0.8466
vn 0.7319 -0.5855 0.3485
vn 0.2806 -0.5334 -0.7979
vn 0.6420 -0.6990 -0.3149
vn 0.2806 -0.5335 0.7979
vn 0.6421 -0.6990 0.3149
vn 0.4135 -0.7478 -0.5194
vn 0.4136 -0.7478 -0.5194
vn 0.6420 -0.6991 -0.3149
vn 0.4136 -0.7478 0.5194
vn 0.6420 -0.6991 0.3149
vn 0.4136 -0.7478 0.5193
vn 0.1073 -0.6456 -0.7561
vn 0.1241 -0.5669 -0.8144
vn 0.3471 -0.8184 -0.4579
vn 0.1240 -0.5669 0.8144
vn 0.1073 -0.6455 0.7562
vn 0.3471 -0.8184 0.4580
vn -0.8779 0.2806 -0.3880
vn 0.8779 0.2805 -0.3881
vn -0.8780 0.2805 0.3879
vn 0.1325 -0.6155 -0.7770
vn 0.8780 0.2806 0.3879
vn -0.3205 0.5025 0.8030
vn -0.2947 0.6014 0.7426
vn -0.7069 0.6379 0.3055
vn -0.7814 0.5262 0.3354
vn -0.2948 0.6014 -0.7426
vn -0.3206 0.5025 -0.8030
vn -0.7814 0.5262 -0.3355
vn -0.7069 0.6380 -0.3055
vn -0.4530 0.7473 0.4861
vn -0.4530 0.7474 0.4860
vn -0.7069 0.6380 0.3055
vn -0.4530 0.7473 -0.4861
vn -0.7807 0.6053 -0.1556
vn -0.3957 0.8126 0.4280
vn -0.1203 0.7036 -0.7003
vn -0.3958 0.8126 -0.4279
vn 0.3205 0.5024 -0.8030
vn 0.2947 0.6014 -0.7426
vn 0.7069 0.6379 -0.3055
vn 0.7812 0.5263 -0.3358
vn 0.2947 0.6014 0.7426
vn 0.3204 0.5024 0.8031
vn 0.7814 0.5262 0.3354
vn 0.7069 0.6379 0.3055
vn 0.4530 0.7473 -0.4861
vn 0.7069 0.6380 -0.3054
vn 0.7807 0.6053 -0.1556
vn 0.4530 0.7473 0.4861
vn 0.7069 0.6380 0.3055
vn 0.7807 0.6053 0.1556
vn 0.1203 0.7036 -0.7003
vn 0.1333 0.6300 -0.7651
vn 0.3956 0.8125 -0.4281
vn 0.1333 0.6300 0.7651
vn 0.3957 0.8126 0.4280
vn -0.9808 -0.0425 -0.1903
vn -0.9798 -0.0899 -0.1786
vn -0.9374 0.0159 -0.3479
vn -0.9216 0.1124 -0.3714
vn -0.3794 0.5261 -0.7611
vn -0.3881 0.4409 -0.8093
vn -0.9752 -0.1146 -0.1894
vn -0.9288 -0.0323 -0.3692
vn -0.3853 0.3480 -0.8547
vn -0.9713 -0.1355 -0.1955
vn -0.9212 -0.0738 -0.3819
vn -0.3829 0.2700 -0.8835
vn 0.9808 -0.0426 0.1902
vn 0.9798 -0.0899 0.1785
vn 0.9375 0.0157 0.3475
vn 0.9217 0.1124 0.3714
vn 0.3794 0.5261 0.7611
vn 0.3882 0.4408 0.8093
vn 0.9752 -0.1146 0.1894
vn 0.9287 -0.0323 0.3693
vn 0.3855 0.3479 0.8546
vn 0.9713 -0.1355 0.1956
vn 0.9212 -0.0737 0.3820
vn 0.3829 0.2701 0.8834
vn -0.9716 -0.1363 0.1936
vn -0.9754 -0.1154 0.1880
vn -0.9299 -0.0340 0.3663
vn -0.9226 -0.0754 0.3784
vn -0.3830 0.2700 0.8834
vn -0.3857 0.3478 0.8545
vn -0.9799 -0.0906 0.1775
vn -0.9383 0.0143 0.3455
vn -0.3885 0.4407 0.8092
vn -0.9809 -0.0429 0.1897
vn -0.9221 0.1117 0.3705
vn -0.3796 0.5260 0.7611
vn 0.9716 -0.1363 -0.1936
vn 0.9754 -0.1154 -0.1879
vn 0.9299 -0.0341 -0.3662
vn 0.9225 -0.0754 -0.3785
vn 0.3831 0.2699 -0.8834
vn 0.3856 0.3478 -0.8546
vn 0.9799 -0.0907 -0.1775
vn 0.9383 0.0143 -0.3456
vn 0.3883 0.4408 -0.8093
vn 0.9809 -0.0429 -0.1897
vn 0.9221 0.1117 -0.3705
vn 0.3795 0.5261 -0.7611
vn 0.2107 0.5563 -0.8038
vn 0.9818 -0.1897 -0.0000
vn 0.9818 -0.1897 -0.0001
vn -0.9818 -0.1897 -0.0000
vt 0.353441 0.392791
vt 0.334202 0.388754
vt 0.334202 0.494709
vt 0.353441 0.496801
vt 0.950494 0.397136
vt 0.950494 0.188012
vt 0.930400 0.189360
vt 0.930400 0.395788
vt 0.665851 0.410681
vt 0.646641 0.408523
vt 0.646641 0.514423
vt 0.665851 0.514636
vt 0.422383 0.582162
vt 0.404513 0.587711
vt 0.404517 0.841664
vt 0.422387 0.847208
vt 0.360113 0.868484
vt 0.361587 0.868130
vt 0.361587 0.577008
vt 0.360113 0.576654
vt 0.298701 0.339058
vt 0.011090 0.339058
vt 0.025383 0.352296
vt 0.284408 0.352296
vt 0.306277 0.321857
vt 0.003514 0.321857
vt 0.665851 0.994296
vt 0.671413 0.987001
vt 0.671389 0.888440
vt 0.665851 0.890341
vt 0.646641 0.998367
vt 0.646641 0.892468
vt 0.613300 0.996871
vt 0.613300 0.349372
vt 0.612095 0.349795
vt 0.612095 0.996395
vt 0.334202 0.978910
vt 0.353441 0.976716
vt 0.353441 0.872705
vt 0.334202 0.872955
vt 0.784466 0.859246
vt 0.784466 0.616590
vt 0.781959 0.616459
vt 0.781959 0.859378
vt 0.299252 0.977132
vt 0.299252 0.339706
vt 0.284947 0.352960
vt 0.284947 0.963878
vt 0.857382 0.990648
vt 0.857382 0.414867
vt 0.854910 0.414174
vt 0.854910 0.991345
vt 0.442435 0.944619
vt 0.462737 0.944421
vt 0.462734 0.850652
vt 0.442435 0.853866
vt 0.568852 0.729188
vt 0.568852 0.485192
vt 0.566403 0.485060
vt 0.566403 0.729321
vt 0.689345 0.882643
vt 0.689343 0.972249
vt 0.695814 0.969339
vt 0.695814 0.880656
vt 0.671413 0.416297
vt 0.671389 0.514866
vt 0.695814 0.429532
vt 0.689343 0.427431
vt 0.689345 0.517037
vt 0.695814 0.518215
vt 0.544955 0.972314
vt 0.544955 0.396227
vt 0.542482 0.395532
vt 0.542482 0.973010
vt 0.614839 0.348740
vt 0.614839 0.997607
vt 0.261989 0.045807
vt 0.001580 0.045819
vt 0.001585 0.153298
vt 0.261994 0.153286
vt 0.011090 0.977781
vt 0.298701 0.977781
vt 0.284408 0.964543
vt 0.025383 0.964543
vt 0.454093 0.602134
vt 0.454093 0.847926
vt 0.472244 0.840885
vt 0.472244 0.609174
vt 0.442435 0.432315
vt 0.442435 0.523067
vt 0.462735 0.525317
vt 0.462737 0.431547
vt 0.421977 0.429313
vt 0.421977 0.518405
vt 0.402097 0.424152
vt 0.402097 0.512395
vt 0.383498 0.417683
vt 0.383498 0.506413
vt 0.306822 0.994347
vt 0.306822 0.322491
vt 0.834643 0.981148
vt 0.834643 0.422219
vt 0.825105 0.436980
vt 0.825104 0.963609
vt 0.269055 0.083274
vt 0.477005 0.083274
vt 0.477425 0.063287
vt 0.268629 0.063287
vt 0.910222 0.188942
vt 0.910222 0.396210
vt 0.479721 0.044125
vt 0.266325 0.044125
vt 0.890706 0.186662
vt 0.890706 0.398496
vt 0.483930 0.026414
vt 0.262107 0.026414
vt 0.872553 0.182484
vt 0.872553 0.402683
vt 0.486270 0.020329
vt 0.259764 0.020329
vt 0.866272 0.180161
vt 0.866272 0.405009
vt 0.001890 0.998709
vt 0.307901 0.998709
vt 0.306277 0.994982
vt 0.003514 0.994982
vt 0.385719 0.571377
vt 0.385719 0.856977
vt 0.392815 0.852236
vt 0.392815 0.576118
vt 0.999094 0.400464
vt 0.999094 0.184694
vt 0.264348 0.152872
vt 0.481709 0.152872
vt 0.478364 0.103483
vt 0.267697 0.103483
vt 0.522251 0.964968
vt 0.522251 0.405743
vt 0.512756 0.423281
vt 0.512756 0.950190
vt 0.754728 0.863932
vt 0.754728 0.954636
vt 0.775045 0.955387
vt 0.775043 0.861667
vt 0.421977 0.947889
vt 0.421977 0.858797
vt 0.734265 0.868613
vt 0.734265 0.957658
vt 0.402097 0.952569
vt 0.402097 0.864325
vt 0.714393 0.874646
vt 0.714393 0.962842
vt 0.383498 0.957777
vt 0.383498 0.869047
vt 0.377015 0.959891
vt 0.377017 0.870238
vt 0.377015 0.414785
vt 0.377017 0.504438
vt 0.010539 0.339706
vt 0.002969 0.322491
vt 0.002969 0.994347
vt 0.010539 0.977132
vt 0.565841 0.976717
vt 0.565841 0.733651
vt 0.547891 0.740614
vt 0.547891 0.969754
vt 0.775045 0.442785
vt 0.754728 0.442604
vt 0.754728 0.533308
vt 0.775043 0.536505
vt 0.734265 0.439357
vt 0.734265 0.528402
vt 0.714393 0.434707
vt 0.714393 0.522903
vt 0.359005 0.498685
vt 0.359029 0.400071
vt 0.443119 0.586527
vt 0.425096 0.592024
vt 0.425099 0.843613
vt 0.443122 0.849105
vt 0.447416 0.595327
vt 0.447416 0.849792
vt 0.447416 0.595327
vt 0.344493 0.870045
vt 0.346038 0.869690
vt 0.346038 0.577775
vt 0.344493 0.577420
vt 0.362779 0.867922
vt 0.362779 0.577214
vt 0.643042 0.349865
vt 0.643042 0.996866
vt 0.644246 0.996388
vt 0.644246 0.350286
vt 0.352695 0.868575
vt 0.352695 0.576563
vt 0.349309 0.577568
vt 0.349309 0.867568
vt 0.618511 0.998331
vt 0.618511 0.348098
vt 0.356492 0.868897
vt 0.356492 0.576243
vt 0.340788 0.577008
vt 0.340788 0.870459
vt 0.307901 0.318130
vt 0.001890 0.318130
vt 0.337056 0.870136
vt 0.337056 0.577329
vt 0.333872 0.578336
vt 0.333872 0.869125
vt 0.641505 0.997604
vt 0.641505 0.349237
vt 0.637835 0.348600
vt 0.637835 0.998332
vt 0.625293 0.351154
vt 0.625293 0.994622
vt 0.627361 0.990747
vt 0.627361 0.354393
vt 0.622185 0.348944
vt 0.622185 0.997284
vt 0.315297 0.991887
vt 0.315297 0.338601
vt 0.310640 0.333299
vt 0.310640 0.997189
vt 0.634159 0.997289
vt 0.634159 0.349448
vt 0.631045 0.351656
vt 0.631045 0.994628
vt 0.628967 0.354891
vt 0.628967 0.990754
vt 0.347280 0.869482
vt 0.347279 0.577982
vt 0.329516 0.355335
vt 0.329516 0.978499
vt 0.329522 0.978498
vt 0.329522 0.355336
vt 0.605036 0.338601
vt 0.605036 0.991887
vt 0.609693 0.997189
vt 0.609693 0.333299
vt 0.327821 0.349258
vt 0.592512 0.349258
vt 0.603457 0.338848
vt 0.316876 0.338848
vt 0.646578 0.599007
vt 0.646590 0.859415
vt 0.754069 0.859411
vt 0.754057 0.599002
vt 0.331852 0.978504
vt 0.331852 0.356009
vt 0.331846 0.356009
vt 0.331845 0.978503
vt 0.027117 0.962598
vt 0.278670 0.962598
vt 0.278670 0.361971
vt 0.027117 0.361971
vt 0.604358 0.992519
vt 0.315975 0.992519
vt 0.311214 0.997940
vt 0.609119 0.997940
vt 0.327152 0.980575
vt 0.327152 0.349913
vt 0.316189 0.339487
vt 0.316189 0.991001
vt 0.593181 0.349913
vt 0.593181 0.980575
vt 0.604144 0.991001
vt 0.604144 0.339487
vt 0.592512 0.981230
vt 0.327821 0.981230
vt 0.316876 0.991639
vt 0.603457 0.991639
vt 0.315975 0.337969
vt 0.604358 0.337969
vt 0.609119 0.332548
vt 0.311214 0.332548
vt 0.359029 0.971079
vt 0.359005 0.872457
vt 0.852268 0.413697
vt 0.852268 0.991784
vt 0.849442 0.413685
vt 0.849442 0.991677
vt 0.523945 0.967170
vt 0.523945 0.403120
vt 0.838472 0.986157
vt 0.838472 0.418040
vt 0.836344 0.420020
vt 0.836344 0.983771
vt 0.840946 0.988212
vt 0.840946 0.416358
vt 0.843670 0.989856
vt 0.843670 0.415041
vt 0.846538 0.991026
vt 0.846538 0.414138
vt 0.549333 0.726739
vt 0.549333 0.487638
vt 0.546963 0.488573
vt 0.546963 0.725802
vt 0.364287 0.500427
vt 0.364299 0.405765
vt 0.563779 0.729355
vt 0.563779 0.485027
vt 0.560917 0.485196
vt 0.560917 0.729187
vt 0.557926 0.485559
vt 0.557926 0.728823
vt 0.554922 0.486101
vt 0.554922 0.728279
vt 0.552021 0.486804
vt 0.552021 0.727576
vt 0.779300 0.616427
vt 0.779300 0.859411
vt 0.776449 0.616594
vt 0.776449 0.859244
vt 0.773516 0.616955
vt 0.773516 0.858882
vt 0.770612 0.617494
vt 0.770613 0.858341
vt 0.767851 0.618192
vt 0.767851 0.857641
vt 0.765338 0.619022
vt 0.765338 0.856808
vt 0.451444 0.848971
vt 0.451444 0.601089
vt 0.449050 0.600111
vt 0.449050 0.849949
vt 0.539842 0.395096
vt 0.539842 0.973490
vt 0.526067 0.400732
vt 0.526067 0.969152
vt 0.528534 0.970834
vt 0.528534 0.398676
vt 0.531253 0.972151
vt 0.531253 0.397031
vt 0.534117 0.973053
vt 0.534117 0.395859
vt 0.537017 0.973505
vt 0.537017 0.395206
vt 0.568460 0.977750
vt 0.568460 0.732618
vt 0.024844 0.963878
vt 0.024844 0.352960
vt 0.849480 0.329818
vt 0.849480 0.113626
vt 0.531343 0.113626
vt 0.531343 0.329818
vt 0.370879 0.502532
vt 0.370882 0.411150
vt 0.683222 0.884561
vt 0.683225 0.975895
vt 0.676662 0.420660
vt 0.676650 0.515275
vt 0.683222 0.516070
vt 0.683225 0.424735
vt 0.370879 0.871220
vt 0.370882 0.962603
vt 0.370649 0.584195
vt 0.370649 0.852187
vt 0.376522 0.856250
vt 0.376523 0.580132
vt 0.257085 0.014663
vt 0.488944 0.014663
vt 0.492579 0.008733
vt 0.253443 0.008733
vt 0.398689 0.848173
vt 0.398689 0.580181
vt 0.860349 0.407668
vt 0.860349 0.177507
vt 0.854022 0.173898
vt 0.854022 0.411284
vt 0.364299 0.966698
vt 0.364287 0.872033
vt 0.676662 0.981295
vt 0.676650 0.886683
vt 0.383619 0.860990
vt 0.383619 0.575391
vt 0.001633 0.045498
vt 0.001379 0.045593
vt 0.001291 0.045871
vt 0.443128 0.849445
vt 0.443394 0.849473
vt 0.443450 0.849216
vt 0.646312 0.998441
vt 0.646383 0.998698
vt 0.646657 0.998694
vt 0.646647 0.598723
vt 0.646357 0.598815
vt 0.646268 0.599088
vt 0.646706 0.408130
vt 0.646394 0.408141
vt 0.646315 0.408445
vt 0.422723 0.582079
vt 0.422662 0.581800
vt 0.422356 0.581829
vt 0.262273 0.045876
vt 0.262181 0.045586
vt 0.261908 0.045498
vt 0.334268 0.388423
vt 0.333955 0.388428
vt 0.333876 0.388697
vt 0.443450 0.586445
vt 0.443382 0.586169
vt 0.443078 0.586198
vt 0.646268 0.859362
vt 0.646364 0.859617
vt 0.646642 0.859705
vt 0.422408 0.847551
vt 0.422676 0.847579
vt 0.422723 0.847320
vt 0.333873 0.979004
vt 0.333945 0.979296
vt 0.334219 0.979297
vt 0.784865 0.616403
vt 0.784860 0.616148
vt 0.784492 0.616251
vt 0.284680 0.964241
vt 0.284480 0.964102
vt 0.284208 0.964276
vt 0.284635 0.963800
vt 0.857433 0.990963
vt 0.857794 0.991003
vt 0.857785 0.990747
vt 0.025111 0.964241
vt 0.025311 0.964102
vt 0.025156 0.963800
vt 0.025583 0.964276
vt 0.784492 0.859585
vt 0.784860 0.859688
vt 0.784865 0.859433
vt 0.545357 0.396128
vt 0.545367 0.395871
vt 0.545007 0.395912
vt 0.424680 0.843408
vt 0.424644 0.843705
vt 0.424827 0.843872
vt 0.385780 0.570893
vt 0.385488 0.570805
vt 0.385391 0.571144
vt 0.385907 0.570522
vt 0.385434 0.570615
vt 0.383558 0.861474
vt 0.383849 0.861562
vt 0.383946 0.861224
vt 0.353243 0.977141
vt 0.353440 0.977125
vt 0.353677 0.976888
vt 0.404110 0.841457
vt 0.404081 0.841757
vt 0.404261 0.841926
vt 0.383946 0.575158
vt 0.383849 0.574819
vt 0.383558 0.574907
vt 0.404257 0.587450
vt 0.404077 0.587619
vt 0.404106 0.587918
vt 0.666086 0.410508
vt 0.665849 0.410271
vt 0.665653 0.410256
vt 0.424824 0.591765
vt 0.424641 0.591933
vt 0.424677 0.592229
vt 0.385907 0.857832
vt 0.385780 0.857460
vt 0.385488 0.857548
vt 0.385434 0.857739
vt 0.385391 0.857210
vt 0.999073 0.400800
vt 0.999512 0.400884
vt 0.999499 0.400557
vt 0.511886 0.423940
vt 0.512341 0.423620
vt 0.512317 0.423422
vt 0.511875 0.423628
vt 0.472641 0.608546
vt 0.472427 0.608800
vt 0.472714 0.608925
vt 0.472968 0.608755
vt 0.472579 0.609275
vt 0.472641 0.841514
vt 0.472968 0.841304
vt 0.472714 0.841135
vt 0.472427 0.841260
vt 0.824233 0.962951
vt 0.824221 0.963262
vt 0.824663 0.963468
vt 0.824688 0.963270
vt 0.999499 0.184601
vt 0.999512 0.184274
vt 0.999073 0.184358
vt 0.472579 0.840785
vt 0.284680 0.352598
vt 0.284480 0.352736
vt 0.284635 0.353039
vt 0.284208 0.352562
vt 0.568864 0.729529
vt 0.569235 0.729633
vt 0.569254 0.729377
vt 0.857785 0.414818
vt 0.857794 0.414504
vt 0.857433 0.414497
vt 0.547560 0.969655
vt 0.547426 0.970001
vt 0.547710 0.970124
vt 0.264010 0.152838
vt 0.263925 0.153296
vt 0.264254 0.153294
vt 0.824233 0.437503
vt 0.824688 0.437232
vt 0.824663 0.436971
vt 0.824221 0.437134
vt 0.824970 0.436738
vt 0.569254 0.485003
vt 0.569235 0.484747
vt 0.568864 0.484851
vt 0.025111 0.352598
vt 0.025311 0.352736
vt 0.025583 0.352562
vt 0.025156 0.353039
vt 0.545007 0.972684
vt 0.545367 0.972676
vt 0.545357 0.972363
vt 0.547711 0.740244
vt 0.547426 0.740367
vt 0.547560 0.740713
vt 0.512341 0.949938
vt 0.512317 0.950199
vt 0.512623 0.950432
vt 0.511886 0.949667
vt 0.511875 0.950036
vt 0.481804 0.153294
vt 0.482133 0.153296
vt 0.482048 0.152838
vt 0.644662 0.350656
vt 0.644686 0.350152
vt 0.644320 0.349905
vt 0.310911 0.332910
vt 0.310488 0.332401
vt 0.310307 0.332885
vt 0.310925 0.332187
vt 0.310636 0.331934
vt 0.310281 0.332109
vt 0.609697 0.331934
vt 0.609408 0.332187
vt 0.609845 0.332401
vt 0.610052 0.332109
vt 0.609422 0.332910
vt 0.610026 0.332885
vt 0.612020 0.349414
vt 0.611653 0.349662
vt 0.611677 0.350166
vt 0.310636 0.998554
vt 0.310925 0.998301
vt 0.310488 0.998087
vt 0.310281 0.998378
vt 0.310911 0.997578
vt 0.310307 0.997603
vt 0.644320 0.996709
vt 0.644686 0.996391
vt 0.644662 0.995955
vt 0.609697 0.998554
vt 0.610052 0.998378
vt 0.609845 0.998087
vt 0.609408 0.998301
vt 0.611678 0.995962
vt 0.611653 0.996399
vt 0.612020 0.996717
vt 0.609422 0.997578
vt 0.610026 0.997603
vt 0.445056 0.849940
vt 0.445059 0.850286
vt 0.445345 0.850181
vt 0.445408 0.849890
vt 0.331487 0.978435
vt 0.331548 0.978705
vt 0.331839 0.978812
vt 0.027098 0.361632
vt 0.026816 0.361687
vt 0.026762 0.361958
vt 0.445056 0.590627
vt 0.445408 0.590677
vt 0.445345 0.590386
vt 0.445059 0.590281
vt 0.279025 0.361958
vt 0.278971 0.361687
vt 0.278689 0.361632
vt 0.329528 0.978807
vt 0.329818 0.978699
vt 0.329881 0.978430
vt 0.026762 0.962611
vt 0.026816 0.962882
vt 0.027098 0.962937
vt 0.331839 0.355644
vt 0.331549 0.355716
vt 0.331487 0.356009
vt 0.280975 0.962213
vt 0.280631 0.962162
vt 0.280700 0.962460
vt 0.280985 0.962567
vt 0.278689 0.962937
vt 0.278971 0.962882
vt 0.279025 0.962611
vt 0.280975 0.696547
vt 0.280985 0.696193
vt 0.280700 0.696300
vt 0.280631 0.696598
vt 0.329881 0.355335
vt 0.329818 0.355041
vt 0.329528 0.354970
vt 0.315739 0.339044
vt 0.315970 0.338623
vt 0.315620 0.338272
vt 0.316521 0.339157
vt 0.316425 0.338408
vt 0.327496 0.350073
vt 0.327674 0.349757
vt 0.327475 0.349574
vt 0.331816 0.978810
vt 0.332246 0.978971
vt 0.332266 0.978693
vt 0.447014 0.849967
vt 0.447024 0.850284
vt 0.447441 0.850129
vt 0.328003 0.349585
vt 0.592330 0.349585
vt 0.592659 0.349757
vt 0.592857 0.349574
vt 0.447441 0.594990
vt 0.447025 0.594836
vt 0.447014 0.595153
vt 0.329102 0.978689
vt 0.329121 0.978967
vt 0.329551 0.978805
vt 0.592836 0.350073
vt 0.604594 0.339044
vt 0.604363 0.338623
vt 0.603812 0.339157
vt 0.604713 0.338271
vt 0.603908 0.338408
vt 0.315739 0.991444
vt 0.315970 0.991865
vt 0.316521 0.991331
vt 0.315620 0.992216
vt 0.316425 0.992080
vt 0.327475 0.980914
vt 0.327674 0.980731
vt 0.327497 0.980415
vt 0.328003 0.980903
vt 0.281045 0.434426
vt 0.281058 0.434083
vt 0.280646 0.433925
vt 0.280650 0.434248
vt 0.332266 0.355882
vt 0.332246 0.355537
vt 0.331816 0.355646
vt 0.592858 0.980914
vt 0.592659 0.980731
vt 0.592330 0.980903
vt 0.592836 0.980415
vt 0.329551 0.354971
vt 0.329121 0.354863
vt 0.329102 0.355210
vt 0.281045 0.693961
vt 0.280650 0.694140
vt 0.280646 0.694463
vt 0.281058 0.694305
vt 0.603812 0.991331
vt 0.604363 0.991865
vt 0.604594 0.991444
vt 0.603908 0.992080
vt 0.604713 0.992216
vt 0.754400 0.599056
vt 0.754340 0.598801
vt 0.754061 0.598712
vt 0.265110 0.176301
vt 0.265452 0.176292
vt 0.265480 0.176024
vt 0.265222 0.175970
vt 0.646310 0.514396
vt 0.646384 0.514653
vt 0.646660 0.514726
vt 0.646685 0.892101
vt 0.646390 0.892180
vt 0.646315 0.892467
vt 0.260936 0.155581
vt 0.260852 0.155236
vt 0.260575 0.155293
vt 0.260599 0.155584
vt 0.001301 0.153309
vt 0.001392 0.153582
vt 0.001668 0.153640
vt 0.754079 0.859694
vt 0.754353 0.859603
vt 0.754411 0.859328
vt 0.334247 0.872648
vt 0.333952 0.872724
vt 0.333876 0.872976
vt 0.001708 0.176305
vt 0.001624 0.175970
vt 0.001345 0.176033
vt 0.001369 0.176320
vt 0.261940 0.153630
vt 0.262195 0.153569
vt 0.262284 0.153290
vt 0.522538 0.155577
vt 0.522878 0.155556
vt 0.522906 0.155284
vt 0.522650 0.155236
vt 0.333872 0.494702
vt 0.333946 0.494994
vt 0.334222 0.495072
vt 0.849938 0.330173
vt 0.849940 0.330085
vt 0.849807 0.329777
vt 0.791732 0.537485
vt 0.791238 0.537762
vt 0.791260 0.537888
vt 0.791402 0.537908
vt 0.239801 0.315999
vt 0.239841 0.316335
vt 0.240144 0.316470
vt 0.240204 0.316452
vt 0.531016 0.329777
vt 0.530883 0.330085
vt 0.530885 0.330173
vt 0.790797 0.861460
vt 0.791238 0.861676
vt 0.791260 0.861526
vt 0.791139 0.861329
vt 0.791732 0.862050
vt 0.791402 0.861544
vt 0.026981 0.316002
vt 0.026578 0.316456
vt 0.026638 0.316473
vt 0.026940 0.316338
vt 0.479401 0.849662
vt 0.479073 0.849238
vt 0.478931 0.849259
vt 0.478909 0.849384
vt 0.849807 0.113667
vt 0.849940 0.113360
vt 0.849938 0.113271
vt 0.479401 0.524925
vt 0.478909 0.525299
vt 0.478931 0.525448
vt 0.479073 0.525431
vt 0.478471 0.525514
vt 0.478813 0.525645
vt 0.530885 0.113271
vt 0.530883 0.113360
vt 0.531016 0.113667
vt 0.264160 0.153630
vt 0.481897 0.153630
vt 0.402082 0.512755
vt 0.421970 0.518766
vt 0.494419 0.240599
vt 0.496680 0.220966
vt 0.496359 0.220921
vt 0.494095 0.240576
vt 0.403780 0.588126
vt 0.403784 0.841251
vt 0.950495 0.397474
vt 0.462745 0.431232
vt 0.930401 0.396127
vt 0.442443 0.431998
vt 0.910223 0.396550
vt 0.421985 0.428993
vt 0.890707 0.398839
vt 0.402106 0.423829
vt 0.872555 0.403028
vt 0.383506 0.417356
vt 0.299091 0.339248
vt 0.267357 0.103472
vt 0.775053 0.442414
vt 0.383469 0.506770
vt 0.500819 0.202712
vt 0.500504 0.202635
vt 0.268286 0.063276
vt 0.268714 0.083263
vt 0.754735 0.442232
vt 0.734273 0.438982
vt 0.261759 0.026402
vt 0.265979 0.044113
vt 0.714401 0.434327
vt 0.695821 0.429148
vt 0.569576 0.729566
vt 0.569576 0.484815
vt 0.442443 0.944991
vt 0.462745 0.944792
vt 0.478705 0.103472
vt 0.477347 0.083263
vt 0.402106 0.952948
vt 0.421985 0.948264
vt 0.477768 0.063276
vt 0.480067 0.044113
vt 0.306662 0.994796
vt 0.299091 0.977591
vt 0.641512 0.997954
vt 0.643049 0.997214
vt 0.346040 0.577422
vt 0.344494 0.577066
vt 0.308281 0.998531
vt 0.308438 0.998103
vt 0.306662 0.322043
vt 0.360100 0.868837
vt 0.361574 0.868482
vt 0.643049 0.349460
vt 0.641512 0.348829
vt 0.356479 0.869251
vt 0.637842 0.348188
vt 0.344494 0.870399
vt 0.346040 0.870043
vt 0.613292 0.997220
vt 0.614831 0.997958
vt 0.340790 0.870814
vt 0.618503 0.998687
vt 0.337057 0.870494
vt 0.622177 0.997648
vt 0.625284 0.350719
vt 0.622177 0.348524
vt 0.352682 0.576207
vt 0.349296 0.577208
vt 0.362805 0.868267
vt 0.362805 0.576870
vt 0.361574 0.576655
vt 0.613292 0.348967
vt 0.347321 0.577636
vt 0.347321 0.869827
vt 0.001364 0.316104
vt 0.001371 0.316105
vt 0.001347 0.316426
vt 0.001371 0.316428
vt 0.001365 0.309791
vt 0.001342 0.309793
vt 0.001365 0.310131
vt 0.259544 0.194563
vt 0.259825 0.194736
vt 0.665785 0.514978
vt 0.001352 0.998103
vt 0.001510 0.998531
vt 0.003129 0.994796
vt 0.775074 0.536817
vt 0.237706 0.300482
vt 0.237381 0.300537
vt 0.734258 0.528709
vt 0.754738 0.533617
vt 0.236367 0.280506
vt 0.236791 0.260498
vt 0.236464 0.260463
vt 0.236039 0.280512
vt 0.695784 0.518519
vt 0.714377 0.523209
vt 0.239069 0.241182
vt 0.243239 0.223222
vt 0.242921 0.223133
vt 0.238745 0.241125
vt 0.353376 0.872363
vt 0.006991 0.194740
vt 0.007272 0.194567
vt 0.010700 0.977591
vt 0.337057 0.576971
vt 0.333873 0.577975
vt 0.631052 0.995005
vt 0.634166 0.997651
vt 0.003129 0.322043
vt 0.010700 0.339248
vt 0.634166 0.349028
vt 0.631052 0.351222
vt 0.349296 0.867928
vt 0.352682 0.868932
vt 0.029398 0.300540
vt 0.030747 0.280515
vt 0.030418 0.280509
vt 0.029075 0.300486
vt 0.462766 0.850339
vt 0.442446 0.853557
vt 0.785162 0.859621
vt 0.785162 0.616215
vt 0.665653 0.994684
vt 0.353243 0.392403
vt 0.775053 0.955702
vt 0.950495 0.187674
vt 0.754735 0.954952
vt 0.930401 0.189021
vt 0.734272 0.957977
vt 0.910223 0.188601
vt 0.714401 0.963165
vt 0.890707 0.186319
vt 0.695821 0.969666
vt 0.872555 0.182138
vt 0.383506 0.958161
vt 0.484278 0.026402
vt 0.308438 0.318736
vt 0.308281 0.318307
vt 0.333873 0.869487
vt 0.625284 0.994999
vt 0.618503 0.347686
vt 0.614831 0.348333
vt 0.360100 0.576301
vt 0.356479 0.575888
vt 0.001297 0.993438
vt 0.001291 0.993438
vt 0.001313 0.993088
vt 0.001291 0.993086
vt 0.001291 0.306175
vt 0.001314 0.306173
vt 0.001291 0.305835
vt 0.001364 0.311788
vt 0.001342 0.312126
vt 0.001364 0.312128
vt 0.001355 0.313926
vt 0.001331 0.313929
vt 0.001355 0.314249
vt 0.001348 0.314250
vt 0.517011 0.173773
vt 0.517290 0.173926
vt 0.353376 0.497191
vt 0.286046 0.296259
vt 0.288446 0.280924
vt 0.288125 0.280857
vt 0.285646 0.296697
vt 0.775074 0.861302
vt 0.289784 0.260854
vt 0.289458 0.260836
vt 0.754738 0.863568
vt 0.289367 0.240580
vt 0.289042 0.240603
vt 0.734258 0.868252
vt 0.287107 0.220926
vt 0.286785 0.220970
vt 0.714377 0.874287
vt 0.282964 0.202640
vt 0.282650 0.202716
vt 0.695784 0.880300
vt 0.286006 0.296604
vt 0.497452 0.296601
vt 0.497412 0.296256
vt 0.462766 0.525682
vt 0.497812 0.296694
vt 0.495330 0.280854
vt 0.495008 0.280921
vt 0.030329 0.260467
vt 0.030001 0.260502
vt 0.421970 0.858491
vt 0.028054 0.241130
vt 0.023885 0.223138
vt 0.023568 0.223226
vt 0.027730 0.241186
vt 0.402082 0.864020
vt 0.383469 0.868744
vt 0.001510 0.318307
vt 0.001352 0.318736
vt 0.363142 0.867641
vt 0.363142 0.577495
vt 0.665785 0.889951
vt 0.266184 0.173930
vt 0.266463 0.173777
vt 0.637842 0.998686
vt 0.340790 0.576652
vt 0.424329 0.592435
vt 0.424332 0.843203
vt 0.347667 0.869200
vt 0.347667 0.578264
vt 0.442446 0.523431
vt 0.493999 0.260832
vt 0.493673 0.260851
vt 0.001366 0.303818
vt 0.001366 0.303818
vt 0.001343 0.304156
vt 0.001366 0.304157
vt 0.001349 0.307798
vt 0.001327 0.307799
vt 0.001349 0.308150
vt 0.001343 0.308150
vt 0.452095 0.849488
vt 0.454764 0.848445
vt 0.454290 0.848293
vt 0.451635 0.849337
vt 0.454764 0.601615
vt 0.452095 0.600571
vt 0.451635 0.600723
vt 0.454290 0.601767
vt 0.836352 0.984158
vt 0.838480 0.986530
vt 0.449234 0.850313
vt 0.526075 0.400359
vt 0.523953 0.402731
vt 0.449234 0.599747
vt 0.840953 0.988572
vt 0.767853 0.617846
vt 0.765340 0.618675
vt 0.528542 0.398316
vt 0.765340 0.857156
vt 0.767853 0.857986
vt 0.843677 0.990204
vt 0.770614 0.617150
vt 0.531261 0.396682
vt 0.770614 0.858685
vt 0.846546 0.991365
vt 0.773517 0.616611
vt 0.534125 0.395519
vt 0.773517 0.859225
vt 0.849449 0.992010
vt 0.776451 0.616252
vt 0.537025 0.394872
vt 0.776451 0.859585
vt 0.852276 0.992113
vt 0.779302 0.616086
vt 0.539850 0.394766
vt 0.779302 0.859752
vt 0.854917 0.991673
vt 0.781961 0.616118
vt 0.542490 0.395204
vt 0.781961 0.859719
vt 0.854917 0.413791
vt 0.852276 0.413312
vt 0.563767 0.729698
vt 0.566391 0.729664
vt 0.539850 0.973875
vt 0.542490 0.973393
vt 0.566391 0.484717
vt 0.563767 0.484684
vt 0.849449 0.413296
vt 0.560905 0.729530
vt 0.537025 0.973893
vt 0.560905 0.484852
vt 0.846546 0.413743
vt 0.557914 0.729168
vt 0.534125 0.973448
vt 0.557914 0.485214
vt 0.843677 0.414637
vt 0.554910 0.728626
vt 0.531261 0.972555
vt 0.554910 0.485755
vt 0.840953 0.415943
vt 0.552007 0.727923
vt 0.528542 0.971249
vt 0.552007 0.486456
vt 0.838480 0.417610
vt 0.549319 0.727088
vt 0.526075 0.969581
vt 0.549319 0.487289
vt 0.836352 0.419576
vt 0.568272 0.978112
vt 0.570646 0.979077
vt 0.570828 0.978716
vt 0.523953 0.967614
vt 0.570646 0.731291
vt 0.568272 0.732256
vt 0.570828 0.731651
vt 0.565177 0.977229
vt 0.567817 0.978261
vt 0.565646 0.977079
vt 0.567817 0.732106
vt 0.565177 0.733138
vt 0.565646 0.733289
vt 0.547498 0.970376
vt 0.547498 0.739992
vt 0.377024 0.414453
vt 0.370891 0.410813
vt 0.860350 0.408020
vt 0.866273 0.405358
vt 0.683232 0.976232
vt 0.689351 0.972580
vt 0.866273 0.179812
vt 0.860350 0.177154
vt 0.364308 0.405422
vt 0.398868 0.848574
vt 0.404397 0.844493
vt 0.404220 0.844095
vt 0.676670 0.981637
vt 0.404397 0.583860
vt 0.398868 0.579780
vt 0.404220 0.584258
vt 0.393432 0.852807
vt 0.399301 0.848740
vt 0.392996 0.852639
vt 0.399301 0.579613
vt 0.393432 0.575547
vt 0.392996 0.575714
vt 0.689351 0.427042
vt 0.683232 0.424339
vt 0.256730 0.014651
vt 0.259412 0.020317
vt 0.370891 0.962999
vt 0.377023 0.960281
vt 0.486621 0.020317
vt 0.489299 0.014651
vt 0.676670 0.420259
vt 0.370469 0.583794
vt 0.364941 0.587874
vt 0.365118 0.588272
vt 0.364307 0.967098
vt 0.364941 0.848507
vt 0.370469 0.852588
vt 0.365118 0.848109
vt 0.375905 0.579561
vt 0.370036 0.583627
vt 0.376342 0.579728
vt 0.370036 0.852754
vt 0.375905 0.856820
vt 0.376342 0.856653
vt 0.255168 0.199708
vt 0.251551 0.204704
vt 0.251827 0.204885
vt 0.255427 0.199913
vt 0.671308 0.515162
vt 0.676580 0.515572
vt 0.247922 0.210989
vt 0.248216 0.211139
vt 0.683165 0.516369
vt 0.245256 0.216876
vt 0.245561 0.217001
vt 0.689299 0.517338
vt 0.512666 0.178947
vt 0.509073 0.183990
vt 0.509348 0.184160
vt 0.512922 0.179141
vt 0.358925 0.499026
vt 0.364218 0.500772
vt 0.505471 0.190342
vt 0.505762 0.190481
vt 0.370823 0.502882
vt 0.502823 0.196299
vt 0.503125 0.196413
vt 0.376972 0.504791
vt 0.021553 0.216880
vt 0.018888 0.210993
vt 0.018595 0.211143
vt 0.021248 0.217005
vt 0.376972 0.869937
vt 0.370824 0.870921
vt 0.015263 0.204709
vt 0.014986 0.204889
vt 0.364218 0.871735
vt 0.011646 0.199712
vt 0.011388 0.199917
vt 0.358925 0.872161
vt 0.280648 0.196303
vt 0.278001 0.190347
vt 0.277710 0.190486
vt 0.280345 0.196416
vt 0.689299 0.882291
vt 0.683166 0.884213
vt 0.274399 0.183995
vt 0.274125 0.184164
vt 0.676580 0.886339
vt 0.270808 0.178951
vt 0.270551 0.179145
vt 0.671308 0.888099
vt 0.383431 0.574536
vt 0.383431 0.861846
s 1
usemtl TabMat
f 1/1/1 2/2/2 3/3/3
f 1/1/1 3/3/3 4/4/4
f 5/5/5 6/6/6 7/7/7
f 5/5/5 7/7/7 8/8/8
f 9/9/9 10/10/10 11/11/11
f 9/9/9 11/11/11 12/12/12
f 13/13/13 14/14/14 15/15/15
f 13/13/13 15/15/15 16/16/16
f 17/17/17 18/18/18 19/19/19
f 17/17/17 19/19/19 20/20/20
f 21/21/21 22/22/22 23/23/23
f 21/21/21 23/23/23 24/24/24
f 21/21/21 25/25/25 26/26/26
f 21/21/21 26/26/26 22/22/22
f 27/27/27 28/28/28 29/29/29
f 27/27/27 29/29/29 30/30/30
f 31/31/31 27/27/27 30/30/30
f 31/31/31 30/30/30 32/32/32
f 33/33/33 34/34/34 35/35/35
f 33/33/33 35/35/35 36/36/36
f 37/37/37 38/38/38 39/39/39
f 37/37/37 39/39/39 40/40/40
f 41/41/41 42/42/42 43/43/43
f 41/41/41 43/43/43 44/44/44
f 45/45/45 46/46/46 47/47/47
f 45/45/45 47/47/47 48/48/48
f 49/49/49 50/50/50 51/51/51
f 49/49/49 51/51/51 52/52/52
f 53/53/53 54/54/54 55/55/55
f 53/53/53 55/55/55 56/56/56
f 57/57/57 58/58/58 59/59/59
f 57/57/57 59/59/59 60/60/60
f 61/61/61 62/62/62 63/63/63
f 61/61/61 63/63/63 64/64/64
f 65/65/65 9/9/9 12/12/12
f 65/65/65 12/12/12 66/66/66
f 67/67/67 68/68/68 69/69/69
f 67/67/67 69/69/69 70/70/70
f 71/71/71 72/72/72 73/73/73
f 71/71/71 73/73/73 74/74/74
f 75/75/75 34/34/34 33/33/33
f 75/75/75 33/33/33 76/76/76
f 77/77/77 78/78/78 79/79/79
f 77/77/77 79/79/79 80/80/80
f 81/81/81 82/82/82 83/83/83
f 81/81/81 83/83/83 84/84/84
f 85/85/85 86/86/86 87/87/87
f 85/85/85 87/87/87 88/88/88
f 89/89/89 90/90/90 91/91/91
f 89/89/89 91/91/91 92/92/92
f 93/93/93 94/94/94 90/90/90
f 93/93/93 90/90/90 89/89/89
f 95/95/95 96/96/96 94/94/94
f 95/95/95 94/94/94 93/93/93
f 97/97/97 98/98/98 96/96/96
f 97/97/97 96/96/96 95/95/95
f 45/45/45 99/99/99 100/100/100
f 45/45/45 100/100/100 46/46/46
f 101/101/101 102/102/102 103/103/103
f 101/101/101 103/103/103 104/104/104
f 105/105/105 106/106/106 107/107/107
f 105/105/105 107/107/107 108/108/108
f 8/8/8 7/7/7 109/109/109
f 8/8/8 109/109/109 110/110/110
f 108/108/108 107/107/107 111/111/111
f 108/108/108 111/111/111 112/112/112
f 110/110/110 109/109/109 113/113/113
f 110/110/110 113/113/113 114/114/114
f 112/112/112 111/111/111 115/115/115
f 112/112/112 115/115/115 116/116/116
f 114/114/114 113/113/113 117/117/117
f 114/114/114 117/117/117 118/118/118
f 116/116/116 115/115/115 119/119/119
f 116/116/116 119/119/119 120/120/120
f 118/118/118 117/117/117 121/121/121
f 118/118/118 121/121/121 122/122/122
f 123/123/123 124/124/124 125/125/125
f 123/123/123 125/125/125 126/126/126
f 127/127/127 128/128/128 129/129/129
f 127/127/127 129/129/129 130/130/130
f 131/131/131 132/132/132 6/6/6
f 131/131/131 6/6/6 5/5/5
f 133/133/133 134/134/134 135/135/135
f 133/133/133 135/135/135 136/136/136
f 137/137/137 138/138/138 139/139/139
f 137/137/137 139/139/139 140/140/140
f 141/141/141 142/142/142 143/143/143
f 141/141/141 143/143/143 144/144/144
f 145/145/145 53/53/53 56/56/56
f 145/145/145 56/56/56 146/146/146
f 147/147/147 148/148/148 142/142/142
f 147/147/147 142/142/142 141/141/141
f 149/149/149 145/145/145 146/146/146
f 149/149/149 146/146/146 150/150/150
f 151/151/151 152/152/152 148/148/148
f 151/151/151 148/148/148 147/147/147
f 153/153/153 149/149/149 150/150/150
f 153/153/153 150/150/150 154/154/154
f 64/64/64 63/63/63 152/152/152
f 64/64/64 152/152/152 151/151/151
f 155/155/155 153/153/153 154/154/154
f 155/155/155 154/154/154 156/156/156
f 157/157/157 158/158/158 98/98/98
f 157/157/157 98/98/98 97/97/97
f 159/159/159 160/160/160 161/161/161
f 159/159/159 161/161/161 162/162/162
f 136/136/136 135/135/135 106/106/106
f 136/136/136 106/106/106 105/105/105
f 163/163/163 164/164/164 165/165/165
f 163/163/163 165/165/165 166/166/166
f 167/167/167 168/168/168 169/169/169
f 167/167/167 169/169/169 170/170/170
f 168/168/168 171/171/171 172/172/172
f 168/168/168 172/172/172 169/169/169
f 171/171/171 173/173/173 174/174/174
f 171/171/171 174/174/174 172/172/172
f 173/173/173 67/67/67 70/70/70
f 173/173/173 70/70/70 174/174/174
f 175/175/175 176/176/176 1/1/1
f 175/175/175 1/1/1 4/4/4
f 177/177/177 178/178/178 179/179/179
f 177/177/177 179/179/179 180/180/180
f 181/181/181 182/182/182 183/182/183
f 181/181/181 183/182/183 184/183/184
f 185/184/185 186/185/186 187/186/187
f 185/184/185 187/186/187 188/187/188
f 19/19/19 18/18/18 189/188/189
f 19/19/19 189/188/189 190/189/190
f 191/190/191 192/191/192 193/192/193
f 191/190/191 193/192/193 194/193/194
f 81/81/81 126/126/126 125/125/125
f 81/81/81 125/125/125 82/82/82
f 195/194/195 196/195/196 197/196/197
f 195/194/195 197/196/197 198/197/198
f 75/75/75 76/76/76 199/198/199
f 75/75/75 199/198/199 200/199/200
f 201/200/201 202/201/202 196/195/196
f 201/200/201 196/195/196 195/194/195
f 17/17/17 20/20/20 202/201/202
f 17/17/17 202/201/202 201/200/201
f 185/184/185 188/187/188 203/202/203
f 185/184/185 203/202/203 204/203/204
f 205/204/198 206/205/205 26/26/26
f 205/204/198 26/26/26 25/25/25
f 207/206/206 208/207/207 209/208/208
f 207/206/206 209/208/208 210/209/209
f 211/210/210 212/211/211 213/212/212
f 211/210/210 213/212/212 214/213/213
f 215/214/214 216/215/215 217/216/216
f 215/214/214 217/216/216 218/217/217
f 219/218/218 220/219/219 216/215/215
f 219/218/218 216/215/215 215/214/214
f 221/220/220 222/221/221 223/222/222
f 221/220/220 223/222/222 224/223/223
f 200/199/200 199/198/199 220/219/219
f 200/199/200 220/219/219 219/218/218
f 225/224/224 226/225/225 227/226/226
f 225/224/224 227/226/226 228/227/227
f 214/213/213 213/212/212 226/225/225
f 214/213/213 226/225/225 225/224/224
f 204/203/204 203/202/203 208/207/207
f 204/203/204 208/207/207 207/206/206
f 228/227/227 227/226/226 229/228/228
f 228/227/227 229/228/228 230/229/229
f 187/186/187 186/185/186 231/230/230
f 187/186/187 231/230/230 232/231/231
f 233/232/232 234/233/233 235/234/234
f 233/232/232 235/234/234 236/235/235
f 237/236/236 238/237/237 239/238/238
f 237/236/236 239/238/238 240/239/239
f 241/240/240 242/241/241 243/242/242
f 241/240/240 243/242/242 244/243/243
f 245/244/244 246/245/245 247/246/246
f 245/244/244 247/246/246 248/247/247
f 249/248/248 250/249/249 251/250/250
f 249/248/248 251/250/250 252/251/251
f 253/252/252 254/253/253 255/254/254
f 253/252/252 255/254/254 256/255/255
f 257/256/256 258/257/257 259/258/258
f 257/256/256 259/258/258 260/259/259
f 261/260/260 262/261/261 263/262/262
f 261/260/260 263/262/262 264/263/263
f 265/264/264 266/265/265 267/266/266
f 265/264/264 267/266/266 268/267/267
f 269/268/268 270/269/269 271/270/270
f 269/268/268 271/270/270 272/271/271
f 273/272/272 274/273/273 275/274/274
f 273/272/272 275/274/274 276/275/275
f 277/276/276 278/277/277 39/39/39
f 277/276/276 39/39/39 38/38/38
f 52/52/52 51/51/51 279/278/278
f 52/52/52 279/278/278 280/279/279
f 280/279/279 279/278/278 281/280/280
f 280/279/279 281/280/280 282/281/281
f 138/138/138 137/137/137 283/282/282
f 138/138/138 283/282/282 284/283/283
f 285/284/284 286/285/285 287/286/286
f 285/284/284 287/286/286 288/287/287
f 289/288/288 290/289/289 286/285/285
f 289/288/288 286/285/285 285/284/284
f 291/290/290 292/291/291 290/289/289
f 291/290/290 290/289/289 289/288/288
f 293/292/292 294/293/293 292/291/291
f 293/292/292 292/291/291 291/290/290
f 282/281/281 281/280/280 294/293/293
f 282/281/281 294/293/293 293/292/292
f 288/287/287 287/286/286 102/102/102
f 288/287/287 102/102/102 101/101/101
f 295/294/294 296/295/295 297/296/296
f 295/294/294 297/296/296 298/297/297
f 176/176/176 175/175/175 299/298/298
f 176/176/176 299/298/298 300/299/299
f 301/300/300 302/301/301 303/302/302
f 301/300/300 303/302/302 304/303/303
f 304/303/303 303/302/302 305/304/304
f 304/303/303 305/304/304 306/305/305
f 306/305/305 305/304/304 307/306/306
f 306/305/305 307/306/306 308/307/307
f 308/307/307 307/306/306 309/308/308
f 308/307/307 309/308/308 310/309/309
f 310/309/309 309/308/308 296/295/295
f 310/309/309 296/295/295 295/294/294
f 60/60/60 59/59/59 302/301/301
f 60/60/60 302/301/301 301/300/300
f 311/310/310 312/311/311 44/44/44
f 311/310/310 44/44/44 43/43/43
f 313/312/312 314/313/313 312/311/311
f 313/312/312 312/311/311 311/310/310
f 315/314/314 316/315/315 314/313/313
f 315/314/314 314/313/313 313/312/312
f 317/316/316 318/317/317 316/315/315
f 317/316/316 316/315/315 315/314/314
f 319/318/318 320/319/319 318/317/317
f 319/318/318 318/317/317 317/316/316
f 321/320/320 322/321/321 320/319/319
f 321/320/320 320/319/319 319/318/318
f 323/322/322 324/323/323 325/324/324
f 323/322/322 325/324/324 326/325/325
f 86/86/86 85/85/85 324/323/323
f 86/86/86 324/323/323 323/322/322
f 327/326/326 328/327/327 74/74/74
f 327/326/326 74/74/74 73/73/73
f 329/328/328 330/329/329 331/330/330
f 329/328/328 331/330/330 332/331/331
f 332/331/331 331/330/330 333/332/332
f 332/331/331 333/332/332 334/333/333
f 334/333/333 333/332/332 335/334/334
f 334/333/333 335/334/334 336/335/335
f 336/335/335 335/334/334 337/336/336
f 336/335/335 337/336/336 338/337/337
f 338/337/337 337/336/336 328/327/327
f 338/337/337 328/327/327 327/326/326
f 339/338/338 340/339/339 164/164/164
f 339/338/338 164/164/164 163/163/163
f 284/283/283 283/282/282 330/329/329
f 284/283/283 330/329/329 329/328/328
f 159/159/159 162/162/162 341/340/340
f 159/159/159 341/340/340 342/341/341
f 343/342/342 344/343/343 345/344/344
f 343/342/342 345/344/344 346/345/345
f 300/299/299 299/298/298 347/346/346
f 300/299/299 347/346/346 348/347/347
f 62/62/62 61/61/61 349/348/348
f 62/62/62 349/348/348 350/349/349
f 348/347/347 347/346/346 158/158/158
f 348/347/347 158/158/158 157/157/157
f 351/350/350 352/351/351 353/352/352
f 351/350/350 353/352/352 354/353/353
f 155/155/155 156/156/156 355/354/354
f 155/155/155 355/354/354 356/355/355
f 354/353/353 353/352/352 69/69/69
f 354/353/353 69/69/69 68/68/68
f 357/356/356 358/357/357 359/358/358
f 357/356/356 359/358/358 360/359/359
f 361/360/360 362/361/361 363/362/357
f 361/360/360 363/362/357 364/363/362
f 120/120/120 119/119/119 362/361/361
f 120/120/120 362/361/361 361/360/360
f 365/364/363 366/365/364 130/130/130
f 365/364/363 130/130/130 129/129/129
f 367/366/365 368/367/366 369/368/367
f 367/366/365 369/368/367 370/369/368
f 122/122/122 121/121/121 368/367/366
f 122/122/122 368/367/366 367/366/365
f 371/370/369 372/371/370 278/277/277
f 371/370/369 278/277/277 277/276/276
f 356/355/355 355/354/354 372/371/370
f 356/355/355 372/371/370 371/370/369
f 373/372/371 374/373/372 29/29/29
f 373/372/371 29/29/29 28/28/28
f 65/65/65 66/66/66 352/351/351
f 65/65/65 352/351/351 351/350/350
f 350/349/349 349/348/348 374/373/372
f 350/349/349 374/373/372 373/372/371
f 375/374/373 376/375/374 360/359/359
f 375/374/373 360/359/359 359/358/358
f 78/78/78 377/376/375 378/377/376
f 78/78/78 378/377/376 379/378/377
f 180/180/180 380/379/378 381/380/379
f 180/180/180 381/380/379 382/381/380
f 31/31/31 383/382/381 384/383/382
f 31/31/31 384/383/382 385/384/383
f 245/244/244 386/385/384 387/386/385
f 245/244/244 387/386/385 388/387/386
f 10/10/10 389/388/387 390/389/388
f 10/10/10 390/389/388 391/390/389
f 13/13/13 392/391/390 393/392/391
f 13/13/13 393/392/391 394/393/392
f 77/77/77 395/394/393 396/395/394
f 77/77/77 396/395/394 397/396/395
f 2/2/2 398/397/396 399/398/397
f 2/2/2 399/398/397 400/399/398
f 177/177/177 401/400/399 402/401/400
f 177/177/177 402/401/400 403/402/401
f 246/245/245 404/403/402 405/404/403
f 246/245/245 405/404/403 406/405/404
f 16/16/16 407/406/405 408/407/406
f 16/16/16 408/407/406 409/408/407
f 37/37/37 410/409/408 411/410/409
f 37/37/37 411/410/409 412/411/410
f 413/42/411 414/412/412 415/413/411
f 413/42/411 415/413/411 416/414/411
f 83/83/83 417/415/413 418/416/414
f 83/83/83 418/416/414 419/417/415
f 48/48/48 420/418/416 418/416/414
f 48/48/48 418/416/414 417/415/413
f 49/49/49 421/419/417 422/420/418
f 49/49/49 422/420/418 423/421/419
f 341/340/340 424/422/420 425/423/421
f 341/340/340 425/423/421 426/424/422
f 84/84/84 427/425/423 425/423/421
f 84/84/84 425/423/421 424/422/420
f 428/41/424 429/426/424 430/427/425
f 428/41/424 430/427/425 431/428/425
f 72/72/72 432/429/426 433/430/427
f 72/72/72 433/430/427 434/431/428
f 179/179/179 435/432/429 436/433/430
f 179/179/179 436/433/430 437/434/431
f 127/127/127 438/435/432 439/436/433
f 127/127/127 439/436/433 440/437/429
f 441/438/434 442/439/435 439/436/433
f 441/438/434 439/436/433 438/435/432
f 375/374/373 443/440/436 444/441/437
f 375/374/373 444/441/437 445/442/438
f 38/38/38 446/443/439 447/444/440
f 38/38/38 447/444/440 448/445/441
f 15/15/15 449/446/442 450/447/443
f 15/15/15 450/447/443 451/448/444
f 376/375/374 452/449/445 453/450/446
f 376/375/374 453/450/446 454/451/447
f 14/14/14 455/452/448 456/453/446
f 14/14/14 456/453/446 457/454/445
f 9/9/9 458/455/447 459/456/449
f 9/9/9 459/456/449 460/457/450
f 178/178/178 461/458/451 462/459/452
f 178/178/178 462/459/452 463/460/453
f 464/461/454 465/462/455 466/463/456
f 464/461/454 466/463/456 467/464/457
f 128/128/128 468/465/458 466/463/456
f 128/128/128 466/463/456 465/462/455
f 131/131/131 469/466/459 470/467/460
f 131/131/131 470/467/460 471/468/461
f 472/469/462 473/470/463 474/471/464
f 472/469/462 474/471/464 475/472/465
f 476/473/139 477/474/466 478/475/460
f 476/473/139 478/475/460 479/476/463
f 88/88/88 480/477/461 478/475/460
f 88/88/88 478/475/460 477/474/466
f 481/478/467 482/479/468 483/480/469
f 481/478/467 483/480/469 484/481/470
f 485/482/471 486/483/472 487/484/469
f 485/482/471 487/484/469 488/485/473
f 132/132/132 489/486/474 490/487/469
f 132/132/132 490/487/469 491/488/475
f 87/87/87 484/481/470 483/480/469
f 87/87/87 483/480/469 492/489/476
f 47/47/47 493/490/477 494/491/478
f 47/47/47 494/491/478 495/492/479
f 24/24/24 496/493/480 494/491/478
f 24/24/24 494/491/478 493/490/477
f 497/57/481 498/494/481 499/495/481
f 497/57/481 499/495/481 500/496/482
f 50/50/50 501/497/483 502/498/484
f 50/50/50 502/498/484 503/499/485
f 166/166/166 504/500/486 505/501/487
f 166/166/166 505/501/487 506/502/488
f 133/133/133 507/503/489 508/504/487
f 133/133/133 508/504/487 509/505/490
f 510/506/491 511/507/492 512/508/493
f 510/506/491 512/508/493 513/509/494
f 103/103/103 514/510/495 512/508/493
f 103/103/103 512/508/493 511/507/492
f 515/58/496 516/511/496 517/512/496
f 515/58/496 517/512/496 518/513/496
f 23/23/23 519/514/497 520/515/498
f 23/23/23 520/515/498 521/516/499
f 342/341/341 522/517/500 520/515/498
f 342/341/341 520/515/498 519/514/497
f 71/71/71 523/518/501 524/519/498
f 71/71/71 524/519/498 525/520/502
f 165/165/165 526/521/503 527/522/504
f 165/165/165 527/522/504 528/523/505
f 140/140/140 529/524/506 530/525/507
f 140/140/140 530/525/507 531/526/508
f 532/527/509 533/528/510 530/525/507
f 532/527/509 530/525/507 529/524/506
f 134/134/134 534/529/511 535/530/504
f 134/134/134 535/530/504 536/531/512
f 194/193/194 537/532/513 538/533/514
f 194/193/194 538/533/514 539/534/515
f 223/222/222 540/535/516 541/536/514
f 223/222/222 541/536/514 542/537/517
f 276/275/275 543/538/518 541/536/514
f 276/275/275 541/536/514 540/535/516
f 544/539/519 545/540/520 541/536/514
f 544/539/519 541/536/514 543/538/518
f 546/541/521 547/542/522 548/543/523
f 546/541/521 548/543/523 549/544/524
f 275/274/274 550/545/525 548/543/523
f 275/274/274 548/543/523 547/542/522
f 240/239/239 551/546/526 548/543/523
f 240/239/239 548/543/523 550/545/525
f 35/35/35 552/547/527 553/548/528
f 35/35/35 553/548/528 554/549/526
f 555/550/231 556/551/529 557/552/530
f 555/550/231 557/552/530 558/553/531
f 259/258/258 559/554/532 557/552/530
f 259/258/258 557/552/530 556/551/529
f 224/223/223 560/555/533 557/552/530
f 224/223/223 557/552/530 559/554/532
f 193/192/193 561/556/534 562/557/530
f 193/192/193 562/557/530 563/558/535
f 564/559/536 565/560/537 566/561/538
f 564/559/536 566/561/538 567/562/539
f 36/36/36 568/563/540 569/564/541
f 36/36/36 569/564/541 570/565/542
f 239/238/238 571/566/543 566/561/538
f 239/238/238 566/561/538 572/567/544
f 260/259/259 567/562/539 566/561/538
f 260/259/259 566/561/538 571/566/543
f 573/568/545 574/569/546 575/570/547
f 573/568/545 575/570/547 576/571/548
f 252/251/251 577/572/549 578/573/550
f 252/251/251 578/573/550 579/574/551
f 256/255/255 580/575/552 581/576/553
f 256/255/255 581/576/553 582/577/554
f 583/578/555 584/579/556 585/580/557
f 583/578/555 585/580/557 586/581/557
f 255/254/254 587/582/558 588/583/559
f 255/254/254 588/583/559 589/584/560
f 235/234/234 590/585/561 591/586/562
f 235/234/234 591/586/562 592/587/563
f 253/252/252 593/588/564 594/589/565
f 253/252/252 594/589/565 595/590/566
f 251/250/250 596/591/567 597/592/567
f 251/250/250 597/592/567 598/593/568
f 599/594/569 600/595/570 601/596/571
f 599/594/569 601/596/571 602/597/571
f 254/253/253 603/598/572 604/599/573
f 254/253/253 604/599/573 605/600/574
f 606/601/575 607/602/576 608/603/576
f 606/601/575 608/603/576 609/604/577
f 236/235/235 610/605/578 611/606/579
f 236/235/235 611/606/579 612/607/579
f 222/221/221 613/608/580 614/609/581
f 222/221/221 614/609/581 615/610/582
f 263/262/262 616/611/583 614/609/581
f 263/262/262 614/609/581 613/608/580
f 244/243/243 617/612/584 614/609/581
f 244/243/243 614/609/581 616/611/583
f 273/272/272 615/610/582 614/609/581
f 273/272/272 614/609/581 617/612/584
f 262/261/261 618/613/585 619/614/586
f 262/261/261 619/614/586 620/615/587
f 249/248/248 621/616/588 622/617/589
f 249/248/248 622/617/589 623/618/590
f 182/182/182 624/619/591 625/620/592
f 182/182/182 625/620/592 626/621/593
f 241/240/240 620/615/587 619/614/586
f 241/240/240 619/614/586 627/622/594
f 242/241/241 628/623/595 629/624/596
f 242/241/241 629/624/596 630/625/597
f 181/181/181 631/626/598 632/627/599
f 181/181/181 632/627/599 633/628/600
f 234/233/233 634/629/601 635/630/599
f 234/233/233 635/630/599 636/631/602
f 265/264/264 630/625/597 629/624/596
f 265/264/264 629/624/596 637/632/603
f 268/267/267 638/633/604 639/634/605
f 268/267/267 639/634/605 640/635/606
f 237/236/236 641/636/607 639/634/605
f 237/236/236 639/634/605 638/633/604
f 274/273/273 642/637/608 639/634/605
f 274/273/273 639/634/605 641/636/607
f 243/242/242 640/635/606 639/634/605
f 243/242/242 639/634/605 642/637/608
f 264/263/263 643/638/609 644/639/610
f 264/263/263 644/639/610 645/640/611
f 221/220/220 646/641/612 644/639/610
f 221/220/220 644/639/610 643/638/609
f 258/257/257 647/642/613 644/639/610
f 258/257/257 644/639/610 646/641/612
f 271/270/270 645/640/611 644/639/610
f 271/270/270 644/639/610 647/642/613
f 261/260/260 648/643/614 649/644/615
f 261/260/260 649/644/615 650/645/616
f 270/269/269 651/646/617 649/644/615
f 270/269/269 649/644/615 648/643/614
f 652/647/618 653/648/619 654/649/620
f 652/647/618 654/649/620 655/650/621
f 250/249/249 656/651/622 657/652/620
f 250/249/249 657/652/620 658/653/623
f 269/268/268 659/654/624 660/655/625
f 269/268/268 660/655/625 661/656/626
f 266/265/265 662/657/627 660/655/625
f 266/265/265 660/655/625 659/654/624
f 233/232/232 663/658/628 664/659/625
f 233/232/232 664/659/625 665/660/629
f 666/661/630 667/662/631 668/663/625
f 666/661/630 668/663/625 669/664/632
f 267/266/266 670/665/633 671/666/634
f 267/266/266 671/666/634 672/667/635
f 272/271/271 673/668/636 671/666/634
f 272/271/271 671/666/634 670/665/633
f 257/256/256 674/669/637 671/666/634
f 257/256/256 671/666/634 673/668/636
f 238/237/237 672/667/635 671/666/634
f 238/237/237 671/666/634 674/669/637
f 248/247/247 675/670/638 676/671/639
f 248/247/247 676/671/639 677/672/640
f 678/673/641 679/674/642 680/675/643
f 678/673/641 680/675/643 681/676/644
f 11/11/11 682/677/645 683/678/646
f 11/11/11 683/678/646 684/679/647
f 32/32/32 685/680/648 686/681/649
f 32/32/32 686/681/649 687/682/650
f 688/683/651 689/684/652 690/685/653
f 688/683/651 690/685/653 691/686/654
f 79/79/79 692/687/655 693/688/656
f 79/79/79 693/688/656 694/689/657
f 247/246/246 695/690/658 696/691/659
f 247/246/246 696/691/659 697/692/660
f 40/40/40 698/693/661 699/694/662
f 40/40/40 699/694/662 700/695/663
f 701/696/664 702/697/665 703/698/666
f 701/696/664 703/698/666 704/699/667
f 80/80/80 705/700/668 706/701/669
f 80/80/80 706/701/669 707/702/670
f 708/703/671 709/704/672 710/705/673
f 708/703/671 710/705/673 711/706/674
f 3/3/3 712/707/675 713/708/676
f 3/3/3 713/708/676 714/709/677
f 343/342/342 715/710/678 716/711/679
f 343/342/342 716/711/679 717/712/680
f 718/713/681 719/714/682 720/715/683
f 718/713/681 720/715/683 721/716/684
f 722/717/685 723/718/680 724/719/686
f 722/717/685 724/719/686 725/720/687
f 346/345/345 726/721/688 727/722/689
f 346/345/345 727/722/689 728/723/690
f 729/724/691 730/725/691 731/726/692
f 729/724/691 731/726/692 732/727/693
f 733/728/694 734/729/695 731/726/692
f 733/728/694 731/726/692 735/725/696
f 736/730/697 737/731/698 738/732/699
f 736/730/697 738/732/699 739/733/700
f 740/734/701 741/735/702 742/736/703
f 740/734/701 742/736/703 743/737/704
f 344/343/343 744/738/700 745/739/703
f 344/343/343 745/739/703 746/740/705
f 747/741/706 748/742/707 749/743/708
f 747/741/706 749/743/708 750/744/709
f 751/745/710 752/746/711 749/743/712
f 751/745/710 749/743/712 753/742/713
f 345/344/344 754/747/709 755/748/712
f 345/344/344 755/748/712 756/749/714
f 757/750/715 758/751/716 534/529/511
f 757/750/715 534/529/511 509/505/490
f 509/505/490 534/529/511 134/134/134
f 509/505/490 134/134/134 133/133/133
f 94/94/94 96/96/96 759/752/717
f 94/94/94 759/752/717 760/753/718
f 761/754/719 762/755/720 763/756/721
f 761/754/719 763/756/721 764/757/722
f 15/15/15 14/14/14 457/454/445
f 15/15/15 457/454/445 449/446/442
f 449/446/442 457/454/445 765/758/723
f 449/446/442 765/758/723 766/759/724
f 269/268/268 272/271/271 670/665/633
f 269/268/268 670/665/633 659/654/624
f 659/654/624 670/665/633 267/266/266
f 659/654/624 267/266/266 266/265/265
f 131/131/131 5/5/5 767/760/725
f 131/131/131 767/760/725 469/466/459
f 475/472/465 768/761/726 92/92/92
f 475/472/465 92/92/92 472/469/462
f 5/5/5 8/8/8 769/762/727
f 5/5/5 769/762/727 767/760/725
f 768/761/726 770/763/728 89/89/89
f 768/761/726 89/89/89 92/92/92
f 8/8/8 110/110/110 771/764/729
f 8/8/8 771/764/729 769/762/727
f 770/763/728 772/765/730 93/93/93
f 770/763/728 93/93/93 89/89/89
f 110/110/110 114/114/114 773/766/731
f 110/110/110 773/766/731 771/764/729
f 772/765/730 774/767/732 95/95/95
f 772/765/730 95/95/95 93/93/93
f 114/114/114 118/118/118 775/768/733
f 114/114/114 775/768/733 773/766/731
f 774/767/732 776/769/734 97/97/97
f 774/767/732 97/97/97 95/95/95
f 21/21/21 24/24/24 493/490/477
f 21/21/21 493/490/477 777/770/735
f 777/770/735 493/490/477 47/47/47
f 777/770/735 47/47/47 46/46/46
f 133/133/133 136/136/136 778/771/736
f 133/133/133 778/771/736 507/503/489
f 513/509/494 779/772/737 167/167/167
f 513/509/494 167/167/167 510/506/491
f 96/96/96 98/98/98 780/773/738
f 96/96/96 780/773/738 759/752/717
f 762/755/720 781/774/739 782/775/740
f 762/755/720 782/775/740 763/756/721
f 105/105/105 108/108/108 783/776/741
f 105/105/105 783/776/741 784/777/742
f 785/778/743 786/779/744 171/171/171
f 785/778/743 171/171/171 168/168/168
f 112/112/112 116/116/116 787/780/745
f 112/112/112 787/780/745 788/781/746
f 789/782/747 790/783/748 67/67/67
f 789/782/747 67/67/67 173/173/173
f 791/784/749 792/785/750 793/511/751
f 791/784/749 793/511/751 794/496/480
f 795/496/752 796/511/753 58/58/58
f 795/496/752 58/58/58 57/57/57
f 472/469/462 532/527/509 529/524/506
f 472/469/462 529/524/506 473/470/463
f 473/470/463 529/524/506 140/140/140
f 473/470/463 140/140/140 139/139/139
f 54/54/54 53/53/53 797/786/754
f 54/54/54 797/786/754 798/787/755
f 799/788/756 800/789/757 106/106/106
f 799/788/756 106/106/106 135/135/135
f 145/145/145 149/149/149 801/790/758
f 145/145/145 801/790/758 802/791/759
f 803/792/760 804/793/761 111/111/111
f 803/792/760 111/111/111 107/107/107
f 265/264/264 268/267/267 640/635/606
f 265/264/264 640/635/606 630/625/597
f 630/625/597 640/635/606 243/242/242
f 630/625/597 243/242/242 242/241/241
f 82/82/82 125/125/125 805/794/762
f 82/82/82 805/794/762 806/795/763
f 806/795/763 805/794/762 99/99/99
f 806/795/763 99/99/99 45/45/45
f 192/191/192 211/210/210 807/796/764
f 192/191/192 807/796/764 808/797/765
f 809/798/766 810/799/767 188/187/188
f 809/798/766 188/187/188 187/186/187
f 125/125/125 124/124/124 811/800/768
f 125/125/125 811/800/768 805/794/762
f 805/794/762 811/800/768 812/801/769
f 805/794/762 812/801/769 99/99/99
f 46/46/46 100/100/100 813/802/770
f 46/46/46 813/802/770 777/770/735
f 777/770/735 813/802/770 25/25/25
f 777/770/735 25/25/25 21/21/21
f 18/18/18 17/17/17 814/803/771
f 18/18/18 814/803/771 815/804/772
f 816/805/773 817/806/774 212/211/211
f 816/805/773 212/211/211 191/190/191
f 17/17/17 201/200/201 818/807/775
f 17/17/17 818/807/775 814/803/771
f 817/806/774 819/808/776 213/212/212
f 817/806/774 213/212/212 212/211/211
f 186/185/186 185/184/185 820/809/777
f 186/185/186 820/809/777 821/810/778
f 822/811/779 823/812/780 76/76/76
f 822/811/779 76/76/76 33/33/33
f 185/184/185 204/203/204 824/813/781
f 185/184/185 824/813/781 820/809/777
f 823/812/780 825/814/782 199/198/199
f 823/812/780 199/198/199 76/76/76
f 204/203/204 207/206/206 826/815/783
f 204/203/204 826/815/783 824/813/781
f 825/814/782 827/816/784 220/219/219
f 825/814/782 220/219/219 199/198/199
f 219/218/218 215/214/214 828/817/785
f 219/218/218 828/817/785 829/818/786
f 830/819/787 831/820/785 197/196/197
f 830/819/787 197/196/197 196/195/196
f 191/190/191 194/193/194 539/534/515
f 191/190/191 539/534/515 816/805/773
f 815/804/772 832/821/788 189/188/189
f 815/804/772 189/188/189 18/18/18
f 19/19/19 190/189/190 833/822/524
f 19/19/19 833/822/524 834/823/789
f 835/824/790 552/547/527 35/35/35
f 835/824/790 35/35/35 34/34/34
f 187/186/187 232/231/231 836/825/791
f 187/186/187 836/825/791 809/798/766
f 808/797/765 561/556/534 193/192/193
f 808/797/765 193/192/193 192/191/192
f 33/33/33 36/36/36 570/565/542
f 33/33/33 570/565/542 822/811/779
f 821/810/778 837/826/792 231/230/230
f 821/810/778 231/230/230 186/185/186
f 271/270/270 270/269/269 648/643/614
f 271/270/270 648/643/614 645/640/611
f 645/640/611 648/643/614 261/260/260
f 645/640/611 261/260/260 264/263/263
f 256/255/255 255/254/254 589/584/560
f 256/255/255 589/584/560 580/575/552
f 576/571/548 584/579/556 583/578/555
f 576/571/548 583/578/555 573/568/545
f 252/251/251 251/250/250 598/593/568
f 252/251/251 598/593/568 577/572/549
f 582/577/554 593/588/564 253/252/252
f 582/577/554 253/252/252 256/255/255
f 223/222/222 222/221/221 615/610/582
f 223/222/222 615/610/582 540/535/516
f 540/535/516 615/610/582 273/272/272
f 540/535/516 273/272/272 276/275/275
f 244/243/243 243/242/242 642/637/608
f 244/243/243 642/637/608 617/612/584
f 617/612/584 642/637/608 274/273/273
f 617/612/584 274/273/273 273/272/272
f 259/258/258 258/257/257 646/641/612
f 259/258/258 646/641/612 559/554/532
f 559/554/532 646/641/612 221/220/220
f 559/554/532 221/220/220 224/223/223
f 838/827/793 839/828/794 840/829/794
f 838/827/793 840/829/794 841/830/793
s 0
f 842/831/795 843/832/795 844/833/795
s 1
f 234/233/233 233/232/232 665/660/629
f 234/233/233 665/660/629 634/629/601
f 637/632/603 662/657/627 266/265/265
f 637/632/603 266/265/265 265/264/264
f 258/257/257 257/256/256 673/668/636
f 258/257/257 673/668/636 647/642/613
f 647/642/613 673/668/636 272/271/271
f 647/642/613 272/271/271 271/270/270
f 248/247/247 247/246/246 697/692/660
f 248/247/247 697/692/660 675/670/638
f 681/676/644 702/697/665 701/696/664
f 681/676/644 701/696/664 678/673/641
f 104/104/104 103/103/103 511/507/492
f 104/104/104 511/507/492 488/485/473
f 488/485/473 511/507/492 510/506/491
f 488/485/473 510/506/491 485/482/471
f 678/673/641 845/834/796 846/835/797
f 678/673/641 846/835/797 679/674/642
f 684/679/647 847/836/798 12/12/12
f 684/679/647 12/12/12 11/11/11
f 161/161/161 848/837/799 849/838/800
f 161/161/161 849/838/800 850/839/801
f 850/839/801 849/838/800 123/123/123
f 850/839/801 123/123/123 126/126/126
f 343/342/342 346/345/345 728/723/690
f 343/342/342 728/723/690 715/710/678
f 721/716/684 734/729/695 733/728/694
f 721/716/684 733/728/694 718/713/681
f 718/713/681 170/170/170 851/840/802
f 718/713/681 851/840/802 719/714/682
f 852/720/803 853/841/804 854/842/805
f 852/720/803 854/842/805 855/717/806
f 169/169/169 172/172/172 856/843/807
f 169/169/169 856/843/807 857/844/808
f 858/845/809 859/846/810 860/847/811
f 858/845/809 860/847/811 861/848/812
f 174/174/174 70/70/70 862/849/813
f 174/174/174 862/849/813 863/850/814
f 864/851/815 865/852/816 866/853/817
f 864/851/815 866/853/817 867/854/818
f 855/717/806 868/730/819 869/733/820
f 855/717/806 869/733/820 870/718/821
f 871/712/822 872/738/822 344/343/343
f 871/712/822 344/343/343 343/342/342
f 740/734/701 747/741/706 750/744/709
f 740/734/701 750/744/709 741/735/702
f 746/740/705 754/747/709 345/344/344
f 746/740/705 345/344/344 344/343/343
f 263/262/262 262/261/261 620/615/587
f 263/262/262 620/615/587 616/611/583
f 616/611/583 620/615/587 241/240/240
f 616/611/583 241/240/240 244/243/243
f 40/40/40 39/39/39 873/855/823
f 40/40/40 873/855/823 698/693/661
f 704/699/667 874/856/824 875/857/825
f 704/699/667 875/857/825 701/696/664
f 341/340/340 162/162/162 876/858/826
f 341/340/340 876/858/826 424/422/420
f 424/422/420 876/858/826 81/81/81
f 424/422/420 81/81/81 84/84/84
f 209/208/208 208/207/207 877/859/827
f 209/208/208 877/859/827 878/860/828
f 879/861/829 880/862/830 225/224/224
f 879/861/829 225/224/224 228/227/227
f 22/22/22 26/26/26 881/863/831
f 22/22/22 881/863/831 882/864/832
f 882/864/832 881/863/831 160/160/160
f 882/864/832 160/160/160 159/159/159
f 270/269/269 269/268/268 661/656/626
f 270/269/269 661/656/626 651/646/617
f 655/650/621 667/662/631 666/661/630
f 655/650/621 666/661/630 652/647/618
f 222/221/221 221/220/220 643/638/609
f 222/221/221 643/638/609 613/608/580
f 613/608/580 643/638/609 264/263/263
f 613/608/580 264/263/263 263/262/262
f 227/226/226 226/225/225 883/865/833
f 227/226/226 883/865/833 884/866/834
f 885/867/835 886/868/836 195/194/195
f 885/867/835 195/194/195 198/197/198
f 887/869/837 888/870/838 889/871/839
f 887/869/837 889/871/839 890/872/840
f 891/873/841 892/874/842 56/56/56
f 891/873/841 56/56/56 55/55/55
f 868/730/819 887/869/837 890/872/840
f 868/730/819 890/872/840 893/731/843
f 743/737/704 891/873/841 55/55/55
f 743/737/704 55/55/55 740/734/701
f 78/78/78 77/77/77 397/396/395
f 78/78/78 397/396/395 377/376/375
f 382/381/380 401/400/399 177/177/177
f 382/381/380 177/177/177 180/180/180
f 13/13/13 16/16/16 409/408/407
f 13/13/13 409/408/407 392/391/390
f 388/387/386 404/403/402 246/245/245
f 388/387/386 246/245/245 245/244/244
f 42/42/42 41/41/41 894/428/844
f 42/42/42 894/428/844 895/412/845
f 896/412/415 897/428/846 898/875/847
f 896/412/415 898/875/847 899/876/848
f 83/83/83 82/82/82 806/795/763
f 83/83/83 806/795/763 417/415/413
f 417/415/413 806/795/763 45/45/45
f 417/415/413 45/45/45 48/48/48
f 180/180/180 179/179/179 437/434/431
f 180/180/180 437/434/431 380/379/378
f 385/384/383 900/877/849 27/27/27
f 385/384/383 27/27/27 31/31/31
f 16/16/16 15/15/15 451/448/444
f 16/16/16 451/448/444 407/406/405
f 412/411/410 446/443/439 38/38/38
f 412/411/410 38/38/38 37/37/37
f 10/10/10 9/9/9 460/457/450
f 10/10/10 460/457/450 389/388/387
f 394/393/392 455/452/448 14/14/14
f 394/393/392 14/14/14 13/13/13
f 2/2/2 1/1/1 901/878/850
f 2/2/2 901/878/850 398/397/396
f 403/402/401 461/458/451 178/178/178
f 403/402/401 178/178/178 177/177/177
f 485/482/471 143/143/143 902/879/851
f 485/482/471 902/879/851 486/483/472
f 491/488/475 903/880/852 6/6/6
f 491/488/475 6/6/6 132/132/132
f 143/143/143 142/142/142 904/881/853
f 143/143/143 904/881/853 902/879/851
f 903/880/852 905/882/854 7/7/7
f 903/880/852 7/7/7 6/6/6
f 142/142/142 148/148/148 906/883/855
f 142/142/142 906/883/855 904/881/853
f 905/882/854 907/884/856 109/109/109
f 905/882/854 109/109/109 7/7/7
f 148/148/148 152/152/152 908/885/857
f 148/148/148 908/885/857 906/883/855
f 907/884/856 909/886/858 113/113/113
f 907/884/856 113/113/113 109/109/109
f 152/152/152 63/63/63 910/887/859
f 152/152/152 910/887/859 908/885/857
f 909/886/858 911/888/860 117/117/117
f 909/886/858 117/117/117 113/113/113
f 48/48/48 47/47/47 495/492/479
f 48/48/48 495/492/479 420/418/416
f 423/421/419 501/497/483 50/50/50
f 423/421/419 50/50/50 49/49/49
f 182/182/182 181/181/181 633/628/600
f 182/182/182 633/628/600 624/619/591
f 627/622/594 628/623/595 242/241/241
f 627/622/594 242/241/241 241/240/240
f 136/136/136 105/105/105 784/777/742
f 136/136/136 784/777/742 778/771/736
f 779/772/737 785/778/743 168/168/168
f 779/772/737 168/168/168 167/167/167
f 108/108/108 112/112/112 788/781/746
f 108/108/108 788/781/746 783/776/741
f 786/779/744 789/782/747 173/173/173
f 786/779/744 173/173/173 171/171/171
f 159/159/159 342/341/341 519/514/497
f 159/159/159 519/514/497 882/864/832
f 882/864/832 519/514/497 23/23/23
f 882/864/832 23/23/23 22/22/22
f 72/72/72 71/71/71 525/520/502
f 72/72/72 525/520/502 432/429/426
f 426/424/422 522/517/500 342/341/341
f 426/424/422 342/341/341 341/340/340
f 53/53/53 145/145/145 802/791/759
f 53/53/53 802/791/759 797/786/754
f 800/789/757 803/792/760 107/107/107
f 800/789/757 107/107/107 106/106/106
f 149/149/149 153/153/153 912/889/861
f 149/149/149 912/889/861 801/790/758
f 804/793/761 913/890/862 115/115/115
f 804/793/761 115/115/115 111/111/111
f 88/88/88 87/87/87 492/489/476
f 88/88/88 492/489/476 480/477/461
f 471/468/461 489/486/474 132/132/132
f 471/468/461 132/132/132 131/131/131
f 100/100/100 914/891/863 915/892/834
f 100/100/100 915/892/834 813/802/770
f 813/802/770 915/892/834 205/204/198
f 813/802/770 205/204/198 25/25/25
f 170/170/170 169/169/169 857/844/808
f 170/170/170 857/844/808 851/840/802
f 853/841/804 858/845/809 861/848/812
f 853/841/804 861/848/812 854/842/805
f 162/162/162 161/161/161 850/839/801
f 162/162/162 850/839/801 876/858/826
f 876/858/826 850/839/801 126/126/126
f 876/858/826 126/126/126 81/81/81
f 207/206/206 210/209/209 916/893/864
f 207/206/206 916/893/864 826/815/783
f 827/816/784 917/894/865 216/215/215
f 827/816/784 216/215/215 220/219/219
f 75/75/75 200/199/200 918/895/866
f 75/75/75 918/895/866 919/896/867
f 920/897/868 921/898/869 202/201/202
f 920/897/868 202/201/202 20/20/20
f 200/199/200 219/218/218 829/818/786
f 200/199/200 829/818/786 918/895/866
f 921/898/869 830/819/787 196/195/196
f 921/898/869 196/195/196 202/201/202
f 240/239/239 239/238/238 572/567/544
f 240/239/239 572/567/544 551/546/526
f 554/549/526 568/563/540 36/36/36
f 554/549/526 36/36/36 35/35/35
f 268/267/267 267/266/266 672/667/635
f 268/267/267 672/667/635 638/633/604
f 638/633/604 672/667/635 238/237/237
f 638/633/604 238/237/237 237/236/236
f 255/254/254 254/253/253 605/600/574
f 255/254/254 605/600/574 587/582/558
f 592/587/563 610/605/578 236/235/235
f 592/587/563 236/235/235 235/234/234
f 532/527/509 54/54/54 798/787/755
f 532/527/509 798/787/755 533/528/510
f 536/531/512 799/788/756 135/135/135
f 536/531/512 135/135/135 134/134/134
f 922/899/870 923/900/871 924/901/872
f 922/899/870 924/901/872 925/902/871
s 0
f 926/903/873 927/904/873 928/905/873
s 1
f 926/903/874 928/905/874 929/905/874
f 275/274/274 274/273/273 641/636/607
f 275/274/274 641/636/607 550/545/525
f 550/545/525 641/636/607 237/236/236
f 550/545/525 237/236/236 240/239/239
f 262/261/261 261/260/260 650/645/616
f 262/261/261 650/645/616 618/613/585
f 623/618/590 656/651/622 250/249/249
f 623/618/590 250/249/249 249/248/248
s 0
f 930/906/875 931/907/875 932/908/875
s 1
f 933/909/876 934/910/876 935/911/876
f 933/909/876 935/911/876 936/912/876
f 239/238/238 238/237/237 674/669/637
f 239/238/238 674/669/637 571/566/543
f 571/566/543 674/669/637 257/256/256
f 571/566/543 257/256/256 260/259/259
f 245/244/244 248/247/247 677/672/640
f 245/244/244 677/672/640 386/385/384
f 391/390/389 682/677/645 11/11/11
f 391/390/389 11/11/11 10/10/10
f 31/31/31 32/32/32 687/682/650
f 31/31/31 687/682/650 383/382/381
f 379/378/377 692/687/655 79/79/79
f 379/378/377 79/79/79 78/78/78
f 37/37/37 40/40/40 700/695/663
f 37/37/37 700/695/663 410/409/408
f 406/405/404 695/690/658 247/246/246
f 406/405/404 247/246/246 246/245/245
f 77/77/77 80/80/80 707/702/670
f 77/77/77 707/702/670 395/394/393
f 400/399/398 712/707/675 3/3/3
f 400/399/398 3/3/3 2/2/2
f 708/703/671 937/913/877 938/914/878
f 708/703/671 938/914/878 709/704/672
f 714/709/677 939/915/879 4/4/4
f 714/709/677 4/4/4 3/3/3
f 940/916/880 941/917/881 942/918/882
f 940/916/880 942/918/882 943/919/883
f 735/725/696 944/920/884 144/144/144
f 735/725/696 144/144/144 733/728/694
f 941/917/881 945/921/885 946/922/886
f 941/917/881 946/922/886 942/918/882
f 944/920/884 947/923/887 141/141/141
f 944/920/884 141/141/141 144/144/144
f 945/921/885 948/924/888 949/925/889
f 945/921/885 949/925/889 946/922/886
f 947/923/887 950/926/890 147/147/147
f 947/923/887 147/147/147 141/141/141
f 948/924/888 951/927/891 952/928/892
f 948/924/888 952/928/892 949/925/889
f 950/926/890 953/929/893 151/151/151
f 950/926/890 151/151/151 147/147/147
f 951/927/891 954/930/894 955/931/895
f 951/927/891 955/931/895 952/928/892
f 953/929/893 956/932/896 64/64/64
f 953/929/893 64/64/64 151/151/151
f 172/172/172 174/174/174 863/850/814
f 172/172/172 863/850/814 856/843/807
f 859/846/810 864/851/815 867/854/818
f 859/846/810 867/854/818 860/847/811
f 346/345/345 345/344/344 957/749/897
f 346/345/345 957/749/897 958/721/898
f 959/933/899 960/934/900 961/935/901
f 959/933/899 961/935/901 940/916/880
f 747/741/706 91/91/91 962/936/902
f 747/741/706 962/936/902 748/742/707
f 963/937/903 964/938/904 965/939/905
f 963/937/903 965/939/905 961/935/901
f 888/870/838 966/940/906 967/941/907
f 888/870/838 967/941/907 889/871/839
f 892/874/842 968/942/908 146/146/146
f 892/874/842 146/146/146 56/56/56
f 969/943/909 970/944/910 971/945/911
f 969/943/909 971/945/911 972/946/912
f 973/947/913 974/948/914 154/154/154
f 973/947/913 154/154/154 150/150/150
f 34/34/34 75/75/75 919/896/867
f 34/34/34 919/896/867 835/824/790
f 834/823/789 920/897/868 20/20/20
f 834/823/789 20/20/20 19/19/19
f 26/26/26 206/205/205 975/949/915
f 26/26/26 975/949/915 881/863/831
f 881/863/831 975/949/915 976/950/916
f 881/863/831 976/950/916 160/160/160
f 688/683/651 708/703/671 711/706/674
f 688/683/651 711/706/674 689/684/652
f 694/689/657 705/700/668 80/80/80
f 694/689/657 80/80/80 79/79/79
f 966/940/906 969/943/909 972/946/912
f 966/940/906 972/946/912 967/941/907
f 968/942/908 973/947/913 150/150/150
f 968/942/908 150/150/150 146/146/146
f 276/275/275 275/274/274 547/542/522
f 276/275/275 547/542/522 543/538/518
f 977/951/917 978/952/522 190/189/190
f 977/951/917 190/189/190 189/188/189
f 32/32/32 30/30/30 979/953/918
f 32/32/32 979/953/918 685/680/648
f 691/686/654 980/954/919 981/955/920
f 691/686/654 981/955/920 688/683/651
f 194/193/194 193/192/193 563/558/535
f 194/193/194 563/558/535 537/532/513
f 542/537/517 560/555/533 224/223/223
f 542/537/517 224/223/223 223/222/222
f 211/210/210 214/213/213 982/956/921
f 211/210/210 982/956/921 807/796/764
f 810/799/767 983/957/922 203/202/203
f 810/799/767 203/202/203 188/187/188
f 179/179/179 178/178/178 463/460/453
f 179/179/179 463/460/453 435/432/429
f 435/432/429 463/460/453 984/958/923
f 435/432/429 984/958/923 985/959/127
f 232/231/231 231/230/230 986/960/924
f 232/231/231 986/960/924 987/961/925
f 556/551/529 567/562/539 260/259/259
f 556/551/529 260/259/259 259/258/258
f 208/207/207 203/202/203 983/957/922
f 208/207/207 983/957/922 877/859/827
f 880/862/830 982/956/921 214/213/213
f 880/862/830 214/213/213 225/224/224
f 91/91/91 90/90/90 988/962/926
f 91/91/91 988/962/926 962/936/902
f 964/938/904 989/963/927 990/964/928
f 964/938/904 990/964/928 965/939/905
f 226/225/225 213/212/212 819/808/776
f 226/225/225 819/808/776 883/865/833
f 886/868/836 818/807/775 201/200/201
f 886/868/836 201/200/201 195/194/195
f 90/90/90 94/94/94 760/753/718
f 90/90/90 760/753/718 988/962/926
f 989/963/927 761/754/719 764/757/722
f 989/963/927 764/757/722 990/964/928
f 991/965/929 992/966/929 993/967/929
s 0
f 991/965/930 993/967/930 994/968/930
s 1
f 995/969/931 996/970/931 997/971/932
f 995/969/931 997/971/932 998/972/932
f 599/594/569 606/601/575 609/604/577
f 599/594/569 609/604/577 600/595/570
f 595/590/566 603/598/572 254/253/253
f 595/590/566 254/253/253 253/252/252
f 999/973/933 1000/974/934 1001/975/935
f 999/973/933 1001/975/935 1002/976/936
f 1002/976/936 1001/975/935 86/86/86
f 1002/976/936 86/86/86 323/322/322
f 1003/977/138 1004/978/937 1005/979/938
f 1003/977/138 1005/979/938 1006/980/939
f 1006/980/939 1005/979/938 324/323/323
f 1006/980/939 324/323/323 85/85/85
f 285/284/284 288/287/287 1007/981/940
f 285/284/284 1007/981/940 1008/982/941
f 1009/983/942 1002/976/936 323/322/322
f 1009/983/942 323/322/322 326/325/325
f 284/283/283 329/328/328 1010/984/943
f 284/283/283 1010/984/943 1011/985/944
f 1005/979/938 1012/986/945 325/324/324
f 1005/979/938 325/324/324 324/323/323
f 289/288/288 285/284/284 1008/982/941
f 289/288/288 1008/982/941 1013/987/946
f 1014/988/947 1015/989/948 321/320/320
f 1014/988/947 321/320/320 319/318/318
f 329/328/328 332/331/331 1016/990/949
f 329/328/328 1016/990/949 1010/984/943
f 1017/991/945 1018/992/950 320/319/319
f 1017/991/945 320/319/319 322/321/321
f 291/290/290 289/288/288 1013/987/946
f 291/290/290 1013/987/946 1019/993/951
f 1020/994/952 1014/988/947 319/318/318
f 1020/994/952 319/318/318 317/316/316
f 332/331/331 334/333/333 1021/995/953
f 332/331/331 1021/995/953 1016/990/949
f 1018/992/950 1022/996/954 318/317/317
f 1018/992/950 318/317/317 320/319/319
f 293/292/292 291/290/290 1019/993/951
f 293/292/292 1019/993/951 1023/997/955
f 1024/998/956 1020/994/952 317/316/316
f 1024/998/956 317/316/316 315/314/314
f 334/333/333 336/335/335 1025/999/957
f 334/333/333 1025/999/957 1021/995/953
f 1022/996/954 1026/1000/958 316/315/315
f 1022/996/954 316/315/315 318/317/317
f 282/281/281 293/292/292 1023/997/955
f 282/281/281 1023/997/955 1027/1001/959
f 1028/1002/960 1024/998/956 315/314/314
f 1028/1002/960 315/314/314 313/312/312
f 336/335/335 338/337/337 1029/1003/961
f 336/335/335 1029/1003/961 1025/999/957
f 1026/1000/958 1030/1004/962 314/313/313
f 1026/1000/958 314/313/313 316/315/315
f 280/279/279 282/281/281 1027/1001/959
f 280/279/279 1027/1001/959 1031/1005/963
f 1032/1006/964 1028/1002/960 313/312/312
f 1032/1006/964 313/312/312 311/310/310
f 338/337/337 327/326/326 1033/1007/965
f 338/337/337 1033/1007/965 1029/1003/961
f 1030/1004/962 1034/1008/966 312/311/311
f 1030/1004/962 312/311/311 314/313/313
f 52/52/52 280/279/279 1031/1005/963
f 52/52/52 1031/1005/963 1035/1009/967
f 1036/1010/968 1032/1006/964 311/310/310
f 1036/1010/968 311/310/310 43/43/43
f 327/326/326 73/73/73 1037/1011/969
f 327/326/326 1037/1011/969 1033/1007/965
f 1034/1008/966 1038/1012/970 44/44/44
f 1034/1008/966 44/44/44 312/311/311
f 279/278/278 51/51/51 1039/1013/971
f 279/278/278 1039/1013/971 1040/1014/972
f 1041/1015/973 1042/1016/974 60/60/60
f 1041/1015/973 60/60/60 301/300/300
f 74/74/74 328/327/327 1043/1017/975
f 74/74/74 1043/1017/975 1044/1018/976
f 1045/1019/977 1046/1020/978 302/301/301
f 1045/1019/977 302/301/301 59/59/59
f 281/280/280 279/278/278 1040/1014/972
f 281/280/280 1040/1014/972 1047/1021/979
f 1048/1022/980 1041/1015/973 301/300/300
f 1048/1022/980 301/300/300 304/303/303
f 328/327/327 337/336/336 1049/1023/981
f 328/327/327 1049/1023/981 1043/1017/975
f 1046/1020/978 1050/1024/982 303/302/302
f 1046/1020/978 303/302/302 302/301/301
f 294/293/293 281/280/280 1047/1021/979
f 294/293/293 1047/1021/979 1051/1025/983
f 1052/1026/984 1048/1022/980 304/303/303
f 1052/1026/984 304/303/303 306/305/305
f 337/336/336 335/334/334 1053/1027/985
f 337/336/336 1053/1027/985 1049/1023/981
f 1050/1024/982 1054/1028/986 305/304/304
f 1050/1024/982 305/304/304 303/302/302
f 292/291/291 294/293/293 1051/1025/983
f 292/291/291 1051/1025/983 1055/1029/987
f 1056/1030/988 1052/1026/984 306/305/305
f 1056/1030/988 306/305/305 308/307/307
f 335/334/334 333/332/332 1057/1031/989
f 335/334/334 1057/1031/989 1053/1027/985
f 1054/1028/986 1058/1032/990 307/306/306
f 1054/1028/986 307/306/306 305/304/304
f 290/289/289 292/291/291 1055/1029/987
f 290/289/289 1055/1029/987 1059/1033/991
f 1060/1034/992 1056/1030/988 308/307/307
f 1060/1034/992 308/307/307 310/309/309
f 333/332/332 331/330/330 1061/1035/993
f 333/332/332 1061/1035/993 1057/1031/989
f 1058/1032/990 1062/1036/994 309/308/308
f 1058/1032/990 309/308/308 307/306/306
f 286/285/285 290/289/289 1059/1033/991
f 286/285/285 1059/1033/991 1063/1037/995
f 1064/1038/996 1060/1034/992 310/309/309
f 1064/1038/996 310/309/309 295/294/294
f 331/330/330 330/329/329 1065/1039/997
f 331/330/330 1065/1039/997 1061/1035/993
f 1062/1036/994 1066/1040/998 296/295/295
f 1062/1036/994 296/295/295 309/308/308
f 287/286/286 286/285/285 1063/1037/995
f 287/286/286 1063/1037/995 1067/1041/999
f 1068/1042/1000 1069/1043/1001 1070/1044/294
f 1068/1042/1000 1070/1044/294 339/338/338
f 330/329/329 283/282/282 1071/1045/1002
f 330/329/329 1071/1045/1002 1065/1039/997
f 1072/1046/1003 1073/1047/1004 340/339/339
f 1072/1046/1003 340/339/339 1074/1048/295
f 1075/1049/1005 1076/1050/1006 1068/1042/1000
f 1075/1049/1005 1068/1042/1000 1077/1051/1007
f 1077/1051/1007 1068/1042/1000 339/338/338
f 1077/1051/1007 339/338/338 163/163/163
f 1078/1052/1008 1079/1053/1009 1080/1054/1010
f 1078/1052/1008 1080/1054/1010 1073/1047/1004
f 1073/1047/1004 1080/1054/1010 164/164/164
f 1073/1047/1004 164/164/164 340/339/339
f 43/43/43 42/42/42 1081/414/1011
f 43/43/43 1081/414/1011 1036/1010/968
f 1035/1009/967 421/419/417 49/49/49
f 1035/1009/967 49/49/49 52/52/52
f 57/57/57 60/60/60 1042/1016/974
f 57/57/57 1042/1016/974 1082/494/1012
f 503/499/485 1039/1013/971 51/51/51
f 503/499/485 51/51/51 50/50/50
f 476/473/139 1003/977/138 1006/980/939
f 476/473/139 1006/980/939 477/474/466
f 477/474/466 1006/980/939 85/85/85
f 477/474/466 85/85/85 88/88/88
f 1000/974/934 481/478/467 484/481/470
f 1000/974/934 484/481/470 1001/975/935
f 1001/975/935 484/481/470 87/87/87
f 1001/975/935 87/87/87 86/86/86
f 73/73/73 72/72/72 434/431/428
f 73/73/73 434/431/428 1037/1011/969
f 1038/1012/970 1083/426/1013 41/41/41
f 1038/1012/970 41/41/41 44/44/44
f 163/163/163 166/166/166 506/502/488
f 163/163/163 506/502/488 1077/1051/1007
f 1077/1051/1007 506/502/488 1084/1055/1014
f 1077/1051/1007 1084/1055/1014 1075/1049/1005
f 59/59/59 58/58/58 1085/513/1015
f 59/59/59 1085/513/1015 1045/1019/977
f 1044/1018/976 523/518/501 71/71/71
f 1044/1018/976 71/71/71 74/74/74
f 165/165/165 164/164/164 1080/1054/1010
f 165/165/165 1080/1054/1010 526/521/503
f 526/521/503 1080/1054/1010 1079/1053/1009
f 526/521/503 1079/1053/1009 1086/1056/140
f 348/347/347 157/157/157 1087/1057/1016
f 348/347/347 1087/1057/1016 1088/1058/1017
f 1089/1059/1018 1090/1060/1019 122/122/122
f 1089/1059/1018 122/122/122 367/366/365
f 62/62/62 350/349/349 1091/1061/1020
f 62/62/62 1091/1061/1020 1092/1062/1021
f 1093/1063/1022 1094/1064/1023 368/367/366
f 1093/1063/1022 368/367/366 121/121/121
f 300/299/299 348/347/347 1088/1058/1017
f 300/299/299 1088/1058/1017 1095/1065/1024
f 1096/1066/1025 1097/1067/1026 1098/1068/365
f 1096/1066/1025 1098/1068/365 365/364/363
f 350/349/349 373/372/371 1099/1069/1027
f 350/349/349 1099/1069/1027 1091/1061/1020
f 1100/1070/1023 1101/1071/1027 366/365/364
f 1100/1070/1023 366/365/364 1102/1072/1028
f 1103/1073/176 1104/1074/299 1096/1066/1025
f 1103/1073/176 1096/1066/1025 1105/1075/1029
f 1105/1075/1029 1096/1066/1025 365/364/363
f 1105/1075/1029 365/364/363 129/129/129
f 1106/1076/371 1107/1077/1030 1108/1078/1031
f 1106/1076/371 1108/1078/1031 1101/1071/1027
f 1101/1071/1027 1108/1078/1031 130/130/130
f 1101/1071/1027 130/130/130 366/365/364
f 354/353/353 68/68/68 1109/1079/1032
f 354/353/353 1109/1079/1032 1110/1080/1033
f 1111/1081/1034 1112/1082/1035 120/120/120
f 1111/1081/1034 120/120/120 361/360/360
f 155/155/155 356/355/355 1113/1083/1036
f 155/155/155 1113/1083/1036 1114/1084/1037
f 1115/1085/1038 1116/1086/1039 362/361/361
f 1115/1085/1038 362/361/361 119/119/119
f 351/350/350 354/353/353 1110/1080/1033
f 351/350/350 1110/1080/1033 1117/1087/1040
f 1118/1088/1040 1119/1089/1041 1120/1090/1042
f 1118/1088/1040 1120/1090/1042 357/356/356
f 356/355/355 371/370/369 1121/1091/1043
f 356/355/355 1121/1091/1043 1113/1083/1036
f 1122/1092/1044 1123/1093/1043 358/357/357
f 1122/1092/1044 358/357/357 1124/1094/1045
f 1125/1095/1046 1126/1096/1047 1118/1088/1040
f 1125/1095/1046 1118/1088/1040 1127/1097/1048
f 1127/1097/1048 1118/1088/1040 357/356/356
f 1127/1097/1048 357/356/356 360/359/359
f 1128/1098/1049 1129/1099/276 1130/1100/1050
f 1128/1098/1049 1130/1100/1050 1123/1093/1043
f 1123/1093/1043 1130/1100/1050 359/358/358
f 1123/1093/1043 359/358/358 358/357/357
f 1131/1101/1051 1132/1102/1052 1133/1103/1053
f 1131/1101/1051 1133/1103/1053 1134/1104/1054
f 1135/1105/1055 1136/1106/1056 352/351/351
f 1135/1105/1055 352/351/351 66/66/66
f 1132/1102/1052 1137/1107/1057 1138/1108/1058
f 1132/1102/1052 1138/1108/1058 1133/1103/1053
f 1136/1106/1056 1139/1109/1059 353/352/352
f 1136/1106/1056 353/352/352 352/351/351
f 1137/1107/1057 1140/1110/1060 1141/1111/1061
f 1137/1107/1057 1141/1111/1061 1138/1108/1058
f 1139/1109/1059 1142/1112/1062 69/69/69
f 1139/1109/1059 69/69/69 353/352/352
f 1143/1113/1063 1144/1114/1064 1145/1115/1065
f 1143/1113/1063 1145/1115/1065 1146/1116/1066
f 1147/1117/1067 1148/1118/1068 299/298/298
f 1147/1117/1067 299/298/298 175/175/175
f 1144/1114/1064 1149/1119/1069 1150/1120/1070
f 1144/1114/1064 1150/1120/1070 1145/1115/1065
f 1148/1118/1068 1151/1121/1071 347/346/346
f 1148/1118/1068 347/346/346 299/298/298
f 1149/1119/1069 1152/1122/1072 1153/1123/1073
f 1149/1119/1069 1153/1123/1073 1150/1120/1070
f 1151/1121/1071 1154/1124/1074 158/158/158
f 1151/1121/1071 158/158/158 347/346/346
f 1155/1125/1075 1156/1126/1076 1157/1127/1077
f 1155/1125/1075 1157/1127/1077 1158/1128/1078
f 1159/1129/1079 1160/1130/1080 355/354/354
f 1159/1129/1079 355/354/354 156/156/156
f 1156/1126/1076 1161/1131/1081 1162/1132/1082
f 1156/1126/1076 1162/1132/1082 1157/1127/1077
f 1160/1130/1080 1163/1133/1083 372/371/370
f 1160/1130/1080 372/371/370 355/354/354
f 1161/1131/1081 1164/1134/1084 1165/1135/1085
f 1161/1131/1081 1165/1135/1085 1162/1132/1082
f 1163/1133/1083 1166/1136/1086 278/277/277
f 1163/1133/1083 278/277/277 372/371/370
f 1167/1137/1087 1168/1138/1088 1169/1139/1089
f 1167/1137/1087 1169/1139/1089 1170/1140/1090
f 1171/1141/1091 1172/1142/1092 349/348/348
f 1171/1141/1091 349/348/348 61/61/61
f 1168/1138/1088 1173/1143/1093 1174/1144/1094
f 1168/1138/1088 1174/1144/1094 1169/1139/1089
f 1172/1142/1092 1175/1145/1095 374/373/372
f 1172/1142/1092 374/373/372 349/348/348
f 1173/1143/1093 1176/1146/1096 1177/1147/1097
f 1173/1143/1093 1177/1147/1097 1174/1144/1094
f 1175/1145/1095 1178/1148/1098 29/29/29
f 1175/1145/1095 29/29/29 374/373/372
f 1107/1077/1030 441/438/434 438/435/432
f 1107/1077/1030 438/435/432 1108/1078/1031
f 1108/1078/1031 438/435/432 127/127/127
f 1108/1078/1031 127/127/127 130/130/130
f 464/461/454 1103/1073/176 1105/1075/1029
f 464/461/454 1105/1075/1029 465/462/455
f 465/462/455 1105/1075/1029 129/129/129
f 465/462/455 129/129/129 128/128/128
f 118/118/118 122/122/122 1090/1060/1019
f 118/118/118 1090/1060/1019 775/768/733
f 776/769/734 1087/1057/1016 157/157/157
f 776/769/734 157/157/157 97/97/97
f 1152/1122/1072 782/775/740 781/774/739
f 1152/1122/1072 781/774/739 1153/1123/1073
f 1154/1124/1074 780/773/738 98/98/98
f 1154/1124/1074 98/98/98 158/158/158
f 63/63/63 62/62/62 1092/1062/1021
f 63/63/63 1092/1062/1021 910/887/859
f 911/888/860 1093/1063/1022 121/121/121
f 911/888/860 121/121/121 117/117/117
f 937/913/877 1143/1113/1063 1146/1116/1066
f 937/913/877 1146/1116/1066 938/914/878
f 939/915/879 1147/1117/1067 175/175/175
f 939/915/879 175/175/175 4/4/4
f 954/930/894 1167/1137/1087 1170/1140/1090
f 954/930/894 1170/1140/1090 955/931/895
f 956/932/896 1171/1141/1091 61/61/61
f 956/932/896 61/61/61 64/64/64
f 1176/1146/1096 981/955/920 980/954/919
f 1176/1146/1096 980/954/919 1177/1147/1097
f 1178/1148/1098 979/953/918 30/30/30
f 1178/1148/1098 30/30/30 29/29/29
f 68/68/68 67/67/67 790/783/748
f 68/68/68 790/783/748 1109/1079/1032
f 1112/1082/1035 787/780/745 116/116/116
f 1112/1082/1035 116/116/116 120/120/120
f 153/153/153 155/155/155 1114/1084/1037
f 153/153/153 1114/1084/1037 912/889/861
f 913/890/862 1115/1085/1038 119/119/119
f 913/890/862 119/119/119 115/115/115
f 360/359/359 376/375/374 454/451/447
f 360/359/359 454/451/447 1127/1097/1048
f 1127/1097/1048 454/451/447 1179/1149/1099
f 1127/1097/1048 1179/1149/1099 1125/1095/1046
f 845/834/796 1131/1101/1051 1134/1104/1054
f 845/834/796 1134/1104/1054 846/835/797
f 847/836/798 1135/1105/1055 66/66/66
f 847/836/798 66/66/66 12/12/12
f 1129/1099/276 1180/1150/38 443/440/436
f 1129/1099/276 443/440/436 1130/1100/1050
f 1130/1100/1050 443/440/436 375/374/373
f 1130/1100/1050 375/374/373 359/358/358
f 1140/1110/1060 866/853/817 865/852/816
f 1140/1110/1060 865/852/816 1141/1111/1061
f 1142/1112/1062 862/849/813 70/70/70
f 1142/1112/1062 70/70/70 69/69/69
f 970/944/910 1155/1125/1075 1158/1128/1078
f 970/944/910 1158/1128/1078 971/945/911
f 974/948/914 1159/1129/1079 156/156/156
f 974/948/914 156/156/156 154/154/154
f 1164/1134/1084 875/857/825 874/856/824
f 1164/1134/1084 874/856/824 1165/1135/1085
f 1166/1136/1086 873/855/823 39/39/39
f 1166/1136/1086 39/39/39 278/277/277
f 211/210/210 192/191/192 191/190/191
f 211/210/210 191/190/191 212/211/211
f 688/683/651 1181/913/1100 708/703/671
f 1181/913/1100 688/683/651 1143/1113/1063
f 1143/1113/1063 688/683/651 1144/1114/1064
f 1144/1114/1064 688/683/651 1149/1119/1069
f 1149/1119/1069 688/683/651 1152/1122/1072
f 1152/1122/1072 688/683/651 782/775/740
f 782/775/740 688/683/651 763/756/721
f 763/756/721 688/683/651 764/757/722
f 764/757/722 688/683/651 990/964/928
f 990/964/928 688/683/651 1168/1138/1088
f 990/964/928 1168/1138/1088 1167/1137/1087
f 990/964/928 1167/1137/1087 954/930/894
f 990/964/928 954/930/894 951/927/891
f 990/964/928 951/927/891 948/924/888
f 990/964/928 948/924/888 945/921/885
f 1168/1138/1088 688/683/651 1173/1143/1093
f 1173/1143/1093 688/683/651 1176/1146/1096
f 1176/1146/1096 688/683/651 1182/955/1101
f 965/939/905 940/916/880 961/935/901
f 940/916/880 965/939/905 990/964/928
f 940/916/880 990/964/928 941/917/881
f 941/917/881 990/964/928 945/921/885
f 54/54/54 740/734/701 55/55/55
f 740/734/701 54/54/54 532/527/509
f 740/734/701 532/527/509 747/741/706
f 747/741/706 92/92/92 91/91/91
f 92/92/92 747/741/706 472/469/462
f 472/469/462 747/741/706 532/527/509
f 143/143/143 733/728/694 144/144/144
f 733/728/694 143/143/143 485/482/471
f 733/728/694 485/482/471 718/713/681
f 718/713/681 167/167/167 170/170/170
f 167/167/167 718/713/681 510/506/491
f 510/506/491 718/713/681 485/482/471
f 855/717/806 887/869/837 868/730/819
f 887/869/837 855/717/806 888/870/838
f 888/870/838 855/717/806 854/842/805
f 888/870/838 854/842/805 861/848/812
f 1183/857/1102 678/673/641 701/696/664
f 678/673/641 1183/857/1102 1164/1134/1084
f 678/673/641 1164/1134/1084 1161/1131/1081
f 678/673/641 1161/1131/1081 1156/1126/1076
f 678/673/641 1156/1126/1076 1155/1125/1075
f 678/673/641 1155/1125/1075 970/944/910
f 678/673/641 970/944/910 969/943/909
f 678/673/641 969/943/909 966/940/906
f 678/673/641 966/940/906 888/870/838
f 678/673/641 888/870/838 1137/1107/1057
f 1137/1107/1057 888/870/838 1140/1110/1060
f 1140/1110/1060 888/870/838 866/853/817
f 866/853/817 888/870/838 867/854/818
f 867/854/818 888/870/838 860/847/811
f 860/847/811 888/870/838 861/848/812
f 678/673/641 1137/1107/1057 1132/1102/1052
f 678/673/641 1132/1102/1052 1131/1101/1051
f 678/673/641 1131/1101/1051 1184/834/1102
